{"type":"FeatureCollection","features":[{"type":"Feature","properties":{"n":10,"s":18.0},"geometry":{"type":"LineString","coordinates":[[-73.9541,40.77467],[-73.95414,40.77461],[-73.95444,40.7742],[-73.95452,40.77409],[-73.95457,40.77402]]}},{"type":"Feature","properties":{"n":16,"s":30.1},"geometry":{"type":"LineString","coordinates":[[-73.95218,40.77303],[-73.95214,40.77308],[-73.95183,40.7735],[-73.95176,40.77361],[-73.95172,40.77366]]}},{"type":"Feature","properties":{"n":15,"s":30.7},"geometry":{"type":"LineString","coordinates":[[-73.95172,40.77366],[-73.95168,40.77372],[-73.9513,40.77424],[-73.95126,40.77429]]}},{"type":"Feature","properties":{"n":15,"s":30.7},"geometry":{"type":"LineString","coordinates":[[-73.95126,40.77429],[-73.95122,40.77435],[-73.9509,40.77478],[-73.95084,40.77487],[-73.9508,40.77493]]}},{"type":"Feature","properties":{"n":15,"s":30.7},"geometry":{"type":"LineString","coordinates":[[-73.9508,40.77493],[-73.95075,40.77499],[-73.95037,40.77551],[-73.95033,40.77556]]}},{"type":"Feature","properties":{"n":15,"s":30.7},"geometry":{"type":"LineString","coordinates":[[-73.95033,40.77556],[-73.95028,40.77563],[-73.94999,40.77604],[-73.94991,40.77615],[-73.94987,40.77619]]}},{"type":"Feature","properties":{"n":15,"s":30.7},"geometry":{"type":"LineString","coordinates":[[-73.94987,40.77619],[-73.94983,40.77625],[-73.9497,40.77643],[-73.94962,40.77655],[-73.94944,40.77679],[-73.94937,40.77689]]}},{"type":"Feature","properties":{"n":13,"s":32.1},"geometry":{"type":"LineString","coordinates":[[-73.94937,40.77689],[-73.9493,40.77698],[-73.94899,40.77739],[-73.94898,40.77742],[-73.94892,40.7775],[-73.94888,40.77755]]}},{"type":"Feature","properties":{"n":12,"s":32.0},"geometry":{"type":"LineString","coordinates":[[-73.94888,40.77755],[-73.94883,40.77762],[-73.94846,40.77813],[-73.94843,40.77818]]}},{"type":"Feature","properties":{"n":12,"s":32.0},"geometry":{"type":"LineString","coordinates":[[-73.94843,40.77818],[-73.94838,40.77824],[-73.94807,40.77865],[-73.948,40.77875],[-73.94795,40.77882]]}},{"type":"Feature","properties":{"n":12,"s":32.0},"geometry":{"type":"LineString","coordinates":[[-73.94795,40.77882],[-73.94791,40.77887],[-73.94754,40.77938],[-73.9475,40.77943]]}},{"type":"Feature","properties":{"n":38,"s":15.3},"geometry":{"type":"LineString","coordinates":[[-73.99123,40.72775],[-73.99119,40.7278],[-73.99117,40.72783],[-73.991,40.72806],[-73.99085,40.72827],[-73.99084,40.72829],[-73.99079,40.72836]]}},{"type":"Feature","properties":{"n":23,"s":14.6},"geometry":{"type":"LineString","coordinates":[[-73.99079,40.72836],[-73.99091,40.72841],[-73.99098,40.72843],[-73.99102,40.72845],[-73.99105,40.72847],[-73.99107,40.72849],[-73.99109,40.72851],[-73.9911,40.72854],[-73.99112,40.72856],[-73.99113,40.72859],[-73.99113,40.72861],[-73.99114,40.72865],[-73.99114,40.72867],[-73.99113,40.7287],[-73.99097,40.72922],[-73.99079,40.72975],[-73.99078,40.72979],[-73.99074,40.72989]]}},{"type":"Feature","properties":{"n":23,"s":14.6},"geometry":{"type":"LineString","coordinates":[[-73.99074,40.72989],[-73.99071,40.72996],[-73.99052,40.73046],[-73.99051,40.73049],[-73.99049,40.73058]]}},{"type":"Feature","properties":{"n":21,"s":15.8},"geometry":{"type":"LineString","coordinates":[[-73.99049,40.73058],[-73.99048,40.73064],[-73.99043,40.73084],[-73.99045,40.73101]]}},{"type":"Feature","properties":{"n":27,"s":17.0},"geometry":{"type":"LineString","coordinates":[[-73.99045,40.73101],[-73.99041,40.73118],[-73.9904,40.73122],[-73.99039,40.73129]]}},{"type":"Feature","properties":{"n":27,"s":17.0},"geometry":{"type":"LineString","coordinates":[[-73.99039,40.73129],[-73.99037,40.73137],[-73.99024,40.73186],[-73.99024,40.7319],[-73.99022,40.73197]]}},{"type":"Feature","properties":{"n":30,"s":16.8},"geometry":{"type":"LineString","coordinates":[[-73.99022,40.73197],[-73.9902,40.73204],[-73.99017,40.73216],[-73.9901,40.73245],[-73.99005,40.73264],[-73.99004,40.73269],[-73.99003,40.73276]]}},{"type":"Feature","properties":{"n":32,"s":16.9},"geometry":{"type":"LineString","coordinates":[[-73.99003,40.73276],[-73.99001,40.73282],[-73.98987,40.7334],[-73.98986,40.73345],[-73.98985,40.73352]]}},{"type":"Feature","properties":{"n":35,"s":17.3},"geometry":{"type":"LineString","coordinates":[[-73.98985,40.73352],[-73.98984,40.73359],[-73.98984,40.73366],[-73.98983,40.73392],[-73.98983,40.73397],[-73.98984,40.73403],[-73.98984,40.73407],[-73.98987,40.73426],[-73.98987,40.73431],[-73.98989,40.73443]]}},{"type":"Feature","properties":{"n":43,"s":16.8},"geometry":{"type":"LineString","coordinates":[[-73.98989,40.73443],[-73.98991,40.73454],[-73.98996,40.73492],[-73.98996,40.73496],[-73.98997,40.735],[-73.98997,40.73504],[-73.98997,40.73507],[-73.98996,40.73511],[-73.98995,40.73514],[-73.98994,40.73518],[-73.98992,40.73521],[-73.98991,40.73524],[-73.9899,40.73526],[-73.98987,40.73532]]}},{"type":"Feature","properties":{"n":43,"s":16.8},"geometry":{"type":"LineString","coordinates":[[-73.98987,40.73532],[-73.98985,40.73536],[-73.98983,40.73539],[-73.98982,40.73541],[-73.98957,40.73575],[-73.98952,40.73581],[-73.98948,40.73586],[-73.98945,40.73591],[-73.98941,40.73597]]}},{"type":"Feature","properties":{"n":43,"s":16.8},"geometry":{"type":"LineString","coordinates":[[-73.98941,40.73597],[-73.98936,40.73603],[-73.98905,40.73645],[-73.98901,40.7365],[-73.98898,40.73654]]}},{"type":"Feature","properties":{"n":28,"s":18.4},"geometry":{"type":"LineString","coordinates":[[-73.98898,40.73654],[-73.98893,40.7366],[-73.98863,40.73702],[-73.98861,40.73704],[-73.98858,40.73708],[-73.98854,40.73714]]}},{"type":"Feature","properties":{"n":34,"s":17.6},"geometry":{"type":"LineString","coordinates":[[-73.98854,40.73714],[-73.9885,40.73719],[-73.98829,40.73749],[-73.98818,40.73763],[-73.98815,40.73767],[-73.98812,40.73772]]}},{"type":"Feature","properties":{"n":34,"s":17.6},"geometry":{"type":"LineString","coordinates":[[-73.98812,40.73772],[-73.98807,40.73778],[-73.98776,40.73821],[-73.98773,40.73825],[-73.98769,40.7383]]}},{"type":"Feature","properties":{"n":35,"s":18.1},"geometry":{"type":"LineString","coordinates":[[-73.98769,40.7383],[-73.98765,40.73836],[-73.98733,40.7388],[-73.9873,40.73884],[-73.98726,40.7389]]}},{"type":"Feature","properties":{"n":37,"s":17.9},"geometry":{"type":"LineString","coordinates":[[-73.98726,40.7389],[-73.98722,40.73895],[-73.98707,40.73916],[-73.98688,40.73942],[-73.98685,40.73946],[-73.98681,40.73951]]}},{"type":"Feature","properties":{"n":37,"s":17.9},"geometry":{"type":"LineString","coordinates":[[-73.98681,40.73951],[-73.98677,40.73956],[-73.98658,40.73983],[-73.98651,40.73991],[-73.98641,40.74003],[-73.98637,40.74007],[-73.9863,40.74017]]}},{"type":"Feature","properties":{"n":37,"s":17.9},"geometry":{"type":"LineString","coordinates":[[-73.9863,40.74017],[-73.98624,40.74026],[-73.98612,40.74042],[-73.98589,40.74074],[-73.98586,40.74078],[-73.98583,40.74083]]}},{"type":"Feature","properties":{"n":38,"s":18.0},"geometry":{"type":"LineString","coordinates":[[-73.98583,40.74083],[-73.98578,40.74089],[-73.98544,40.74136],[-73.98541,40.74139],[-73.98537,40.74145]]}},{"type":"Feature","properties":{"n":38,"s":18.0},"geometry":{"type":"LineString","coordinates":[[-73.98537,40.74145],[-73.98533,40.74151],[-73.98499,40.74198],[-73.98496,40.74201],[-73.98492,40.74207]]}},{"type":"Feature","properties":{"n":36,"s":18.3},"geometry":{"type":"LineString","coordinates":[[-73.98492,40.74207],[-73.98488,40.74213],[-73.98472,40.74234],[-73.98454,40.7426],[-73.98451,40.74263],[-73.98447,40.74269]]}},{"type":"Feature","properties":{"n":36,"s":18.0},"geometry":{"type":"LineString","coordinates":[[-73.98447,40.74269],[-73.98443,40.74275],[-73.98409,40.74321],[-73.98406,40.74326],[-73.98402,40.74331]]}},{"type":"Feature","properties":{"n":41,"s":18.3},"geometry":{"type":"LineString","coordinates":[[-73.98402,40.74331],[-73.98398,40.74336],[-73.98364,40.74383],[-73.98361,40.74387],[-73.98357,40.74393]]}},{"type":"Feature","properties":{"n":37,"s":16.3},"geometry":{"type":"LineString","coordinates":[[-73.99202,40.72563],[-73.992,40.7257],[-73.99199,40.72572],[-73.99179,40.72626],[-73.99178,40.7263],[-73.99175,40.72638]]}},{"type":"Feature","properties":{"n":25,"s":15.8},"geometry":{"type":"LineString","coordinates":[[-73.99175,40.72638],[-73.99172,40.72645],[-73.99157,40.72688],[-73.99156,40.72695],[-73.99156,40.72702],[-73.99155,40.72709]]}},{"type":"Feature","properties":{"n":33,"s":15.7},"geometry":{"type":"LineString","coordinates":[[-73.99155,40.72709],[-73.99152,40.72715],[-73.9915,40.7272],[-73.99144,40.72738],[-73.9914,40.7275],[-73.99139,40.72752],[-73.99138,40.72755],[-73.99136,40.72757],[-73.99135,40.72759],[-73.99131,40.72765],[-73.99128,40.72769],[-73.99123,40.72775]]}},{"type":"Feature","properties":{"n":15,"s":16.4},"geometry":{"type":"LineString","coordinates":[[-73.99079,40.72836],[-73.99074,40.72842],[-73.99071,40.72846],[-73.99059,40.72863],[-73.99044,40.72884],[-73.99041,40.72888],[-73.99037,40.72894]]}},{"type":"Feature","properties":{"n":18,"s":16.4},"geometry":{"type":"LineString","coordinates":[[-73.99037,40.72894],[-73.99032,40.729],[-73.99029,40.72904],[-73.99022,40.72913],[-73.98999,40.72945],[-73.98996,40.7295],[-73.9899,40.72957]]}},{"type":"Feature","properties":{"n":33,"s":15.7},"geometry":{"type":"LineString","coordinates":[[-73.9899,40.72957],[-73.98985,40.72964],[-73.98982,40.72968],[-73.98969,40.72986]]}},{"type":"Feature","properties":{"n":14,"s":16.3},"geometry":{"type":"LineString","coordinates":[[-73.98969,40.72986],[-73.98951,40.72987],[-73.98914,40.7299],[-73.98906,40.7299],[-73.98892,40.72992]]}},{"type":"Feature","properties":{"n":14,"s":16.3},"geometry":{"type":"LineString","coordinates":[[-73.98892,40.72992],[-73.9888,40.72993],[-73.9886,40.72994]]}},{"type":"Feature","properties":{"n":14,"s":16.3},"geometry":{"type":"LineString","coordinates":[[-73.9886,40.72994],[-73.98773,40.72999],[-73.98771,40.72999],[-73.98768,40.73],[-73.98765,40.73],[-73.98763,40.73001],[-73.9876,40.73002],[-73.98757,40.73003],[-73.98755,40.73005],[-73.98752,40.73007]]}},{"type":"Feature","properties":{"n":17,"s":15.9},"geometry":{"type":"LineString","coordinates":[[-73.98752,40.73007],[-73.98702,40.72986],[-73.98698,40.72985],[-73.98693,40.72983],[-73.98681,40.72978]]}},{"type":"Feature","properties":{"n":16,"s":16.5},"geometry":{"type":"LineString","coordinates":[[-73.98681,40.72978],[-73.98668,40.72973],[-73.98465,40.72887],[-73.98458,40.72884],[-73.98444,40.72878]]}},{"type":"Feature","properties":{"n":18,"s":18.7},"geometry":{"type":"LineString","coordinates":[[-73.98444,40.72878],[-73.9844,40.72883],[-73.9842,40.72911],[-73.98403,40.72933],[-73.984,40.72937]]}},{"type":"Feature","properties":{"n":18,"s":18.7},"geometry":{"type":"LineString","coordinates":[[-73.984,40.72937],[-73.98396,40.72943],[-73.98379,40.72966],[-73.98358,40.72996],[-73.98354,40.73002]]}},{"type":"Feature","properties":{"n":20,"s":19.7},"geometry":{"type":"LineString","coordinates":[[-73.98354,40.73002],[-73.9835,40.73007],[-73.98321,40.73047],[-73.9831,40.7306],[-73.98306,40.73065]]}},{"type":"Feature","properties":{"n":21,"s":20.0},"geometry":{"type":"LineString","coordinates":[[-73.98306,40.73065],[-73.98302,40.73071],[-73.98282,40.731],[-73.98263,40.73127],[-73.98256,40.73135]]}},{"type":"Feature","properties":{"n":33,"s":21.4},"geometry":{"type":"LineString","coordinates":[[-73.98256,40.73135],[-73.98251,40.73142],[-73.9822,40.73185],[-73.98215,40.7319],[-73.9821,40.73198],[-73.98206,40.73203]]}},{"type":"Feature","properties":{"n":33,"s":21.4},"geometry":{"type":"LineString","coordinates":[[-73.98206,40.73203],[-73.98201,40.73209],[-73.98184,40.73233],[-73.98164,40.73261],[-73.9816,40.73266]]}},{"type":"Feature","properties":{"n":33,"s":21.4},"geometry":{"type":"LineString","coordinates":[[-73.9816,40.73266],[-73.98155,40.73273],[-73.98146,40.73285],[-73.98141,40.73292],[-73.9813,40.73307],[-73.9812,40.7332],[-73.98115,40.73326]]}},{"type":"Feature","properties":{"n":33,"s":21.4},"geometry":{"type":"LineString","coordinates":[[-73.98115,40.73326],[-73.98112,40.73331],[-73.98091,40.7336],[-73.98078,40.73376],[-73.98074,40.73383]]}},{"type":"Feature","properties":{"n":32,"s":21.8},"geometry":{"type":"LineString","coordinates":[[-73.98074,40.73383],[-73.9807,40.73388],[-73.98044,40.73425],[-73.98035,40.73437],[-73.98031,40.73443]]}},{"type":"Feature","properties":{"n":32,"s":21.8},"geometry":{"type":"LineString","coordinates":[[-73.98031,40.73443],[-73.98027,40.73448],[-73.97998,40.73489],[-73.97994,40.73494],[-73.97989,40.73501]]}},{"type":"Feature","properties":{"n":32,"s":21.8},"geometry":{"type":"LineString","coordinates":[[-73.97989,40.73501],[-73.97984,40.73508],[-73.97969,40.73529],[-73.97966,40.73533],[-73.9796,40.73541],[-73.9795,40.73555],[-73.97945,40.73561]]}},{"type":"Feature","properties":{"n":31,"s":22.1},"geometry":{"type":"LineString","coordinates":[[-73.97945,40.73561],[-73.97941,40.73566],[-73.97915,40.73603],[-73.97906,40.73616],[-73.97901,40.73622]]}},{"type":"Feature","properties":{"n":31,"s":22.1},"geometry":{"type":"LineString","coordinates":[[-73.97901,40.73622],[-73.97899,40.73629],[-73.97892,40.73638],[-73.97861,40.7368],[-73.97854,40.7369]]}},{"type":"Feature","properties":{"n":33,"s":21.3},"geometry":{"type":"LineString","coordinates":[[-73.97854,40.7369],[-73.97847,40.73699],[-73.97831,40.73722],[-73.97826,40.73728],[-73.9781,40.73749],[-73.97805,40.73756]]}},{"type":"Feature","properties":{"n":33,"s":21.3},"geometry":{"type":"LineString","coordinates":[[-73.97805,40.73756],[-73.97801,40.73762],[-73.97774,40.73798],[-73.9777,40.73804],[-73.97764,40.73812],[-73.9776,40.73817]]}},{"type":"Feature","properties":{"n":30,"s":21.6},"geometry":{"type":"LineString","coordinates":[[-73.9776,40.73817],[-73.97756,40.73823],[-73.9773,40.73859],[-73.97719,40.73874],[-73.97715,40.7388]]}},{"type":"Feature","properties":{"n":30,"s":21.6},"geometry":{"type":"LineString","coordinates":[[-73.97715,40.7388],[-73.9771,40.73886],[-73.97677,40.73932],[-73.97674,40.73936],[-73.97666,40.73947],[-73.97639,40.73984],[-73.97629,40.73998],[-73.97625,40.74004]]}},{"type":"Feature","properties":{"n":31,"s":21.2},"geometry":{"type":"LineString","coordinates":[[-73.97625,40.74004],[-73.97621,40.74009],[-73.97614,40.74018]]}},{"type":"Feature","properties":{"n":31,"s":21.2},"geometry":{"type":"LineString","coordinates":[[-73.97614,40.74018],[-73.97594,40.74045],[-73.97591,40.74049],[-73.97583,40.74059],[-73.97579,40.74065]]}},{"type":"Feature","properties":{"n":7,"s":17.0},"geometry":{"type":"LineString","coordinates":[[-73.99399,40.7203],[-73.99393,40.72046],[-73.99377,40.72086],[-73.99376,40.7209],[-73.99374,40.72094]]}},{"type":"Feature","properties":{"n":9,"s":17.8},"geometry":{"type":"LineString","coordinates":[[-73.99374,40.72094],[-73.99373,40.721],[-73.99372,40.72102],[-73.99352,40.72153],[-73.9935,40.72157],[-73.99348,40.72163]]}},{"type":"Feature","properties":{"n":8,"s":18.4},"geometry":{"type":"LineString","coordinates":[[-73.99348,40.72163],[-73.99347,40.72167],[-73.99324,40.72227],[-73.99323,40.72231],[-73.99322,40.72235]]}},{"type":"Feature","properties":{"n":8,"s":18.4},"geometry":{"type":"LineString","coordinates":[[-73.99322,40.72235],[-73.9932,40.7224],[-73.99303,40.72281]]}},{"type":"Feature","properties":{"n":8,"s":15.8},"geometry":{"type":"LineString","coordinates":[[-73.99303,40.72281],[-73.99283,40.72335],[-73.99262,40.72391],[-73.9926,40.72396],[-73.99257,40.72406]]}},{"type":"Feature","properties":{"n":8,"s":15.8},"geometry":{"type":"LineString","coordinates":[[-73.99257,40.72406],[-73.99253,40.7242]]}},{"type":"Feature","properties":{"n":11,"s":16.7},"geometry":{"type":"LineString","coordinates":[[-73.99253,40.7242],[-73.9925,40.72428],[-73.99249,40.72431],[-73.99233,40.72478],[-73.99231,40.72482],[-73.99229,40.72489]]}},{"type":"Feature","properties":{"n":31,"s":16.5},"geometry":{"type":"LineString","coordinates":[[-73.99229,40.72489],[-73.99227,40.72494],[-73.99221,40.72512],[-73.99219,40.72517],[-73.99217,40.72523]]}},{"type":"Feature","properties":{"n":34,"s":16.5},"geometry":{"type":"LineString","coordinates":[[-73.99217,40.72523],[-73.99214,40.72529],[-73.99208,40.72548],[-73.99207,40.72551],[-73.99205,40.72556],[-73.99202,40.72563]]}},{"type":"Feature","properties":{"n":20,"s":15.4},"geometry":{"type":"LineString","coordinates":[[-73.98969,40.72986],[-73.98956,40.73004],[-73.98953,40.73009],[-73.98948,40.73015]]}},{"type":"Feature","properties":{"n":16,"s":16.9},"geometry":{"type":"LineString","coordinates":[[-73.98948,40.73015],[-73.98945,40.7302],[-73.98941,40.73024],[-73.98916,40.73059],[-73.98913,40.73063],[-73.9891,40.73067],[-73.98906,40.73073]]}},{"type":"Feature","properties":{"n":16,"s":16.9},"geometry":{"type":"LineString","coordinates":[[-73.98906,40.73073],[-73.98902,40.73078],[-73.98899,40.73083],[-73.9887,40.73123],[-73.98866,40.73127],[-73.98862,40.73133]]}},{"type":"Feature","properties":{"n":18,"s":15.4},"geometry":{"type":"LineString","coordinates":[[-73.98862,40.73133],[-73.98858,40.73139],[-73.98854,40.73143],[-73.98823,40.73187],[-73.9882,40.73191],[-73.98816,40.73197]]}},{"type":"Feature","properties":{"n":28,"s":15.2},"geometry":{"type":"LineString","coordinates":[[-73.98816,40.73197],[-73.98811,40.73202],[-73.98808,40.73207],[-73.98776,40.73251],[-73.98773,40.73255],[-73.98768,40.73262]]}},{"type":"Feature","properties":{"n":26,"s":15.4},"geometry":{"type":"LineString","coordinates":[[-73.98768,40.73262],[-73.98765,40.73267],[-73.98761,40.73271],[-73.98745,40.73294],[-73.98729,40.73315],[-73.98725,40.7332],[-73.98719,40.7333]]}},{"type":"Feature","properties":{"n":27,"s":17.3},"geometry":{"type":"LineString","coordinates":[[-73.98719,40.7333],[-73.98712,40.73339],[-73.98708,40.73344],[-73.98697,40.7336],[-73.98686,40.73375],[-73.98676,40.73388],[-73.98673,40.73393],[-73.98669,40.73398]]}},{"type":"Feature","properties":{"n":28,"s":17.1},"geometry":{"type":"LineString","coordinates":[[-73.98669,40.73398],[-73.98664,40.73404],[-73.98661,40.73408],[-73.98629,40.73453],[-73.98626,40.73457],[-73.98622,40.73462]]}},{"type":"Feature","properties":{"n":28,"s":17.1},"geometry":{"type":"LineString","coordinates":[[-73.98622,40.73462],[-73.98618,40.73468],[-73.98615,40.73472],[-73.98586,40.73512],[-73.98583,40.73516],[-73.98579,40.73521]]}},{"type":"Feature","properties":{"n":28,"s":17.1},"geometry":{"type":"LineString","coordinates":[[-73.98579,40.73521],[-73.98575,40.73527],[-73.98572,40.73531],[-73.98544,40.7357],[-73.98541,40.73574],[-73.98537,40.7358]]}},{"type":"Feature","properties":{"n":28,"s":17.1},"geometry":{"type":"LineString","coordinates":[[-73.98537,40.7358],[-73.98532,40.73586],[-73.98529,40.7359],[-73.98502,40.73628],[-73.98499,40.73632],[-73.98494,40.73638]]}},{"type":"Feature","properties":{"n":29,"s":17.0},"geometry":{"type":"LineString","coordinates":[[-73.98494,40.73638],[-73.9849,40.73644],[-73.98487,40.73648],[-73.98458,40.73687],[-73.98455,40.73691],[-73.98451,40.73697]]}},{"type":"Feature","properties":{"n":30,"s":17.0},"geometry":{"type":"LineString","coordinates":[[-73.98451,40.73697],[-73.98447,40.73703],[-73.98444,40.73707],[-73.98416,40.73745],[-73.98413,40.7375],[-73.98408,40.73756]]}},{"type":"Feature","properties":{"n":30,"s":17.0},"geometry":{"type":"LineString","coordinates":[[-73.98408,40.73756],[-73.98405,40.73761],[-73.98401,40.73766],[-73.98371,40.73808],[-73.98368,40.73811],[-73.98364,40.73817]]}},{"type":"Feature","properties":{"n":30,"s":17.0},"geometry":{"type":"LineString","coordinates":[[-73.98364,40.73817],[-73.9836,40.73822],[-73.98357,40.73827],[-73.98326,40.73869],[-73.98323,40.73873],[-73.98315,40.73884]]}},{"type":"Feature","properties":{"n":26,"s":17.3},"geometry":{"type":"LineString","coordinates":[[-73.98315,40.73884],[-73.98308,40.73894],[-73.98304,40.73899],[-73.98274,40.7394],[-73.98271,40.73945],[-73.98267,40.7395]]}},{"type":"Feature","properties":{"n":26,"s":17.3},"geometry":{"type":"LineString","coordinates":[[-73.98267,40.7395],[-73.98262,40.73956],[-73.98229,40.74003],[-73.98226,40.74007],[-73.98222,40.74013]]}},{"type":"Feature","properties":{"n":27,"s":18.0},"geometry":{"type":"LineString","coordinates":[[-73.98222,40.74013],[-73.98218,40.74017],[-73.98184,40.74065],[-73.98181,40.74069],[-73.98176,40.74075]]}},{"type":"Feature","properties":{"n":31,"s":17.4},"geometry":{"type":"LineString","coordinates":[[-73.98176,40.74075],[-73.98173,40.7408],[-73.98139,40.74126],[-73.98136,40.74131],[-73.98132,40.74136]]}},{"type":"Feature","properties":{"n":28,"s":17.7},"geometry":{"type":"LineString","coordinates":[[-73.98132,40.74136],[-73.98128,40.74142],[-73.98095,40.74188],[-73.98091,40.74192],[-73.98087,40.74198]]}},{"type":"Feature","properties":{"n":27,"s":17.9},"geometry":{"type":"LineString","coordinates":[[-73.98087,40.74198],[-73.98083,40.74204],[-73.9805,40.74249],[-73.98046,40.74254],[-73.98042,40.7426]]}},{"type":"Feature","properties":{"n":26,"s":18.1},"geometry":{"type":"LineString","coordinates":[[-73.98042,40.7426],[-73.98038,40.74266],[-73.98004,40.74311],[-73.98001,40.74315],[-73.97997,40.74322]]}},{"type":"Feature","properties":{"n":26,"s":18.6},"geometry":{"type":"LineString","coordinates":[[-73.97997,40.74322],[-73.97993,40.74327],[-73.97959,40.74373],[-73.97956,40.74377],[-73.97952,40.74383]]}},{"type":"Feature","properties":{"n":24,"s":18.4},"geometry":{"type":"LineString","coordinates":[[-73.97952,40.74383],[-73.97948,40.74389],[-73.97914,40.74436],[-73.97911,40.74439],[-73.97907,40.74445]]}},{"type":"Feature","properties":{"n":24,"s":18.4},"geometry":{"type":"LineString","coordinates":[[-73.97907,40.74445],[-73.97902,40.74451],[-73.97869,40.74497],[-73.97866,40.74501],[-73.97862,40.74506]]}},{"type":"Feature","properties":{"n":26,"s":19.6},"geometry":{"type":"LineString","coordinates":[[-73.97862,40.74506],[-73.97858,40.74512],[-73.97841,40.74535],[-73.97823,40.74561],[-73.9782,40.74565],[-73.97813,40.74574]]}},{"type":"Feature","properties":{"n":38,"s":18.7},"geometry":{"type":"LineString","coordinates":[[-73.97813,40.74574],[-73.97806,40.74583],[-73.97772,40.7463],[-73.97769,40.74634],[-73.97765,40.7464]]}},{"type":"Feature","properties":{"n":35,"s":18.9},"geometry":{"type":"LineString","coordinates":[[-73.97765,40.7464],[-73.97761,40.74646],[-73.97726,40.74692],[-73.97723,40.74696],[-73.97719,40.74701]]}},{"type":"Feature","properties":{"n":23,"s":20.0},"geometry":{"type":"LineString","coordinates":[[-73.97719,40.74701],[-73.97715,40.74707],[-73.97683,40.74754],[-73.9768,40.74758],[-73.97676,40.74764]]}},{"type":"Feature","properties":{"n":23,"s":20.0},"geometry":{"type":"LineString","coordinates":[[-73.97676,40.74764],[-73.97672,40.7477],[-73.97648,40.74803],[-73.97638,40.74817],[-73.97635,40.7482],[-73.97632,40.74825]]}},{"type":"Feature","properties":{"n":22,"s":20.4},"geometry":{"type":"LineString","coordinates":[[-73.97632,40.74825],[-73.97627,40.74831],[-73.97626,40.74833],[-73.97592,40.74879],[-73.9759,40.74882],[-73.97585,40.74889]]}},{"type":"Feature","properties":{"n":15,"s":22.3},"geometry":{"type":"LineString","coordinates":[[-73.98036,40.73041],[-73.98046,40.73045],[-73.98073,40.73057],[-73.98075,40.73058],[-73.9809,40.73064],[-73.98093,40.73065],[-73.98102,40.73071],[-73.98105,40.73072],[-73.98107,40.73073],[-73.98175,40.73102],[-73.98206,40.73115],[-73.98221,40.73121],[-73.98244,40.7313],[-73.98256,40.73135]]}},{"type":"Feature","properties":{"n":5,"s":16.8},"geometry":{"type":"LineString","coordinates":[[-73.98256,40.73135],[-73.9827,40.73141],[-73.98313,40.73159],[-73.98337,40.73168],[-73.98401,40.73194],[-73.98407,40.73197],[-73.98414,40.73201],[-73.98425,40.73207],[-73.98431,40.7321],[-73.98439,40.73214],[-73.98455,40.7322],[-73.98475,40.73228],[-73.98481,40.73231],[-73.98494,40.73235]]}},{"type":"Feature","properties":{"n":5,"s":14.9},"geometry":{"type":"LineString","coordinates":[[-73.98494,40.73235],[-73.98507,40.7324],[-73.98526,40.73248],[-73.98535,40.73252],[-73.98561,40.73263],[-73.98632,40.73293],[-73.98667,40.73308],[-73.98694,40.7332],[-73.98705,40.73324],[-73.98719,40.7333]]}},{"type":"Feature","properties":{"n":7,"s":15.4},"geometry":{"type":"LineString","coordinates":[[-73.98719,40.7333],[-73.98732,40.73336],[-73.98738,40.73338],[-73.98762,40.73348],[-73.98836,40.73379],[-73.98865,40.73391],[-73.98871,40.73393],[-73.98879,40.73397]]}},{"type":"Feature","properties":{"n":7,"s":15.4},"geometry":{"type":"LineString","coordinates":[[-73.98879,40.73397],[-73.98887,40.734],[-73.98894,40.73403],[-73.98901,40.73406],[-73.98954,40.73429],[-73.98962,40.73432],[-73.98977,40.73438],[-73.98989,40.73443]]}},{"type":"Feature","properties":{"n":14,"s":14.2},"geometry":{"type":"LineString","coordinates":[[-73.98898,40.73654],[-73.98907,40.73657]]}},{"type":"Feature","properties":{"n":14,"s":14.2},"geometry":{"type":"LineString","coordinates":[[-73.98907,40.73657],[-73.98917,40.73661],[-73.98994,40.73694],[-73.99,40.73696],[-73.99005,40.73699],[-73.99016,40.73704],[-73.99022,40.73707],[-73.99034,40.73713],[-73.99041,40.73717],[-73.99141,40.73758],[-73.99166,40.73768],[-73.99211,40.73787],[-73.99215,40.73789],[-73.99225,40.73792]]}},{"type":"Feature","properties":{"n":13,"s":14.3},"geometry":{"type":"LineString","coordinates":[[-73.99225,40.73792],[-73.99235,40.73797],[-73.99428,40.73878],[-73.99533,40.73922],[-73.99545,40.73927]]}},{"type":"Feature","properties":{"n":32,"s":16.5},"geometry":{"type":"LineString","coordinates":[[-73.99545,40.73927],[-73.9954,40.73933],[-73.99505,40.73981],[-73.99502,40.73986]]}},{"type":"Feature","properties":{"n":27,"s":16.6},"geometry":{"type":"LineString","coordinates":[[-73.99502,40.73986],[-73.99497,40.73992],[-73.9947,40.74029],[-73.99463,40.74039],[-73.99459,40.74044]]}},{"type":"Feature","properties":{"n":6,"s":13.2},"geometry":{"type":"LineString","coordinates":[[-73.99459,40.74044],[-73.99473,40.7405],[-73.9973,40.74159],[-73.99743,40.74164]]}},{"type":"Feature","properties":{"n":55,"s":20.4},"geometry":{"type":"LineString","coordinates":[[-74.00027,40.74285],[-74.00023,40.74289],[-73.99992,40.74334],[-73.99989,40.74337],[-73.99985,40.74343]]}},{"type":"Feature","properties":{"n":55,"s":20.4},"geometry":{"type":"LineString","coordinates":[[-73.99985,40.74343],[-73.99981,40.74349],[-73.99969,40.74365],[-73.99949,40.74392],[-73.99947,40.74395],[-73.99941,40.74403]]}},{"type":"Feature","properties":{"n":55,"s":20.6},"geometry":{"type":"LineString","coordinates":[[-73.99941,40.74403],[-73.99938,40.74407],[-73.99901,40.74457],[-73.99897,40.74463]]}},{"type":"Feature","properties":{"n":54,"s":20.6},"geometry":{"type":"LineString","coordinates":[[-73.99897,40.74463],[-73.99892,40.74469],[-73.99878,40.7449],[-73.99855,40.7452],[-73.99847,40.74531]]}},{"type":"Feature","properties":{"n":57,"s":20.1},"geometry":{"type":"LineString","coordinates":[[-73.99847,40.74531],[-73.99841,40.74539],[-73.99807,40.74586],[-73.99804,40.7459],[-73.99799,40.74597]]}},{"type":"Feature","properties":{"n":3,"s":19.3},"geometry":{"type":"LineString","coordinates":[[-73.98088,40.75348],[-73.98076,40.75344],[-73.98033,40.75326],[-73.97939,40.75286],[-73.97929,40.75281]]}},{"type":"Feature","properties":{"n":21,"s":21.3},"geometry":{"type":"LineString","coordinates":[[-73.97929,40.75281],[-73.97921,40.75291],[-73.97894,40.75327],[-73.97884,40.7534],[-73.97882,40.75342],[-73.97878,40.75349]]}},{"type":"Feature","properties":{"n":21,"s":21.3},"geometry":{"type":"LineString","coordinates":[[-73.97878,40.75349],[-73.97873,40.75354],[-73.97837,40.75404],[-73.97833,40.7541]]}},{"type":"Feature","properties":{"n":21,"s":21.3},"geometry":{"type":"LineString","coordinates":[[-73.97833,40.7541],[-73.97828,40.75417],[-73.97806,40.75447],[-73.97791,40.75467],[-73.97787,40.75474]]}},{"type":"Feature","properties":{"n":25,"s":21.2},"geometry":{"type":"LineString","coordinates":[[-73.97787,40.75474],[-73.97782,40.75479],[-73.97749,40.75525],[-73.97745,40.7553],[-73.97741,40.75536]]}},{"type":"Feature","properties":{"n":26,"s":21.5},"geometry":{"type":"LineString","coordinates":[[-73.97741,40.75536],[-73.97738,40.75541],[-73.97716,40.75572],[-73.977,40.75593],[-73.97696,40.75599]]}},{"type":"Feature","properties":{"n":26,"s":21.5},"geometry":{"type":"LineString","coordinates":[[-73.97696,40.75599],[-73.97693,40.75603],[-73.97656,40.75654],[-73.97651,40.7566]]}},{"type":"Feature","properties":{"n":7,"s":16.4},"geometry":{"type":"LineString","coordinates":[[-73.97651,40.7566],[-73.9764,40.75656],[-73.97511,40.75603],[-73.97509,40.75602],[-73.97498,40.75598]]}},{"type":"Feature","properties":{"n":7,"s":16.4},"geometry":{"type":"LineString","coordinates":[[-73.97498,40.75598],[-73.97481,40.7559]]}},{"type":"Feature","properties":{"n":11,"s":21.6},"geometry":{"type":"LineString","coordinates":[[-73.97169,40.75458],[-73.97154,40.75451],[-73.97106,40.75431],[-73.96957,40.75368],[-73.96943,40.75362]]}},{"type":"Feature","properties":{"n":11,"s":21.6},"geometry":{"type":"LineString","coordinates":[[-73.96943,40.75362],[-73.96934,40.75358],[-73.96929,40.75357],[-73.9677,40.7529],[-73.96735,40.75276],[-73.96732,40.75274],[-73.96729,40.75274],[-73.96727,40.75273],[-73.96724,40.75274],[-73.96721,40.75274],[-73.96716,40.75275],[-73.96712,40.75277]]}},{"type":"Feature","properties":{"n":11,"s":21.6},"geometry":{"type":"LineString","coordinates":[[-73.96712,40.75277],[-73.96708,40.7528],[-73.96704,40.75283],[-73.96697,40.7529],[-73.96675,40.7532],[-73.96672,40.75323],[-73.96666,40.75328]]}},{"type":"Feature","properties":{"n":25,"s":23.3},"geometry":{"type":"LineString","coordinates":[[-73.96666,40.75328],[-73.96662,40.75333],[-73.9665,40.75347],[-73.96641,40.75355],[-73.96637,40.75358],[-73.96627,40.75369]]}},{"type":"Feature","properties":{"n":25,"s":23.3},"geometry":{"type":"LineString","coordinates":[[-73.96627,40.75369],[-73.96617,40.75382],[-73.96614,40.75387]]}},{"type":"Feature","properties":{"n":26,"s":23.5},"geometry":{"type":"LineString","coordinates":[[-73.96614,40.75387],[-73.96609,40.75392],[-73.96591,40.75418],[-73.96573,40.75445],[-73.96569,40.7545]]}},{"type":"Feature","properties":{"n":25,"s":23.9},"geometry":{"type":"LineString","coordinates":[[-73.96569,40.7545],[-73.96565,40.75456],[-73.96527,40.75507],[-73.96523,40.75513]]}},{"type":"Feature","properties":{"n":24,"s":23.9},"geometry":{"type":"LineString","coordinates":[[-73.96523,40.75513],[-73.96519,40.75519],[-73.965,40.75544],[-73.96482,40.75569],[-73.96477,40.75576]]}},{"type":"Feature","properties":{"n":24,"s":23.9},"geometry":{"type":"LineString","coordinates":[[-73.96477,40.75576],[-73.96473,40.75582],[-73.96436,40.75632],[-73.96432,40.75639]]}},{"type":"Feature","properties":{"n":17,"s":25.0},"geometry":{"type":"LineString","coordinates":[[-73.96432,40.75639],[-73.96428,40.75644],[-73.9641,40.75668],[-73.96391,40.75695],[-73.96386,40.75702]]}},{"type":"Feature","properties":{"n":17,"s":25.0},"geometry":{"type":"LineString","coordinates":[[-73.96386,40.75702],[-73.96382,40.75707],[-73.96361,40.75736],[-73.96345,40.75758],[-73.96341,40.75764]]}},{"type":"Feature","properties":{"n":17,"s":25.0},"geometry":{"type":"LineString","coordinates":[[-73.96341,40.75764],[-73.96337,40.7577],[-73.96325,40.75787],[-73.963,40.75821],[-73.96292,40.75831]]}},{"type":"Feature","properties":{"n":17,"s":25.0},"geometry":{"type":"LineString","coordinates":[[-73.96292,40.75831],[-73.96285,40.75841],[-73.96256,40.75881],[-73.96247,40.75893],[-73.96243,40.75899]]}},{"type":"Feature","properties":{"n":19,"s":24.4},"geometry":{"type":"LineString","coordinates":[[-73.96243,40.75899],[-73.96238,40.75905],[-73.96223,40.75926],[-73.96201,40.75955],[-73.96196,40.75962]]}},{"type":"Feature","properties":{"n":18,"s":23.9},"geometry":{"type":"LineString","coordinates":[[-73.96196,40.75962],[-73.96191,40.75969],[-73.96156,40.76017],[-73.9615,40.76025]]}},{"type":"Feature","properties":{"n":19,"s":25.2},"geometry":{"type":"LineString","coordinates":[[-73.9615,40.76025],[-73.96147,40.76029],[-73.9613,40.76054],[-73.9611,40.76081],[-73.96106,40.76086]]}},{"type":"Feature","properties":{"n":18,"s":25.3},"geometry":{"type":"LineString","coordinates":[[-73.96106,40.76086],[-73.96102,40.76092],[-73.96063,40.76143],[-73.96059,40.76149]]}},{"type":"Feature","properties":{"n":18,"s":25.4},"geometry":{"type":"LineString","coordinates":[[-73.96059,40.76149],[-73.96055,40.76154],[-73.96025,40.76196],[-73.96018,40.76205],[-73.96013,40.76212]]}},{"type":"Feature","properties":{"n":17,"s":25.9},"geometry":{"type":"LineString","coordinates":[[-73.96013,40.76212],[-73.96009,40.76217],[-73.95973,40.76269],[-73.95969,40.76274]]}},{"type":"Feature","properties":{"n":17,"s":25.9},"geometry":{"type":"LineString","coordinates":[[-73.95969,40.76274],[-73.95965,40.7628],[-73.95927,40.76332],[-73.95924,40.76337]]}},{"type":"Feature","properties":{"n":17,"s":25.9},"geometry":{"type":"LineString","coordinates":[[-73.95924,40.76337],[-73.9592,40.76343],[-73.95888,40.76384],[-73.95881,40.76394],[-73.95877,40.76399]]}},{"type":"Feature","properties":{"n":18,"s":26.8},"geometry":{"type":"LineString","coordinates":[[-73.95877,40.76399],[-73.95873,40.76405],[-73.95841,40.76446],[-73.95834,40.76456],[-73.9583,40.76461]]}},{"type":"Feature","properties":{"n":19,"s":28.2},"geometry":{"type":"LineString","coordinates":[[-73.9583,40.76461],[-73.95826,40.76467],[-73.95798,40.76503],[-73.95788,40.76518],[-73.95784,40.76524]]}},{"type":"Feature","properties":{"n":19,"s":28.3},"geometry":{"type":"LineString","coordinates":[[-73.95784,40.76524],[-73.95781,40.76529],[-73.95751,40.76572],[-73.95744,40.76582],[-73.9574,40.76587]]}},{"type":"Feature","properties":{"n":19,"s":28.3},"geometry":{"type":"LineString","coordinates":[[-73.9574,40.76587],[-73.95735,40.76593],[-73.95698,40.76643],[-73.95694,40.76649]]}},{"type":"Feature","properties":{"n":19,"s":28.3},"geometry":{"type":"LineString","coordinates":[[-73.95694,40.76649],[-73.9569,40.76655],[-73.95677,40.76673],[-73.9566,40.76697],[-73.95653,40.76707],[-73.95648,40.76713]]}},{"type":"Feature","properties":{"n":19,"s":28.3},"geometry":{"type":"LineString","coordinates":[[-73.95648,40.76713],[-73.95645,40.76718],[-73.95629,40.76741],[-73.95618,40.76755],[-73.95607,40.76771],[-73.956,40.7678]]}},{"type":"Feature","properties":{"n":17,"s":29.7},"geometry":{"type":"LineString","coordinates":[[-73.956,40.7678],[-73.95593,40.7679],[-73.95575,40.76815],[-73.95574,40.76815],[-73.95562,40.76833],[-73.95554,40.76843],[-73.9555,40.76849]]}},{"type":"Feature","properties":{"n":17,"s":29.7},"geometry":{"type":"LineString","coordinates":[[-73.9555,40.76849],[-73.95546,40.76855],[-73.95517,40.76894],[-73.95508,40.76906],[-73.95504,40.76912]]}},{"type":"Feature","properties":{"n":17,"s":29.7},"geometry":{"type":"LineString","coordinates":[[-73.95504,40.76912],[-73.95499,40.76919],[-73.95469,40.7696],[-73.95461,40.7697],[-73.95457,40.76977]]}},{"type":"Feature","properties":{"n":17,"s":29.7},"geometry":{"type":"LineString","coordinates":[[-73.95457,40.76977],[-73.95453,40.76982],[-73.95429,40.77015],[-73.95415,40.77034],[-73.95411,40.77039]]}},{"type":"Feature","properties":{"n":16,"s":30.3},"geometry":{"type":"LineString","coordinates":[[-73.95411,40.77039],[-73.95407,40.77045],[-73.95375,40.77087],[-73.95368,40.77097],[-73.95363,40.77103]]}},{"type":"Feature","properties":{"n":16,"s":30.3},"geometry":{"type":"LineString","coordinates":[[-73.95363,40.77103],[-73.95359,40.77108],[-73.95331,40.77148],[-73.95322,40.7716],[-73.95318,40.77165]]}},{"type":"Feature","properties":{"n":15,"s":31.2},"geometry":{"type":"LineString","coordinates":[[-73.95318,40.77165],[-73.95313,40.77172],[-73.95301,40.77189],[-73.95275,40.77225],[-73.95268,40.77234]]}},{"type":"Feature","properties":{"n":15,"s":31.2},"geometry":{"type":"LineString","coordinates":[[-73.95268,40.77234],[-73.95262,40.77243],[-73.95228,40.77289],[-73.95222,40.77297],[-73.95218,40.77303]]}},{"type":"Feature","properties":{"n":11,"s":33.6},"geometry":{"type":"LineString","coordinates":[[-73.9475,40.77943],[-73.94746,40.77949],[-73.94715,40.77991],[-73.94708,40.78001],[-73.94703,40.78007]]}},{"type":"Feature","properties":{"n":10,"s":34.1},"geometry":{"type":"LineString","coordinates":[[-73.94703,40.78007],[-73.94699,40.78012],[-73.94692,40.78022],[-73.94662,40.78062],[-73.94657,40.78069]]}},{"type":"Feature","properties":{"n":8,"s":36.3},"geometry":{"type":"LineString","coordinates":[[-73.94657,40.78069],[-73.94653,40.78075],[-73.94625,40.78116],[-73.94618,40.78125],[-73.94614,40.78132]]}},{"type":"Feature","properties":{"n":7,"s":35.5},"geometry":{"type":"LineString","coordinates":[[-73.94614,40.78132],[-73.94609,40.78138],[-73.94571,40.78189],[-73.94567,40.78195]]}},{"type":"Feature","properties":{"n":7,"s":35.5},"geometry":{"type":"LineString","coordinates":[[-73.94567,40.78195],[-73.94563,40.78201],[-73.94561,40.78203],[-73.94538,40.78235],[-73.94525,40.78252],[-73.94522,40.78257]]}},{"type":"Feature","properties":{"n":7,"s":35.5},"geometry":{"type":"LineString","coordinates":[[-73.94522,40.78257],[-73.94518,40.78263],[-73.94505,40.78281],[-73.945,40.78287],[-73.9448,40.78315],[-73.94472,40.78325]]}},{"type":"Feature","properties":{"n":6,"s":33.2},"geometry":{"type":"LineString","coordinates":[[-73.94472,40.78325],[-73.94463,40.78336],[-73.94434,40.78377],[-73.94427,40.78388],[-73.94422,40.78394]]}},{"type":"Feature","properties":{"n":7,"s":34.7},"geometry":{"type":"LineString","coordinates":[[-73.94422,40.78394],[-73.94417,40.78401],[-73.94406,40.78416],[-73.94389,40.78438],[-73.94388,40.78441],[-73.94344,40.78501],[-73.94336,40.78511],[-73.94332,40.78517]]}},{"type":"Feature","properties":{"n":7,"s":34.7},"geometry":{"type":"LineString","coordinates":[[-73.94332,40.78517],[-73.94327,40.78524],[-73.94306,40.78553],[-73.94289,40.78576],[-73.94285,40.78581]]}},{"type":"Feature","properties":{"n":8,"s":34.3},"geometry":{"type":"LineString","coordinates":[[-73.94285,40.78581],[-73.9428,40.78587],[-73.9425,40.7863],[-73.94243,40.78639],[-73.9424,40.78644]]}},{"type":"Feature","properties":{"n":9,"s":31.8},"geometry":{"type":"LineString","coordinates":[[-73.9424,40.78644],[-73.94235,40.7865],[-73.94209,40.78686],[-73.94198,40.78701],[-73.94194,40.78706]]}},{"type":"Feature","properties":{"n":9,"s":31.8},"geometry":{"type":"LineString","coordinates":[[-73.94194,40.78706],[-73.94189,40.78713],[-73.9416,40.78752],[-73.94152,40.78763],[-73.94148,40.78769]]}},{"type":"Feature","properties":{"n":9,"s":31.8},"geometry":{"type":"LineString","coordinates":[[-73.94148,40.78769],[-73.94143,40.78775],[-73.94131,40.78792],[-73.94118,40.7881],[-73.94105,40.78827],[-73.94102,40.78832]]}},{"type":"Feature","properties":{"n":53,"s":20.6},"geometry":{"type":"LineString","coordinates":[[-74.0007,40.74226],[-74.00065,40.74232],[-74.00055,40.74246],[-74.00048,40.74256],[-74.00031,40.74279],[-74.00027,40.74285]]}},{"type":"Feature","properties":{"n":3,"s":12.7},"geometry":{"type":"LineString","coordinates":[[-73.99847,40.74531],[-73.99834,40.74525],[-73.99577,40.74416],[-73.99564,40.74411]]}},{"type":"Feature","properties":{"n":4,"s":12.9},"geometry":{"type":"LineString","coordinates":[[-73.99564,40.74411],[-73.99551,40.74405],[-73.99521,40.74392],[-73.9935,40.7432],[-73.99343,40.74318],[-73.99337,40.74315],[-73.99329,40.74312],[-73.99322,40.7431],[-73.99293,40.74297],[-73.9928,40.74291]]}},{"type":"Feature","properties":{"n":53,"s":22.3},"geometry":{"type":"LineString","coordinates":[[-73.98979,40.75723],[-73.98972,40.75733],[-73.98944,40.75772],[-73.98934,40.75785],[-73.9893,40.75791]]}},{"type":"Feature","properties":{"n":3,"s":15.9},"geometry":{"type":"LineString","coordinates":[[-73.99497,40.76031],[-73.99511,40.76037],[-73.99669,40.76103]]}},{"type":"Feature","properties":{"n":3,"s":13.4},"geometry":{"type":"LineString","coordinates":[[-73.97991,40.72687],[-73.97987,40.72692],[-73.97984,40.72697],[-73.97969,40.72717],[-73.97951,40.72742],[-73.97947,40.72747]]}},{"type":"Feature","properties":{"n":4,"s":33.3},"geometry":{"type":"LineString","coordinates":[[-74.00755,40.72585],[-74.00755,40.72591],[-74.00744,40.72655],[-74.00743,40.7266]]}},{"type":"Feature","properties":{"n":4,"s":33.3},"geometry":{"type":"LineString","coordinates":[[-74.00743,40.7266],[-74.00742,40.72667],[-74.00732,40.72726],[-74.00731,40.72733]]}},{"type":"Feature","properties":{"n":4,"s":33.3},"geometry":{"type":"LineString","coordinates":[[-74.00731,40.72733],[-74.0073,40.7274],[-74.0072,40.72799],[-74.00719,40.72805]]}},{"type":"Feature","properties":{"n":4,"s":33.3},"geometry":{"type":"LineString","coordinates":[[-74.00719,40.72805],[-74.00718,40.72812],[-74.0071,40.7286],[-74.00709,40.7287],[-74.00707,40.72877]]}},{"type":"Feature","properties":{"n":6,"s":27.3},"geometry":{"type":"LineString","coordinates":[[-74.00707,40.72877],[-74.00706,40.72884],[-74.00696,40.72942],[-74.00695,40.72949]]}},{"type":"Feature","properties":{"n":12,"s":19.9},"geometry":{"type":"LineString","coordinates":[[-74.0017,40.73055],[-74.00168,40.73059],[-74.00155,40.73083],[-74.00144,40.73101],[-74.00141,40.73106]]}},{"type":"Feature","properties":{"n":38,"s":17.8},"geometry":{"type":"LineString","coordinates":[[-74.00141,40.73106],[-74.00137,40.73113],[-74.00122,40.73134],[-74.001,40.73165],[-74.00095,40.73171]]}},{"type":"Feature","properties":{"n":38,"s":18.1},"geometry":{"type":"LineString","coordinates":[[-74.00095,40.73171],[-74.00091,40.73177],[-74.00085,40.73186],[-74.00055,40.73227],[-74.00051,40.73231]]}},{"type":"Feature","properties":{"n":40,"s":17.8},"geometry":{"type":"LineString","coordinates":[[-74.00051,40.73231],[-74.00047,40.73237],[-74.0001,40.73288],[-74.00007,40.73293]]}},{"type":"Feature","properties":{"n":39,"s":18.4},"geometry":{"type":"LineString","coordinates":[[-74.00007,40.73293],[-74.00002,40.73299],[-73.99989,40.73317],[-73.99984,40.73324],[-73.99958,40.73358],[-73.99952,40.73366]]}},{"type":"Feature","properties":{"n":7,"s":17.1},"geometry":{"type":"LineString","coordinates":[[-73.99952,40.73366],[-73.99945,40.73376],[-73.99923,40.73408],[-73.99918,40.73415]]}},{"type":"Feature","properties":{"n":7,"s":17.1},"geometry":{"type":"LineString","coordinates":[[-73.99918,40.73415],[-73.99913,40.73422],[-73.99876,40.73472],[-73.99871,40.73479]]}},{"type":"Feature","properties":{"n":8,"s":17.1},"geometry":{"type":"LineString","coordinates":[[-73.99871,40.73479],[-73.99867,40.73485],[-73.99857,40.73499],[-73.99848,40.73511],[-73.99831,40.73534],[-73.99827,40.73539]]}},{"type":"Feature","properties":{"n":8,"s":17.1},"geometry":{"type":"LineString","coordinates":[[-73.99827,40.73539],[-73.99823,40.73545],[-73.99784,40.73598],[-73.9978,40.73603]]}},{"type":"Feature","properties":{"n":11,"s":16.9},"geometry":{"type":"LineString","coordinates":[[-73.9978,40.73603],[-73.99776,40.73609],[-73.99761,40.73629],[-73.99753,40.7364],[-73.99738,40.73661],[-73.99734,40.73667]]}},{"type":"Feature","properties":{"n":11,"s":16.9},"geometry":{"type":"LineString","coordinates":[[-73.99734,40.73667],[-73.99729,40.73673],[-73.99718,40.73689],[-73.99702,40.73711],[-73.9969,40.73727],[-73.99685,40.73734],[-73.99684,40.73736]]}},{"type":"Feature","properties":{"n":21,"s":17.4},"geometry":{"type":"LineString","coordinates":[[-73.99684,40.73736],[-73.99683,40.73737],[-73.99677,40.73746],[-73.99658,40.73771],[-73.99645,40.73789],[-73.99642,40.73793],[-73.99637,40.738],[-73.99634,40.73804]]}},{"type":"Feature","properties":{"n":20,"s":17.6},"geometry":{"type":"LineString","coordinates":[[-73.99634,40.73804],[-73.99629,40.73811],[-73.99591,40.73863],[-73.99587,40.73869]]}},{"type":"Feature","properties":{"n":21,"s":17.4},"geometry":{"type":"LineString","coordinates":[[-73.99587,40.73869],[-73.99583,40.73875],[-73.99566,40.73898],[-73.99548,40.73922],[-73.99545,40.73927]]}},{"type":"Feature","properties":{"n":25,"s":16.9},"geometry":{"type":"LineString","coordinates":[[-73.99459,40.74044],[-73.99455,40.7405],[-73.99423,40.74094],[-73.9942,40.74098],[-73.99417,40.74103]]}},{"type":"Feature","properties":{"n":24,"s":17.4},"geometry":{"type":"LineString","coordinates":[[-73.99417,40.74103],[-73.99412,40.74109],[-73.99385,40.74146],[-73.9938,40.74153],[-73.99378,40.74156],[-73.99373,40.74163]]}},{"type":"Feature","properties":{"n":25,"s":17.7},"geometry":{"type":"LineString","coordinates":[[-73.99373,40.74163],[-73.99369,40.74168],[-73.99333,40.74218],[-73.99329,40.74223]]}},{"type":"Feature","properties":{"n":16,"s":27.8},"geometry":{"type":"LineString","coordinates":[[-73.95786,40.78217],[-73.95782,40.78223],[-73.95745,40.78274],[-73.9574,40.78279]]}},{"type":"Feature","properties":{"n":16,"s":27.8},"geometry":{"type":"LineString","coordinates":[[-73.9574,40.78279],[-73.95736,40.78285],[-73.95728,40.78296],[-73.95707,40.78324],[-73.95698,40.78336],[-73.95695,40.78341]]}},{"type":"Feature","properties":{"n":16,"s":27.8},"geometry":{"type":"LineString","coordinates":[[-73.95695,40.78341],[-73.9569,40.78348],[-73.95653,40.78399],[-73.95648,40.78405]]}},{"type":"Feature","properties":{"n":16,"s":27.8},"geometry":{"type":"LineString","coordinates":[[-73.95648,40.78405],[-73.95644,40.7841],[-73.95607,40.78462],[-73.95603,40.78467]]}},{"type":"Feature","properties":{"n":15,"s":27.8},"geometry":{"type":"LineString","coordinates":[[-73.95603,40.78467],[-73.95599,40.78473],[-73.95561,40.78524],[-73.95557,40.7853]]}},{"type":"Feature","properties":{"n":15,"s":27.8},"geometry":{"type":"LineString","coordinates":[[-73.95557,40.7853],[-73.95552,40.78536],[-73.95515,40.78587],[-73.95511,40.78593]]}},{"type":"Feature","properties":{"n":15,"s":27.8},"geometry":{"type":"LineString","coordinates":[[-73.95511,40.78593],[-73.95507,40.78598],[-73.95469,40.7865],[-73.95465,40.78655]]}},{"type":"Feature","properties":{"n":15,"s":27.8},"geometry":{"type":"LineString","coordinates":[[-73.95465,40.78655],[-73.95461,40.78661],[-73.95423,40.78714],[-73.95416,40.78723]]}},{"type":"Feature","properties":{"n":15,"s":27.8},"geometry":{"type":"LineString","coordinates":[[-73.95416,40.78723],[-73.9541,40.78732],[-73.95371,40.78785],[-73.95367,40.7879]]}},{"type":"Feature","properties":{"n":15,"s":27.8},"geometry":{"type":"LineString","coordinates":[[-73.95367,40.7879],[-73.95363,40.78796],[-73.95329,40.78843],[-73.95325,40.78848],[-73.95321,40.78853]]}},{"type":"Feature","properties":{"n":15,"s":27.8},"geometry":{"type":"LineString","coordinates":[[-73.95321,40.78853],[-73.95316,40.7886],[-73.9528,40.7891],[-73.95274,40.78918]]}},{"type":"Feature","properties":{"n":15,"s":27.8},"geometry":{"type":"LineString","coordinates":[[-73.95274,40.78918],[-73.95268,40.78927],[-73.9523,40.78979],[-73.95225,40.78986],[-73.95193,40.7903],[-73.95188,40.79037],[-73.95184,40.79042]]}},{"type":"Feature","properties":{"n":15,"s":27.8},"geometry":{"type":"LineString","coordinates":[[-73.95184,40.79042],[-73.95179,40.79048],[-73.95143,40.79099],[-73.95138,40.79105]]}},{"type":"Feature","properties":{"n":15,"s":27.8},"geometry":{"type":"LineString","coordinates":[[-73.95138,40.79105],[-73.95133,40.79112],[-73.95114,40.79137],[-73.95096,40.79162],[-73.95092,40.79167]]}},{"type":"Feature","properties":{"n":15,"s":27.8},"geometry":{"type":"LineString","coordinates":[[-73.95092,40.79167],[-73.95088,40.79174],[-73.95057,40.79216],[-73.95051,40.79224],[-73.95047,40.79231]]}},{"type":"Feature","properties":{"n":15,"s":27.8},"geometry":{"type":"LineString","coordinates":[[-73.95047,40.79231],[-73.95041,40.79238],[-73.95032,40.7925],[-73.95004,40.79288],[-73.95,40.79293]]}},{"type":"Feature","properties":{"n":15,"s":27.8},"geometry":{"type":"LineString","coordinates":[[-73.95,40.79293],[-73.94996,40.79299],[-73.94984,40.79315],[-73.94963,40.79344],[-73.94958,40.79351],[-73.94951,40.79362]]}},{"type":"Feature","properties":{"n":15,"s":27.8},"geometry":{"type":"LineString","coordinates":[[-73.94951,40.79362],[-73.94944,40.79371],[-73.94906,40.79422],[-73.94905,40.79424],[-73.94902,40.79428]]}},{"type":"Feature","properties":{"n":15,"s":27.8},"geometry":{"type":"LineString","coordinates":[[-73.94902,40.79428],[-73.94897,40.79435],[-73.9486,40.79486],[-73.94856,40.79491]]}},{"type":"Feature","properties":{"n":15,"s":27.8},"geometry":{"type":"LineString","coordinates":[[-73.94856,40.79491],[-73.94851,40.79497],[-73.94814,40.79548],[-73.9481,40.79554]]}},{"type":"Feature","properties":{"n":16,"s":27.4},"geometry":{"type":"LineString","coordinates":[[-73.9481,40.79554],[-73.94805,40.79561],[-73.9477,40.79609],[-73.94765,40.79616]]}},{"type":"Feature","properties":{"n":16,"s":27.4},"geometry":{"type":"LineString","coordinates":[[-73.94765,40.79616],[-73.9476,40.79623],[-73.94722,40.79674],[-73.94718,40.7968]]}},{"type":"Feature","properties":{"n":7,"s":25.3},"geometry":{"type":"LineString","coordinates":[[-73.94718,40.7968],[-73.94714,40.79686],[-73.94676,40.79737],[-73.94671,40.79744]]}},{"type":"Feature","properties":{"n":8,"s":25.2},"geometry":{"type":"LineString","coordinates":[[-73.94671,40.79744],[-73.94664,40.79754],[-73.94636,40.79793],[-73.94633,40.79797],[-73.94628,40.79804],[-73.94596,40.79847],[-73.94593,40.79852],[-73.94579,40.7987],[-73.94542,40.79921],[-73.94536,40.79929]]}},{"type":"Feature","properties":{"n":5,"s":21.8},"geometry":{"type":"LineString","coordinates":[[-73.94536,40.79929],[-73.94547,40.79934],[-73.94595,40.79954],[-73.94622,40.79965],[-73.94685,40.79992],[-73.94697,40.79997]]}},{"type":"Feature","properties":{"n":3,"s":25.5},"geometry":{"type":"LineString","coordinates":[[-73.94697,40.79997],[-73.94711,40.80002],[-73.94809,40.80045],[-73.94843,40.80059],[-73.94918,40.80091],[-73.95002,40.80128],[-73.95011,40.80132]]}},{"type":"Feature","properties":{"n":3,"s":19.5},"geometry":{"type":"LineString","coordinates":[[-73.94961,40.80201],[-73.94955,40.80209],[-73.94938,40.80232],[-73.94926,40.8025],[-73.94916,40.80262],[-73.94912,40.80267]]}},{"type":"Feature","properties":{"n":3,"s":19.5},"geometry":{"type":"LineString","coordinates":[[-73.94912,40.80267],[-73.94908,40.80274],[-73.94871,40.80325],[-73.94866,40.8033]]}},{"type":"Feature","properties":{"n":3,"s":19.5},"geometry":{"type":"LineString","coordinates":[[-73.94866,40.8033],[-73.94862,40.80337],[-73.94833,40.80376],[-73.94825,40.80387],[-73.94821,40.80393]]}},{"type":"Feature","properties":{"n":19,"s":14.4},"geometry":{"type":"LineString","coordinates":[[-74.00456,40.73401],[-74.00454,40.73396],[-74.00447,40.7338]]}},{"type":"Feature","properties":{"n":19,"s":14.4},"geometry":{"type":"LineString","coordinates":[[-74.00447,40.7338],[-74.00428,40.73345],[-74.00425,40.7334]]}},{"type":"Feature","properties":{"n":19,"s":14.4},"geometry":{"type":"LineString","coordinates":[[-74.00425,40.7334],[-74.00422,40.73335],[-74.004,40.73297],[-74.00398,40.73293]]}},{"type":"Feature","properties":{"n":20,"s":14.2},"geometry":{"type":"LineString","coordinates":[[-74.00398,40.73293],[-74.00394,40.73287],[-74.00366,40.73239],[-74.00358,40.73225]]}},{"type":"Feature","properties":{"n":22,"s":17.4},"geometry":{"type":"LineString","coordinates":[[-74.00358,40.73225],[-74.00365,40.73214],[-74.00379,40.73189]]}},{"type":"Feature","properties":{"n":22,"s":17.4},"geometry":{"type":"LineString","coordinates":[[-74.00379,40.73189],[-74.00407,40.7314],[-74.00418,40.73121],[-74.00423,40.73113]]}},{"type":"Feature","properties":{"n":22,"s":17.4},"geometry":{"type":"LineString","coordinates":[[-74.00423,40.73113],[-74.00426,40.73108],[-74.00441,40.7308],[-74.00446,40.73072]]}},{"type":"Feature","properties":{"n":22,"s":17.4},"geometry":{"type":"LineString","coordinates":[[-74.00446,40.73072],[-74.00449,40.73067],[-74.00465,40.73039],[-74.00469,40.73032]]}},{"type":"Feature","properties":{"n":23,"s":17.5},"geometry":{"type":"LineString","coordinates":[[-74.00469,40.73032],[-74.00472,40.73026],[-74.00502,40.72979],[-74.00514,40.72955],[-74.00518,40.72946]]}},{"type":"Feature","properties":{"n":24,"s":17.7},"geometry":{"type":"LineString","coordinates":[[-74.00518,40.72946],[-74.0052,40.7294],[-74.00522,40.7293]]}},{"type":"Feature","properties":{"n":24,"s":17.7},"geometry":{"type":"LineString","coordinates":[[-74.00522,40.7293],[-74.00529,40.72885]]}},{"type":"Feature","properties":{"n":25,"s":18.0},"geometry":{"type":"LineString","coordinates":[[-74.00529,40.72885],[-74.00531,40.72867],[-74.00532,40.72862]]}},{"type":"Feature","properties":{"n":25,"s":18.0},"geometry":{"type":"LineString","coordinates":[[-74.00532,40.72862],[-74.00533,40.72855],[-74.00534,40.72847],[-74.00541,40.72796],[-74.00543,40.72788]]}},{"type":"Feature","properties":{"n":25,"s":17.8},"geometry":{"type":"LineString","coordinates":[[-74.00543,40.72788],[-74.00544,40.72782],[-74.00553,40.72723],[-74.00554,40.72716]]}},{"type":"Feature","properties":{"n":25,"s":17.8},"geometry":{"type":"LineString","coordinates":[[-74.00554,40.72716],[-74.00556,40.72709],[-74.00565,40.7265],[-74.00566,40.72644]]}},{"type":"Feature","properties":{"n":24,"s":18.0},"geometry":{"type":"LineString","coordinates":[[-74.00566,40.72644],[-74.00563,40.72637],[-74.00561,40.72631],[-74.0057,40.72574],[-74.00571,40.72568]]}},{"type":"Feature","properties":{"n":24,"s":18.0},"geometry":{"type":"LineString","coordinates":[[-74.00571,40.72568],[-74.00572,40.7256],[-74.00581,40.72508],[-74.00582,40.72502]]}},{"type":"Feature","properties":{"n":24,"s":18.0},"geometry":{"type":"LineString","coordinates":[[-74.00582,40.72502],[-74.00584,40.72497],[-74.00587,40.72479],[-74.00593,40.72447],[-74.00595,40.72441]]}},{"type":"Feature","properties":{"n":24,"s":18.0},"geometry":{"type":"LineString","coordinates":[[-74.00595,40.72441],[-74.00596,40.72432],[-74.00605,40.72386],[-74.00606,40.72384],[-74.00607,40.72382],[-74.00611,40.72379]]}},{"type":"Feature","properties":{"n":27,"s":16.7},"geometry":{"type":"LineString","coordinates":[[-74.00611,40.72379],[-74.00612,40.72376]]}},{"type":"Feature","properties":{"n":27,"s":16.7},"geometry":{"type":"LineString","coordinates":[[-74.00612,40.72376],[-74.00612,40.72372],[-74.00621,40.72319],[-74.00622,40.72313]]}},{"type":"Feature","properties":{"n":26,"s":16.8},"geometry":{"type":"LineString","coordinates":[[-74.00622,40.72313],[-74.00622,40.72308],[-74.00624,40.72299],[-74.0063,40.7227],[-74.00632,40.72257]]}},{"type":"Feature","properties":{"n":13,"s":17.9},"geometry":{"type":"LineString","coordinates":[[-74.00632,40.72257],[-74.0062,40.72249],[-74.0059,40.72227],[-74.00557,40.72203],[-74.00552,40.722],[-74.00535,40.72188]]}},{"type":"Feature","properties":{"n":13,"s":17.9},"geometry":{"type":"LineString","coordinates":[[-74.00535,40.72188],[-74.00519,40.72177],[-74.00515,40.72174],[-74.00511,40.72171],[-74.00507,40.72168]]}},{"type":"Feature","properties":{"n":13,"s":17.9},"geometry":{"type":"LineString","coordinates":[[-74.00507,40.72168],[-74.00471,40.72143],[-74.00462,40.72137]]}},{"type":"Feature","properties":{"n":11,"s":19.2},"geometry":{"type":"LineString","coordinates":[[-74.00462,40.72137],[-74.00455,40.72132],[-74.00398,40.72091],[-74.00393,40.72087]]}},{"type":"Feature","properties":{"n":12,"s":19.7},"geometry":{"type":"LineString","coordinates":[[-74.00393,40.72087],[-74.00364,40.72067],[-74.00359,40.72064],[-74.00347,40.72055]]}},{"type":"Feature","properties":{"n":14,"s":18.8},"geometry":{"type":"LineString","coordinates":[[-74.00347,40.72055],[-74.0033,40.72043]]}},{"type":"Feature","properties":{"n":12,"s":19.7},"geometry":{"type":"LineString","coordinates":[[-74.0033,40.72043],[-74.00329,40.72042],[-74.00325,40.72039],[-74.00265,40.71996],[-74.0026,40.71992]]}},{"type":"Feature","properties":{"n":12,"s":19.7},"geometry":{"type":"LineString","coordinates":[[-74.0026,40.71992],[-74.00255,40.71989],[-74.00197,40.71946],[-74.00188,40.7194]]}},{"type":"Feature","properties":{"n":8,"s":19.4},"geometry":{"type":"LineString","coordinates":[[-74.00188,40.7194],[-74.00181,40.71934],[-74.00127,40.71896],[-74.00093,40.71873],[-74.00067,40.71854],[-74.00062,40.7185],[-74.00055,40.71845]]}},{"type":"Feature","properties":{"n":8,"s":19.4},"geometry":{"type":"LineString","coordinates":[[-74.00055,40.71845],[-74.00045,40.71838],[-74.00041,40.71834],[-74.0001,40.71812],[-74.00004,40.71808],[-73.99995,40.71802]]}},{"type":"Feature","properties":{"n":8,"s":19.4},"geometry":{"type":"LineString","coordinates":[[-73.99995,40.71802],[-73.99988,40.71797],[-73.99983,40.71793],[-73.99936,40.71759],[-73.99931,40.71755]]}},{"type":"Feature","properties":{"n":8,"s":19.4},"geometry":{"type":"LineString","coordinates":[[-73.99931,40.71755],[-73.99926,40.71752],[-73.9989,40.71726]]}},{"type":"Feature","properties":{"n":9,"s":19.0},"geometry":{"type":"LineString","coordinates":[[-73.9989,40.71726],[-73.99888,40.71724],[-73.99884,40.71722],[-73.99879,40.7172],[-73.99871,40.71716],[-73.99864,40.71714],[-73.99859,40.71712]]}},{"type":"Feature","properties":{"n":9,"s":19.0},"geometry":{"type":"LineString","coordinates":[[-73.99859,40.71712],[-73.99853,40.7171],[-73.99782,40.71685],[-73.99777,40.71683]]}},{"type":"Feature","properties":{"n":9,"s":19.0},"geometry":{"type":"LineString","coordinates":[[-73.99777,40.71683],[-73.99771,40.71681],[-73.99739,40.7167],[-73.99704,40.71657],[-73.99699,40.71655]]}},{"type":"Feature","properties":{"n":9,"s":19.0},"geometry":{"type":"LineString","coordinates":[[-73.99699,40.71655],[-73.99694,40.71651],[-73.99692,40.71649],[-73.99688,40.71647],[-73.99662,40.71637],[-73.99633,40.71626],[-73.99627,40.71624],[-73.99622,40.71622],[-73.99617,40.71618],[-73.99613,40.71615]]}},{"type":"Feature","properties":{"n":34,"s":18.2},"geometry":{"type":"LineString","coordinates":[[-73.99613,40.71615],[-73.99603,40.71601],[-73.99573,40.71558]]}},{"type":"Feature","properties":{"n":34,"s":18.2},"geometry":{"type":"LineString","coordinates":[[-73.99573,40.71558],[-73.99562,40.71543],[-73.99558,40.71539],[-73.99552,40.71533],[-73.99546,40.71528],[-73.99531,40.71516],[-73.99525,40.71511],[-73.9952,40.71507],[-73.99515,40.71502],[-73.99511,40.71498],[-73.99506,40.71492],[-73.99502,40.71487],[-73.99497,40.7148],[-73.99493,40.71473],[-73.99473,40.71435],[-73.98635,40.69936]]}},{"type":"Feature","properties":{"n":33,"s":18.4},"geometry":{"type":"LineString","coordinates":[[-73.98635,40.69936],[-73.98567,40.69813]]}},{"type":"Feature","properties":{"n":32,"s":18.7},"geometry":{"type":"LineString","coordinates":[[-73.98567,40.69813],[-73.98562,40.69804],[-73.98557,40.69795],[-73.98547,40.69779],[-73.98543,40.6977],[-73.98542,40.69769],[-73.98539,40.69763]]}},{"type":"Feature","properties":{"n":32,"s":18.7},"geometry":{"type":"LineString","coordinates":[[-73.98539,40.69763],[-73.98537,40.69757],[-73.98519,40.69721]]}},{"type":"Feature","properties":{"n":32,"s":18.7},"geometry":{"type":"LineString","coordinates":[[-73.98519,40.69721],[-73.98503,40.69686],[-73.98498,40.69676]]}},{"type":"Feature","properties":{"n":32,"s":18.7},"geometry":{"type":"LineString","coordinates":[[-73.98498,40.69676],[-73.98475,40.69629],[-73.98472,40.69623],[-73.98468,40.69613]]}},{"type":"Feature","properties":{"n":32,"s":18.7},"geometry":{"type":"LineString","coordinates":[[-73.98468,40.69613],[-73.98459,40.69597]]}},{"type":"Feature","properties":{"n":32,"s":18.7},"geometry":{"type":"LineString","coordinates":[[-73.98459,40.69597],[-73.98453,40.69586],[-73.98406,40.69492],[-73.98402,40.69485],[-73.98398,40.69476],[-73.98367,40.6942],[-73.9835,40.69386],[-73.98347,40.6938],[-73.98343,40.69372]]}},{"type":"Feature","properties":{"n":31,"s":18.6},"geometry":{"type":"LineString","coordinates":[[-73.98343,40.69372],[-73.98338,40.69361]]}},{"type":"Feature","properties":{"n":6,"s":22.4},"geometry":{"type":"LineString","coordinates":[[-73.98338,40.69361],[-73.98319,40.69358]]}},{"type":"Feature","properties":{"n":6,"s":22.4},"geometry":{"type":"LineString","coordinates":[[-73.98319,40.69358],[-73.98309,40.69358],[-73.98258,40.69357],[-73.98251,40.69357]]}},{"type":"Feature","properties":{"n":4,"s":17.4},"geometry":{"type":"LineString","coordinates":[[-73.98251,40.69357],[-73.98244,40.69357],[-73.98184,40.69356],[-73.98174,40.69359]]}},{"type":"Feature","properties":{"n":4,"s":17.4},"geometry":{"type":"LineString","coordinates":[[-73.98174,40.69359],[-73.98164,40.69359],[-73.98102,40.69356],[-73.98097,40.69356],[-73.9793,40.6935],[-73.97916,40.69349]]}},{"type":"Feature","properties":{"n":4,"s":17.4},"geometry":{"type":"LineString","coordinates":[[-73.97916,40.69349],[-73.97904,40.69349],[-73.97842,40.69346],[-73.97792,40.69344],[-73.97782,40.69344]]}},{"type":"Feature","properties":{"n":4,"s":17.4},"geometry":{"type":"LineString","coordinates":[[-73.97782,40.69344],[-73.97774,40.69344],[-73.97725,40.69342],[-73.97713,40.69341],[-73.97663,40.69339],[-73.97594,40.69337],[-73.97584,40.69336]]}},{"type":"Feature","properties":{"n":4,"s":17.4},"geometry":{"type":"LineString","coordinates":[[-73.97584,40.69336],[-73.97574,40.69336],[-73.97497,40.69332],[-73.97422,40.69329],[-73.97395,40.69329],[-73.97385,40.69328]]}},{"type":"Feature","properties":{"n":3,"s":19.3},"geometry":{"type":"LineString","coordinates":[[-73.97385,40.69328],[-73.97376,40.69328],[-73.97352,40.69327],[-73.97332,40.69326]]}},{"type":"Feature","properties":{"n":12,"s":13.0},"geometry":{"type":"LineString","coordinates":[[-73.98235,40.76235],[-73.98237,40.76231],[-73.98239,40.76229],[-73.98276,40.76179],[-73.98281,40.76172]]}},{"type":"Feature","properties":{"n":12,"s":13.5},"geometry":{"type":"LineString","coordinates":[[-73.98281,40.76172],[-73.98285,40.76166],[-73.98321,40.76115],[-73.98325,40.76109]]}},{"type":"Feature","properties":{"n":12,"s":13.5},"geometry":{"type":"LineString","coordinates":[[-73.98325,40.76109],[-73.98329,40.76104],[-73.98347,40.76079],[-73.98366,40.76053],[-73.98371,40.76046]]}},{"type":"Feature","properties":{"n":12,"s":13.5},"geometry":{"type":"LineString","coordinates":[[-73.98371,40.76046],[-73.98375,40.76041],[-73.98413,40.7599],[-73.98417,40.75984]]}},{"type":"Feature","properties":{"n":23,"s":15.8},"geometry":{"type":"LineString","coordinates":[[-73.98417,40.75984],[-73.98422,40.75978],[-73.98459,40.75927],[-73.98462,40.75922]]}},{"type":"Feature","properties":{"n":20,"s":15.9},"geometry":{"type":"LineString","coordinates":[[-73.98462,40.75922],[-73.98468,40.75915],[-73.98503,40.75867],[-73.98508,40.7586]]}},{"type":"Feature","properties":{"n":23,"s":15.0},"geometry":{"type":"LineString","coordinates":[[-73.98508,40.7586],[-73.98513,40.75852],[-73.98524,40.75837],[-73.98548,40.75804],[-73.98553,40.75796]]}},{"type":"Feature","properties":{"n":23,"s":15.2},"geometry":{"type":"LineString","coordinates":[[-73.98553,40.75796],[-73.98559,40.75789],[-73.98595,40.75742],[-73.98601,40.75734]]}},{"type":"Feature","properties":{"n":25,"s":15.0},"geometry":{"type":"LineString","coordinates":[[-73.98601,40.75734],[-73.98606,40.75728],[-73.98636,40.75684],[-73.9864,40.7568],[-73.98646,40.75671]]}},{"type":"Feature","properties":{"n":27,"s":15.8},"geometry":{"type":"LineString","coordinates":[[-73.98646,40.75671],[-73.98651,40.75664],[-73.98688,40.75613],[-73.98695,40.75604]]}},{"type":"Feature","properties":{"n":26,"s":16.3},"geometry":{"type":"LineString","coordinates":[[-73.98695,40.75604],[-73.98701,40.75595],[-73.9874,40.75543],[-73.98745,40.75537]]}},{"type":"Feature","properties":{"n":27,"s":16.7},"geometry":{"type":"LineString","coordinates":[[-73.98745,40.75537],[-73.98749,40.75532],[-73.98769,40.75503],[-73.98785,40.75481],[-73.98789,40.75476]]}},{"type":"Feature","properties":{"n":28,"s":16.7},"geometry":{"type":"LineString","coordinates":[[-73.98789,40.75476],[-73.98793,40.7547],[-73.98828,40.75421],[-73.98832,40.75415]]}},{"type":"Feature","properties":{"n":28,"s":16.7},"geometry":{"type":"LineString","coordinates":[[-73.98832,40.75415],[-73.98838,40.75407],[-73.98874,40.75359],[-73.9888,40.7535]]}},{"type":"Feature","properties":{"n":26,"s":16.9},"geometry":{"type":"LineString","coordinates":[[-73.9888,40.7535],[-73.98883,40.75346],[-73.98898,40.75325],[-73.98919,40.75296],[-73.98924,40.7529]]}},{"type":"Feature","properties":{"n":27,"s":16.6},"geometry":{"type":"LineString","coordinates":[[-73.98924,40.7529],[-73.98928,40.75284],[-73.98965,40.75235],[-73.98969,40.75229]]}},{"type":"Feature","properties":{"n":27,"s":16.6},"geometry":{"type":"LineString","coordinates":[[-73.98969,40.75229],[-73.98973,40.75222],[-73.99009,40.75172],[-73.99013,40.75166]]}},{"type":"Feature","properties":{"n":4,"s":20.0},"geometry":{"type":"LineString","coordinates":[[-73.99074,40.73479],[-73.99085,40.73483],[-73.99092,40.73487],[-73.99162,40.73516],[-73.99172,40.7352]]}},{"type":"Feature","properties":{"n":4,"s":19.1},"geometry":{"type":"LineString","coordinates":[[-73.99172,40.7352],[-73.99179,40.73523],[-73.99189,40.73527],[-73.99204,40.73534],[-73.99231,40.73545],[-73.99351,40.73596],[-73.99363,40.73601]]}},{"type":"Feature","properties":{"n":4,"s":19.1},"geometry":{"type":"LineString","coordinates":[[-73.99363,40.73601],[-73.99375,40.73606],[-73.99412,40.73622],[-73.99417,40.73624],[-73.99609,40.73705],[-73.99644,40.73719],[-73.99671,40.73731],[-73.99684,40.73736]]}},{"type":"Feature","properties":{"n":24,"s":17.7},"geometry":{"type":"LineString","coordinates":[[-73.99329,40.74223],[-73.99324,40.7423],[-73.99306,40.74255],[-73.99288,40.7428],[-73.9928,40.74291]]}},{"type":"Feature","properties":{"n":26,"s":17.3},"geometry":{"type":"LineString","coordinates":[[-73.9928,40.74291],[-73.99273,40.743],[-73.99236,40.74351],[-73.99232,40.74357]]}},{"type":"Feature","properties":{"n":26,"s":17.3},"geometry":{"type":"LineString","coordinates":[[-73.99232,40.74357],[-73.99227,40.74364],[-73.99198,40.74404],[-73.99191,40.74414],[-73.99187,40.74419]]}},{"type":"Feature","properties":{"n":28,"s":17.7},"geometry":{"type":"LineString","coordinates":[[-73.99187,40.74419],[-73.99182,40.74425],[-73.99146,40.74475],[-73.99141,40.74482]]}},{"type":"Feature","properties":{"n":29,"s":17.5},"geometry":{"type":"LineString","coordinates":[[-73.99141,40.74482],[-73.99137,40.74487],[-73.99111,40.74523],[-73.99101,40.74536],[-73.99097,40.74542]]}},{"type":"Feature","properties":{"n":20,"s":18.4},"geometry":{"type":"LineString","coordinates":[[-73.99097,40.74542],[-73.99092,40.74548],[-73.99066,40.74585],[-73.99056,40.74598],[-73.99052,40.74604]]}},{"type":"Feature","properties":{"n":21,"s":18.0},"geometry":{"type":"LineString","coordinates":[[-73.99052,40.74604],[-73.99047,40.7461],[-73.99038,40.74623],[-73.99024,40.74644],[-73.99011,40.74661],[-73.9901,40.74662],[-73.99007,40.74667]]}},{"type":"Feature","properties":{"n":21,"s":18.0},"geometry":{"type":"LineString","coordinates":[[-73.99007,40.74667],[-73.99003,40.74672],[-73.98966,40.74722],[-73.98962,40.74728]]}},{"type":"Feature","properties":{"n":21,"s":17.8},"geometry":{"type":"LineString","coordinates":[[-73.98962,40.74728],[-73.98957,40.74734],[-73.9893,40.7477],[-73.9892,40.74783],[-73.98916,40.7479]]}},{"type":"Feature","properties":{"n":21,"s":17.6},"geometry":{"type":"LineString","coordinates":[[-73.98916,40.7479],[-73.98912,40.74795],[-73.98901,40.7481],[-73.98873,40.74846],[-73.98869,40.74851]]}},{"type":"Feature","properties":{"n":12,"s":19.3},"geometry":{"type":"LineString","coordinates":[[-73.98869,40.74851],[-73.98866,40.74856],[-73.98828,40.74906],[-73.98824,40.74912]]}},{"type":"Feature","properties":{"n":9,"s":21.2},"geometry":{"type":"LineString","coordinates":[[-73.98824,40.74912],[-73.9882,40.74918],[-73.98791,40.74956],[-73.9878,40.74972],[-73.98775,40.7498]]}},{"type":"Feature","properties":{"n":16,"s":18.3},"geometry":{"type":"LineString","coordinates":[[-73.98775,40.7498],[-73.9877,40.74988],[-73.98741,40.75028],[-73.98733,40.75041],[-73.98729,40.75046]]}},{"type":"Feature","properties":{"n":18,"s":18.8},"geometry":{"type":"LineString","coordinates":[[-73.98729,40.75046],[-73.98725,40.75052],[-73.98704,40.7508],[-73.98687,40.75103],[-73.98683,40.75108]]}},{"type":"Feature","properties":{"n":18,"s":17.4},"geometry":{"type":"LineString","coordinates":[[-73.98683,40.75108],[-73.98679,40.75113],[-73.98644,40.75165],[-73.9864,40.7517]]}},{"type":"Feature","properties":{"n":17,"s":19.6},"geometry":{"type":"LineString","coordinates":[[-73.9864,40.7517],[-73.98635,40.75176],[-73.98599,40.75226],[-73.98595,40.75232]]}},{"type":"Feature","properties":{"n":18,"s":18.1},"geometry":{"type":"LineString","coordinates":[[-73.98595,40.75232],[-73.98591,40.75237],[-73.98553,40.75288],[-73.98548,40.75294]]}},{"type":"Feature","properties":{"n":20,"s":18.2},"geometry":{"type":"LineString","coordinates":[[-73.98548,40.75294],[-73.98545,40.75299],[-73.98508,40.7535],[-73.98504,40.75356]]}},{"type":"Feature","properties":{"n":17,"s":19.8},"geometry":{"type":"LineString","coordinates":[[-73.98504,40.75356],[-73.985,40.75362],[-73.98494,40.75369],[-73.98464,40.75412],[-73.9846,40.75418]]}},{"type":"Feature","properties":{"n":17,"s":19.8},"geometry":{"type":"LineString","coordinates":[[-73.9846,40.75418],[-73.98455,40.75424],[-73.98443,40.75441],[-73.98418,40.75476],[-73.98412,40.75484]]}},{"type":"Feature","properties":{"n":18,"s":20.7},"geometry":{"type":"LineString","coordinates":[[-73.98412,40.75484],[-73.98405,40.75494],[-73.98403,40.75496],[-73.98367,40.75545],[-73.98362,40.75552]]}},{"type":"Feature","properties":{"n":16,"s":21.5},"geometry":{"type":"LineString","coordinates":[[-73.98362,40.75552],[-73.98358,40.75557],[-73.98321,40.75608],[-73.98317,40.75614]]}},{"type":"Feature","properties":{"n":16,"s":21.5},"geometry":{"type":"LineString","coordinates":[[-73.98317,40.75614],[-73.98312,40.7562],[-73.98275,40.75671],[-73.98271,40.75677]]}},{"type":"Feature","properties":{"n":17,"s":21.1},"geometry":{"type":"LineString","coordinates":[[-73.98271,40.75677],[-73.98267,40.75683],[-73.9823,40.75732],[-73.98225,40.75739]]}},{"type":"Feature","properties":{"n":16,"s":21.5},"geometry":{"type":"LineString","coordinates":[[-73.98225,40.75739],[-73.98221,40.75745],[-73.98184,40.75796],[-73.9818,40.75802]]}},{"type":"Feature","properties":{"n":16,"s":21.5},"geometry":{"type":"LineString","coordinates":[[-73.9818,40.75802],[-73.98175,40.75808],[-73.98165,40.75822],[-73.98138,40.75859],[-73.98134,40.75865]]}},{"type":"Feature","properties":{"n":16,"s":21.5},"geometry":{"type":"LineString","coordinates":[[-73.98134,40.75865],[-73.9813,40.75871],[-73.98092,40.75922],[-73.98088,40.75927]]}},{"type":"Feature","properties":{"n":19,"s":19.8},"geometry":{"type":"LineString","coordinates":[[-73.98088,40.75927],[-73.9807,40.75952],[-73.98047,40.75984],[-73.98042,40.75991]]}},{"type":"Feature","properties":{"n":18,"s":20.1},"geometry":{"type":"LineString","coordinates":[[-73.98042,40.75991],[-73.98032,40.76005],[-73.98028,40.7601],[-73.98001,40.76047],[-73.97997,40.76052]]}},{"type":"Feature","properties":{"n":18,"s":20.1},"geometry":{"type":"LineString","coordinates":[[-73.97997,40.76052],[-73.97992,40.76059],[-73.97988,40.76065],[-73.97956,40.76109],[-73.97954,40.76112],[-73.97951,40.76116]]}},{"type":"Feature","properties":{"n":16,"s":20.1},"geometry":{"type":"LineString","coordinates":[[-73.97951,40.76116],[-73.97947,40.76121],[-73.97931,40.76144],[-73.9791,40.76172],[-73.97906,40.76177]]}},{"type":"Feature","properties":{"n":17,"s":20.2},"geometry":{"type":"LineString","coordinates":[[-73.97906,40.76177],[-73.97901,40.76184],[-73.97865,40.76234],[-73.97861,40.7624]]}},{"type":"Feature","properties":{"n":15,"s":19.6},"geometry":{"type":"LineString","coordinates":[[-73.97861,40.7624],[-73.97856,40.76247],[-73.97827,40.76287],[-73.97819,40.76298],[-73.97814,40.76304]]}},{"type":"Feature","properties":{"n":16,"s":19.1},"geometry":{"type":"LineString","coordinates":[[-73.97814,40.76304],[-73.9781,40.76309],[-73.97773,40.7636],[-73.97769,40.76365]]}},{"type":"Feature","properties":{"n":17,"s":18.5},"geometry":{"type":"LineString","coordinates":[[-73.97769,40.76365],[-73.97764,40.76372],[-73.97726,40.76423],[-73.9772,40.76432]]}},{"type":"Feature","properties":{"n":16,"s":20.5},"geometry":{"type":"LineString","coordinates":[[-73.9772,40.76432],[-73.97712,40.76443],[-73.97675,40.76495],[-73.97671,40.765]]}},{"type":"Feature","properties":{"n":14,"s":19.1},"geometry":{"type":"LineString","coordinates":[[-73.97671,40.765],[-73.97666,40.76507],[-73.9765,40.76529],[-73.97629,40.76557],[-73.97624,40.76568]]}},{"type":"Feature","properties":{"n":22,"s":18.0},"geometry":{"type":"LineString","coordinates":[[-73.97624,40.76568],[-73.97637,40.76573],[-73.97642,40.76575],[-73.97672,40.76588],[-73.97679,40.76591],[-73.9771,40.76604],[-73.97764,40.76627],[-73.97895,40.76682],[-73.97908,40.76688]]}},{"type":"Feature","properties":{"n":14,"s":19.8},"geometry":{"type":"LineString","coordinates":[[-73.97908,40.76688],[-73.97919,40.76692],[-73.9796,40.7671],[-73.97967,40.76713],[-73.98078,40.7676]]}},{"type":"Feature","properties":{"n":14,"s":19.8},"geometry":{"type":"LineString","coordinates":[[-73.98078,40.7676],[-73.98115,40.76781],[-73.98121,40.76784],[-73.98123,40.76786],[-73.98126,40.76788],[-73.98128,40.7679],[-73.98129,40.76793],[-73.9813,40.76794],[-73.98133,40.76799],[-73.98139,40.7681]]}},{"type":"Feature","properties":{"n":47,"s":23.7},"geometry":{"type":"LineString","coordinates":[[-73.98139,40.7681],[-73.9814,40.76813],[-73.98141,40.76815],[-73.98141,40.76817],[-73.98142,40.76819],[-73.98144,40.76822],[-73.98147,40.76826]]}},{"type":"Feature","properties":{"n":32,"s":23.6},"geometry":{"type":"LineString","coordinates":[[-73.98147,40.76826],[-73.98151,40.7683],[-73.98154,40.76832],[-73.98159,40.76835],[-73.98164,40.76838],[-73.98168,40.7684]]}},{"type":"Feature","properties":{"n":31,"s":23.5},"geometry":{"type":"LineString","coordinates":[[-73.98168,40.7684],[-73.98189,40.7685],[-73.98193,40.76852],[-73.98195,40.76854],[-73.98196,40.76855],[-73.98197,40.76856],[-73.98198,40.76859],[-73.98199,40.76863],[-73.98199,40.76866],[-73.98199,40.76883],[-73.982,40.7689]]}},{"type":"Feature","properties":{"n":25,"s":25.1},"geometry":{"type":"LineString","coordinates":[[-73.982,40.7689],[-73.982,40.76898],[-73.982,40.76924],[-73.98201,40.76932],[-73.98201,40.76963],[-73.98201,40.7697]]}},{"type":"Feature","properties":{"n":25,"s":25.1},"geometry":{"type":"LineString","coordinates":[[-73.98201,40.7697],[-73.98202,40.76978],[-73.98204,40.77045],[-73.98204,40.77052]]}},{"type":"Feature","properties":{"n":25,"s":25.1},"geometry":{"type":"LineString","coordinates":[[-73.98204,40.77052],[-73.98205,40.7706],[-73.98205,40.77127],[-73.98205,40.77135]]}},{"type":"Feature","properties":{"n":24,"s":25.6},"geometry":{"type":"LineString","coordinates":[[-73.98205,40.77135],[-73.98205,40.77144],[-73.98206,40.77175],[-73.98207,40.7721],[-73.98208,40.77217]]}},{"type":"Feature","properties":{"n":24,"s":25.6},"geometry":{"type":"LineString","coordinates":[[-73.98208,40.77217],[-73.98208,40.77222],[-73.9821,40.77266],[-73.9821,40.77274],[-73.98211,40.77289]]}},{"type":"Feature","properties":{"n":24,"s":25.6},"geometry":{"type":"LineString","coordinates":[[-73.98211,40.77289],[-73.98211,40.77292],[-73.98211,40.773]]}},{"type":"Feature","properties":{"n":24,"s":25.6},"geometry":{"type":"LineString","coordinates":[[-73.98211,40.773],[-73.98211,40.77307],[-73.98211,40.77316],[-73.98211,40.77377],[-73.98212,40.77384]]}},{"type":"Feature","properties":{"n":23,"s":26.1},"geometry":{"type":"LineString","coordinates":[[-73.98212,40.77384],[-73.98212,40.77391],[-73.9821,40.77457],[-73.98211,40.77464]]}},{"type":"Feature","properties":{"n":23,"s":26.1},"geometry":{"type":"LineString","coordinates":[[-73.98211,40.77464],[-73.9821,40.77472],[-73.98207,40.77537],[-73.98207,40.77545]]}},{"type":"Feature","properties":{"n":24,"s":26.2},"geometry":{"type":"LineString","coordinates":[[-73.98207,40.77545],[-73.98206,40.77552],[-73.98204,40.77618],[-73.98203,40.77625]]}},{"type":"Feature","properties":{"n":23,"s":26.6},"geometry":{"type":"LineString","coordinates":[[-73.98203,40.77625],[-73.98203,40.77633],[-73.982,40.77698],[-73.982,40.77705]]}},{"type":"Feature","properties":{"n":22,"s":27.3},"geometry":{"type":"LineString","coordinates":[[-73.982,40.77705],[-73.982,40.77714],[-73.98197,40.77779],[-73.98197,40.77786]]}},{"type":"Feature","properties":{"n":21,"s":27.7},"geometry":{"type":"LineString","coordinates":[[-73.98197,40.77786],[-73.98196,40.77796],[-73.98195,40.77803],[-73.98194,40.77806],[-73.98193,40.7781],[-73.98191,40.77814],[-73.98189,40.77819]]}},{"type":"Feature","properties":{"n":31,"s":27.7},"geometry":{"type":"LineString","coordinates":[[-73.98189,40.77819],[-73.98168,40.7785],[-73.98161,40.7786]]}},{"type":"Feature","properties":{"n":28,"s":28.6},"geometry":{"type":"LineString","coordinates":[[-73.98161,40.7786],[-73.98154,40.7787],[-73.9813,40.77904],[-73.98115,40.77923],[-73.98112,40.77928]]}},{"type":"Feature","properties":{"n":14,"s":24.4},"geometry":{"type":"LineString","coordinates":[[-73.98112,40.77928],[-73.98107,40.77935],[-73.9807,40.77987],[-73.98066,40.77992]]}},{"type":"Feature","properties":{"n":13,"s":24.8},"geometry":{"type":"LineString","coordinates":[[-73.98066,40.77992],[-73.98062,40.77998],[-73.98032,40.7804],[-73.98025,40.7805],[-73.98021,40.78056]]}},{"type":"Feature","properties":{"n":13,"s":24.8},"geometry":{"type":"LineString","coordinates":[[-73.98021,40.78056],[-73.98017,40.78062],[-73.97978,40.78114],[-73.97975,40.78118]]}},{"type":"Feature","properties":{"n":13,"s":24.8},"geometry":{"type":"LineString","coordinates":[[-73.97975,40.78118],[-73.9797,40.78125],[-73.97939,40.78169],[-73.97932,40.78178],[-73.97927,40.78184]]}},{"type":"Feature","properties":{"n":13,"s":24.8},"geometry":{"type":"LineString","coordinates":[[-73.97927,40.78184],[-73.97924,40.78189],[-73.97886,40.78241],[-73.97882,40.78246]]}},{"type":"Feature","properties":{"n":13,"s":24.8},"geometry":{"type":"LineString","coordinates":[[-73.97882,40.78246],[-73.97878,40.78253],[-73.97863,40.78274],[-73.97839,40.78306],[-73.97833,40.78315]]}},{"type":"Feature","properties":{"n":14,"s":24.2},"geometry":{"type":"LineString","coordinates":[[-73.97833,40.78315],[-73.97826,40.78325],[-73.97786,40.78378],[-73.97783,40.78383]]}},{"type":"Feature","properties":{"n":15,"s":24.0},"geometry":{"type":"LineString","coordinates":[[-73.97783,40.78383],[-73.97778,40.78389],[-73.97757,40.78417],[-73.97747,40.78431],[-73.9774,40.78441],[-73.97735,40.78447]]}},{"type":"Feature","properties":{"n":16,"s":24.6},"geometry":{"type":"LineString","coordinates":[[-73.97735,40.78447],[-73.97731,40.78453],[-73.97693,40.78505],[-73.97689,40.7851]]}},{"type":"Feature","properties":{"n":16,"s":24.6},"geometry":{"type":"LineString","coordinates":[[-73.97689,40.7851],[-73.97685,40.78516],[-73.97656,40.78556],[-73.97648,40.78567],[-73.97644,40.78573]]}},{"type":"Feature","properties":{"n":15,"s":24.8},"geometry":{"type":"LineString","coordinates":[[-73.97644,40.78573],[-73.97639,40.7858],[-73.97601,40.78631],[-73.97598,40.78636]]}},{"type":"Feature","properties":{"n":14,"s":24.8},"geometry":{"type":"LineString","coordinates":[[-73.97598,40.78636],[-73.97593,40.78643],[-73.97555,40.78695],[-73.97551,40.787]]}},{"type":"Feature","properties":{"n":14,"s":24.8},"geometry":{"type":"LineString","coordinates":[[-73.97551,40.787],[-73.97546,40.78706],[-73.9753,40.78728],[-73.97508,40.78759],[-73.97501,40.78769]]}},{"type":"Feature","properties":{"n":13,"s":24.2},"geometry":{"type":"LineString","coordinates":[[-73.97501,40.78769],[-73.97494,40.78778],[-73.97463,40.78821],[-73.97455,40.78831],[-73.97452,40.78836]]}},{"type":"Feature","properties":{"n":12,"s":24.5},"geometry":{"type":"LineString","coordinates":[[-73.97452,40.78836],[-73.97447,40.78842],[-73.9741,40.78894],[-73.97406,40.78899]]}},{"type":"Feature","properties":{"n":12,"s":24.5},"geometry":{"type":"LineString","coordinates":[[-73.97406,40.78899],[-73.97401,40.78905],[-73.97371,40.78947],[-73.97364,40.78956],[-73.9736,40.78961]]}},{"type":"Feature","properties":{"n":13,"s":23.9},"geometry":{"type":"LineString","coordinates":[[-73.9736,40.78961],[-73.97356,40.78968],[-73.97318,40.79019],[-73.97314,40.79024]]}},{"type":"Feature","properties":{"n":11,"s":25.0},"geometry":{"type":"LineString","coordinates":[[-73.97314,40.79024],[-73.9731,40.79031],[-73.9728,40.79072],[-73.97273,40.79081],[-73.97268,40.79088]]}},{"type":"Feature","properties":{"n":12,"s":24.5},"geometry":{"type":"LineString","coordinates":[[-73.97268,40.79088],[-73.97264,40.79093],[-73.97227,40.79145],[-73.97223,40.7915]]}},{"type":"Feature","properties":{"n":12,"s":24.5},"geometry":{"type":"LineString","coordinates":[[-73.97223,40.7915],[-73.97219,40.79156],[-73.972,40.79183],[-73.97182,40.79207],[-73.97178,40.79213]]}},{"type":"Feature","properties":{"n":11,"s":25.1},"geometry":{"type":"LineString","coordinates":[[-73.97178,40.79213],[-73.97173,40.79219],[-73.97149,40.79253],[-73.97136,40.7927],[-73.97132,40.79276]]}},{"type":"Feature","properties":{"n":11,"s":25.1},"geometry":{"type":"LineString","coordinates":[[-73.97132,40.79276],[-73.97129,40.79281],[-73.97091,40.79333],[-73.97087,40.79339]]}},{"type":"Feature","properties":{"n":11,"s":25.1},"geometry":{"type":"LineString","coordinates":[[-73.97087,40.79339],[-73.97082,40.79345],[-73.97066,40.79367],[-73.97044,40.79397],[-73.97037,40.79406]]}},{"type":"Feature","properties":{"n":9,"s":27.7},"geometry":{"type":"LineString","coordinates":[[-73.97037,40.79406],[-73.9703,40.79415],[-73.96999,40.79459],[-73.96991,40.79468],[-73.96987,40.79473]]}},{"type":"Feature","properties":{"n":8,"s":27.6},"geometry":{"type":"LineString","coordinates":[[-73.96987,40.79473],[-73.96983,40.7948],[-73.96946,40.7953],[-73.96942,40.79537]]}},{"type":"Feature","properties":{"n":8,"s":27.6},"geometry":{"type":"LineString","coordinates":[[-73.96942,40.79537],[-73.96937,40.79542],[-73.96904,40.79584],[-73.96898,40.79593],[-73.96894,40.79598]]}},{"type":"Feature","properties":{"n":8,"s":27.6},"geometry":{"type":"LineString","coordinates":[[-73.96894,40.79598],[-73.9689,40.79604],[-73.96852,40.79656],[-73.96846,40.79664]]}},{"type":"Feature","properties":{"n":8,"s":27.6},"geometry":{"type":"LineString","coordinates":[[-73.96846,40.79664],[-73.96839,40.79673],[-73.96813,40.79709],[-73.96806,40.79718],[-73.96802,40.79724]]}},{"type":"Feature","properties":{"n":28,"s":21.9},"geometry":{"type":"LineString","coordinates":[[-73.97579,40.74065],[-73.97575,40.74071],[-73.97539,40.7412],[-73.97534,40.74127]]}},{"type":"Feature","properties":{"n":56,"s":20.2},"geometry":{"type":"LineString","coordinates":[[-73.99799,40.74597],[-73.99794,40.74603],[-73.99782,40.7462],[-73.99775,40.74631],[-73.99759,40.74653],[-73.99755,40.74658]]}},{"type":"Feature","properties":{"n":3,"s":10.4},"geometry":{"type":"LineString","coordinates":[[-73.99755,40.74658],[-73.9977,40.74664],[-73.99832,40.7469],[-73.99864,40.74704],[-73.99913,40.74724],[-73.99917,40.74726],[-74.00002,40.74761],[-74.00027,40.74771],[-74.00042,40.74779]]}},{"type":"Feature","properties":{"n":3,"s":10.4},"geometry":{"type":"LineString","coordinates":[[-74.00042,40.74779],[-74.00053,40.74784],[-74.00094,40.74802],[-74.0031,40.74892],[-74.00324,40.74897]]}},{"type":"Feature","properties":{"n":18,"s":21.6},"geometry":{"type":"LineString","coordinates":[[-74.00324,40.74897],[-74.00319,40.74904],[-74.00286,40.7495],[-74.00283,40.74953],[-74.00277,40.74961]]}},{"type":"Feature","properties":{"n":10,"s":13.3},"geometry":{"type":"LineString","coordinates":[[-73.99412,40.72664],[-73.99407,40.72671],[-73.99405,40.72674],[-73.99403,40.72676],[-73.99372,40.72718],[-73.99368,40.72722],[-73.99362,40.72729]]}},{"type":"Feature","properties":{"n":10,"s":14.8},"geometry":{"type":"LineString","coordinates":[[-73.99362,40.72729],[-73.99357,40.72735],[-73.99354,40.72738],[-73.99349,40.72744],[-73.99321,40.72777],[-73.99318,40.72782],[-73.99314,40.72785]]}},{"type":"Feature","properties":{"n":10,"s":16.5},"geometry":{"type":"LineString","coordinates":[[-73.99314,40.72785],[-73.99309,40.72792],[-73.99258,40.72854],[-73.99162,40.72966],[-73.99155,40.72973],[-73.99154,40.72975],[-73.99151,40.72977],[-73.99149,40.72979],[-73.99147,40.72981],[-73.99143,40.72983],[-73.99139,40.72986]]}},{"type":"Feature","properties":{"n":11,"s":16.8},"geometry":{"type":"LineString","coordinates":[[-73.99139,40.72986],[-73.99123,40.72996],[-73.99118,40.72999],[-73.99115,40.73002],[-73.99111,40.73005]]}},{"type":"Feature","properties":{"n":14,"s":15.6},"geometry":{"type":"LineString","coordinates":[[-73.99111,40.73005],[-73.99103,40.73001],[-73.99087,40.72995],[-73.99081,40.72992],[-73.99074,40.72989]]}},{"type":"Feature","properties":{"n":14,"s":15.6},"geometry":{"type":"LineString","coordinates":[[-73.99074,40.72989],[-73.99066,40.72986],[-73.99009,40.72966],[-73.99006,40.72965],[-73.99003,40.72964],[-73.9899,40.72957]]}},{"type":"Feature","properties":{"n":28,"s":22.3},"geometry":{"type":"LineString","coordinates":[[-73.97534,40.74127],[-73.97528,40.74135],[-73.97469,40.74216],[-73.97469,40.74216],[-73.97432,40.74267],[-73.97428,40.74273],[-73.97418,40.74287],[-73.97407,40.74302],[-73.97401,40.74309]]}},{"type":"Feature","properties":{"n":27,"s":22.6},"geometry":{"type":"LineString","coordinates":[[-73.97401,40.74309],[-73.97396,40.74317],[-73.97386,40.74331],[-73.97383,40.74335],[-73.97358,40.74369],[-73.97351,40.74379]]}},{"type":"Feature","properties":{"n":19,"s":23.9},"geometry":{"type":"LineString","coordinates":[[-73.97351,40.74379],[-73.97344,40.74388],[-73.97318,40.74424],[-73.97314,40.74428],[-73.97307,40.74438],[-73.97303,40.74445]]}},{"type":"Feature","properties":{"n":20,"s":24.5},"geometry":{"type":"LineString","coordinates":[[-73.97303,40.74445],[-73.97297,40.74452],[-73.97275,40.74483],[-73.97262,40.74501],[-73.97257,40.74507]]}},{"type":"Feature","properties":{"n":20,"s":24.5},"geometry":{"type":"LineString","coordinates":[[-73.97257,40.74507],[-73.97252,40.74514],[-73.97227,40.74548],[-73.97226,40.7455],[-73.97217,40.74563],[-73.97212,40.74569]]}},{"type":"Feature","properties":{"n":19,"s":25.1},"geometry":{"type":"LineString","coordinates":[[-73.97212,40.74569],[-73.97208,40.74575],[-73.97184,40.74607],[-73.97172,40.74624],[-73.97168,40.7463]]}},{"type":"Feature","properties":{"n":20,"s":24.8},"geometry":{"type":"LineString","coordinates":[[-73.97168,40.7463],[-73.97163,40.74636],[-73.97151,40.74653],[-73.97127,40.74686],[-73.97122,40.74693]]}},{"type":"Feature","properties":{"n":19,"s":25.1},"geometry":{"type":"LineString","coordinates":[[-73.97122,40.74693],[-73.97118,40.74698],[-73.97104,40.74718]]}},{"type":"Feature","properties":{"n":19,"s":25.1},"geometry":{"type":"LineString","coordinates":[[-73.97104,40.74718],[-73.97083,40.74748],[-73.97079,40.74755]]}},{"type":"Feature","properties":{"n":19,"s":25.1},"geometry":{"type":"LineString","coordinates":[[-73.97079,40.74755],[-73.97075,40.74761],[-73.97058,40.74783]]}},{"type":"Feature","properties":{"n":14,"s":24.6},"geometry":{"type":"LineString","coordinates":[[-73.97058,40.74783],[-73.9705,40.74797],[-73.96996,40.74872],[-73.96756,40.75203],[-73.9674,40.75225],[-73.96713,40.75261],[-73.967,40.75278],[-73.96672,40.75317],[-73.96669,40.75322],[-73.96666,40.75328]]}},{"type":"Feature","properties":{"n":4,"s":19.7},"geometry":{"type":"LineString","coordinates":[[-73.97479,40.73537],[-73.97478,40.73541],[-73.97477,40.73546],[-73.97477,40.73549],[-73.97477,40.73551],[-73.97478,40.73558],[-73.97479,40.73566],[-73.97481,40.73576],[-73.97481,40.73585],[-73.97481,40.73599]]}},{"type":"Feature","properties":{"n":10,"s":15.8},"geometry":{"type":"LineString","coordinates":[[-73.96384,40.71048],[-73.96381,40.71052],[-73.96372,40.71067],[-73.96364,40.71079],[-73.96359,40.71087],[-73.96342,40.71116],[-73.9634,40.71119],[-73.96336,40.71124]]}},{"type":"Feature","properties":{"n":3,"s":10.2},"geometry":{"type":"LineString","coordinates":[[-73.95994,40.71081],[-73.95997,40.71075],[-73.95999,40.71072],[-73.96018,40.71041],[-73.9602,40.71038],[-73.96022,40.71035],[-73.96025,40.71033],[-73.96027,40.71032],[-73.9603,40.7103],[-73.96033,40.71029],[-73.96037,40.71029],[-73.96043,40.71028],[-73.96064,40.71029]]}},{"type":"Feature","properties":{"n":3,"s":10.2},"geometry":{"type":"LineString","coordinates":[[-73.96064,40.71029],[-73.96074,40.7103],[-73.96085,40.71032],[-73.96094,40.71034],[-73.96104,40.71036],[-73.96114,40.71039],[-73.96167,40.7105]]}},{"type":"Feature","properties":{"n":3,"s":10.2},"geometry":{"type":"LineString","coordinates":[[-73.96167,40.7105],[-73.96461,40.71141]]}},{"type":"Feature","properties":{"n":3,"s":10.2},"geometry":{"type":"LineString","coordinates":[[-73.96461,40.71141],[-73.96589,40.71184],[-73.96691,40.71213],[-73.97712,40.71522],[-73.97828,40.71559],[-73.9788,40.71572]]}},{"type":"Feature","properties":{"n":3,"s":10.2},"geometry":{"type":"LineString","coordinates":[[-73.9788,40.71572],[-73.98375,40.71722],[-73.98416,40.71735],[-73.9855,40.71776]]}},{"type":"Feature","properties":{"n":3,"s":10.2},"geometry":{"type":"LineString","coordinates":[[-73.9855,40.71776],[-73.98562,40.71784],[-73.98564,40.71787],[-73.98565,40.7179],[-73.98565,40.71793]]}},{"type":"Feature","properties":{"n":3,"s":10.2},"geometry":{"type":"LineString","coordinates":[[-73.98565,40.71793],[-73.98564,40.71798],[-73.9851,40.71904],[-73.98508,40.71908]]}},{"type":"Feature","properties":{"n":6,"s":12.1},"geometry":{"type":"LineString","coordinates":[[-73.98508,40.71908],[-73.98514,40.7191],[-73.98585,40.71932],[-73.98591,40.71934]]}},{"type":"Feature","properties":{"n":7,"s":12.5},"geometry":{"type":"LineString","coordinates":[[-73.98591,40.71934],[-73.98598,40.71936],[-73.98668,40.71957],[-73.98675,40.71959]]}},{"type":"Feature","properties":{"n":10,"s":28.2},"geometry":{"type":"LineString","coordinates":[[-73.95212,40.78138],[-73.95207,40.78144],[-73.95169,40.78196],[-73.95165,40.78201]]}},{"type":"Feature","properties":{"n":11,"s":28.0},"geometry":{"type":"LineString","coordinates":[[-73.95165,40.78201],[-73.95161,40.78207],[-73.95145,40.78229],[-73.95123,40.78258],[-73.9512,40.78263]]}},{"type":"Feature","properties":{"n":10,"s":28.0},"geometry":{"type":"LineString","coordinates":[[-73.9512,40.78263],[-73.95115,40.78269],[-73.95079,40.78321],[-73.95075,40.78327]]}},{"type":"Feature","properties":{"n":9,"s":29.4},"geometry":{"type":"LineString","coordinates":[[-73.95075,40.78327],[-73.95071,40.78333],[-73.95034,40.78385],[-73.9503,40.78391]]}},{"type":"Feature","properties":{"n":10,"s":27.9},"geometry":{"type":"LineString","coordinates":[[-73.9503,40.78391],[-73.95026,40.78396],[-73.94987,40.78448],[-73.94984,40.78453]]}},{"type":"Feature","properties":{"n":10,"s":27.9},"geometry":{"type":"LineString","coordinates":[[-73.94984,40.78453],[-73.94979,40.78458],[-73.9494,40.78511],[-73.94933,40.7852]]}},{"type":"Feature","properties":{"n":7,"s":28.2},"geometry":{"type":"LineString","coordinates":[[-73.94933,40.7852],[-73.94925,40.7853],[-73.94888,40.78582],[-73.94883,40.78589]]}},{"type":"Feature","properties":{"n":6,"s":27.7},"geometry":{"type":"LineString","coordinates":[[-73.94883,40.78589],[-73.94878,40.78596],[-73.94844,40.78644],[-73.94839,40.7865]]}},{"type":"Feature","properties":{"n":6,"s":27.7},"geometry":{"type":"LineString","coordinates":[[-73.94839,40.7865],[-73.94834,40.78656],[-73.94802,40.787],[-73.94797,40.78706],[-73.94792,40.78712]]}},{"type":"Feature","properties":{"n":5,"s":27.4},"geometry":{"type":"LineString","coordinates":[[-73.94792,40.78712],[-73.94787,40.78719],[-73.94772,40.7874],[-73.9475,40.7877],[-73.94746,40.78775]]}},{"type":"Feature","properties":{"n":5,"s":27.4},"geometry":{"type":"LineString","coordinates":[[-73.94746,40.78775],[-73.94742,40.78781],[-73.94709,40.78826],[-73.94704,40.78833],[-73.947,40.78839]]}},{"type":"Feature","properties":{"n":5,"s":27.4},"geometry":{"type":"LineString","coordinates":[[-73.947,40.78839],[-73.94696,40.78845],[-73.9466,40.78893],[-73.94655,40.789]]}},{"type":"Feature","properties":{"n":5,"s":27.4},"geometry":{"type":"LineString","coordinates":[[-73.94655,40.789],[-73.9465,40.78907],[-73.94612,40.78959],[-73.94609,40.78964]]}},{"type":"Feature","properties":{"n":3,"s":27.5},"geometry":{"type":"LineString","coordinates":[[-73.94609,40.78964],[-73.94604,40.78971],[-73.94568,40.79019],[-73.94564,40.79025]]}},{"type":"Feature","properties":{"n":3,"s":27.5},"geometry":{"type":"LineString","coordinates":[[-73.94564,40.79025],[-73.94558,40.79033],[-73.94521,40.79084],[-73.94517,40.79089]]}},{"type":"Feature","properties":{"n":3,"s":27.5},"geometry":{"type":"LineString","coordinates":[[-73.94517,40.79089],[-73.94513,40.79095],[-73.94475,40.79147],[-73.94468,40.79157]]}},{"type":"Feature","properties":{"n":40,"s":18.7},"geometry":{"type":"LineString","coordinates":[[-73.98357,40.74393],[-73.98353,40.74398],[-73.98319,40.74445],[-73.98316,40.74448],[-73.98312,40.74455]]}},{"type":"Feature","properties":{"n":40,"s":18.7},"geometry":{"type":"LineString","coordinates":[[-73.98312,40.74455],[-73.98309,40.74459],[-73.98274,40.74507],[-73.98271,40.74511],[-73.98267,40.74516]]}},{"type":"Feature","properties":{"n":17,"s":18.4},"geometry":{"type":"LineString","coordinates":[[-73.98267,40.74516],[-73.98263,40.74522],[-73.98229,40.74568],[-73.98226,40.74572],[-73.98222,40.74578]]}},{"type":"Feature","properties":{"n":24,"s":18.1},"geometry":{"type":"LineString","coordinates":[[-73.98222,40.74578],[-73.98217,40.74584],[-73.98184,40.7463],[-73.98181,40.74634],[-73.98176,40.74639]]}},{"type":"Feature","properties":{"n":24,"s":18.1},"geometry":{"type":"LineString","coordinates":[[-73.98176,40.74639],[-73.98172,40.74645],[-73.98137,40.74692],[-73.98134,40.74696],[-73.98127,40.74705]]}},{"type":"Feature","properties":{"n":12,"s":16.3},"geometry":{"type":"LineString","coordinates":[[-73.98127,40.74705],[-73.98118,40.74701],[-73.98112,40.74699],[-73.98087,40.74688],[-73.9799,40.74647],[-73.97984,40.74645],[-73.97974,40.74641]]}},{"type":"Feature","properties":{"n":14,"s":16.4},"geometry":{"type":"LineString","coordinates":[[-73.97974,40.74641],[-73.97962,40.74636],[-73.97957,40.74634],[-73.97949,40.74631],[-73.97946,40.7463],[-73.97943,40.74629],[-73.9794,40.74628],[-73.97904,40.74613],[-73.97851,40.74591],[-73.97832,40.74583],[-73.97825,40.7458],[-73.97813,40.74574]]}},{"type":"Feature","properties":{"n":20,"s":18.2},"geometry":{"type":"LineString","coordinates":[[-73.97719,40.74701],[-73.97711,40.74698],[-73.97705,40.74696],[-73.97639,40.74668],[-73.97622,40.74661],[-73.97577,40.74642],[-73.97552,40.74631],[-73.97515,40.74616],[-73.97508,40.74613],[-73.97494,40.74608]]}},{"type":"Feature","properties":{"n":24,"s":18.8},"geometry":{"type":"LineString","coordinates":[[-73.97494,40.74608],[-73.97478,40.74605],[-73.9747,40.74604]]}},{"type":"Feature","properties":{"n":24,"s":18.8},"geometry":{"type":"LineString","coordinates":[[-73.9747,40.74604],[-73.97457,40.74598],[-73.97423,40.74591],[-73.97412,40.74589],[-73.97401,40.74587],[-73.97393,40.74584],[-73.97385,40.74582],[-73.97375,40.74578],[-73.97344,40.74566]]}},{"type":"Feature","properties":{"n":29,"s":18.6},"geometry":{"type":"LineString","coordinates":[[-73.97344,40.74566],[-73.97334,40.74563],[-73.9732,40.74559],[-73.97312,40.74558],[-73.97304,40.74557],[-73.97298,40.74557],[-73.97293,40.74557],[-73.97287,40.74557],[-73.9728,40.74557],[-73.97275,40.74558],[-73.97268,40.74558],[-73.97262,40.7456],[-73.97256,40.74561],[-73.97244,40.74565],[-73.9722,40.74574],[-73.97203,40.74585],[-73.97189,40.74595],[-73.9717,40.74612],[-73.9709,40.74721],[-73.97083,40.7473],[-73.9707,40.74745],[-73.97056,40.74756],[-73.9704,40.74767],[-73.97023,40.74774],[-73.97002,40.74781],[-73.96985,40.74786],[-73.96964,40.7479],[-73.96944,40.74792],[-73.96921,40.74792],[-73.96901,40.74791],[-73.9688,40.74788],[-73.96862,40.74783],[-73.96846,40.74777],[-73.96821,40.74766],[-73.96805,40.74757],[-73.96126,40.74294],[-73.96097,40.74277],[-73.9607,40.74263],[-73.96038,40.74248],[-73.96006,40.74237],[-73.95967,40.74225],[-73.9592,40.74215],[-73.95576,40.7415],[-73.95549,40.74145],[-73.95525,40.74142],[-73.95498,40.74139],[-73.95475,40.74138],[-73.95407,40.74142],[-73.9539,40.74142],[-73.95376,40.74141],[-73.95355,40.7414],[-73.95336,40.74139],[-73.95273,40.74134]]}},{"type":"Feature","properties":{"n":8,"s":13.8},"geometry":{"type":"LineString","coordinates":[[-73.95273,40.74134],[-73.95247,40.74126],[-73.95236,40.74123],[-73.95228,40.74119],[-73.9522,40.74115],[-73.95215,40.74113],[-73.95211,40.7411],[-73.95209,40.74108],[-73.95208,40.74106],[-73.95208,40.74104],[-73.95208,40.74102],[-73.95209,40.74101],[-73.9521,40.74097],[-73.95213,40.74088]]}},{"type":"Feature","properties":{"n":4,"s":11.8},"geometry":{"type":"LineString","coordinates":[[-73.95213,40.74088],[-73.95227,40.74091]]}},{"type":"Feature","properties":{"n":4,"s":11.8},"geometry":{"type":"LineString","coordinates":[[-73.95227,40.74091],[-73.95327,40.7411],[-73.95336,40.74111],[-73.95378,40.74119],[-73.95398,40.74122]]}},{"type":"Feature","properties":{"n":4,"s":11.8},"geometry":{"type":"LineString","coordinates":[[-73.95398,40.74122],[-73.95411,40.7413],[-73.95416,40.74133],[-73.95418,40.74136],[-73.95421,40.74139],[-73.95421,40.74139],[-73.95423,40.74143],[-73.95427,40.74153]]}},{"type":"Feature","properties":{"n":4,"s":11.8},"geometry":{"type":"LineString","coordinates":[[-73.95427,40.74153],[-73.95423,40.74161],[-73.95421,40.74166]]}},{"type":"Feature","properties":{"n":3,"s":12.5},"geometry":{"type":"LineString","coordinates":[[-73.95421,40.74166],[-73.95387,40.74187],[-73.95384,40.74189],[-73.95378,40.74193]]}},{"type":"Feature","properties":{"n":3,"s":12.5},"geometry":{"type":"LineString","coordinates":[[-73.95378,40.74193],[-73.95285,40.74243],[-73.95275,40.74247]]}},{"type":"Feature","properties":{"n":3,"s":12.5},"geometry":{"type":"LineString","coordinates":[[-73.95275,40.74247],[-73.95268,40.74253],[-73.95239,40.74269]]}},{"type":"Feature","properties":{"n":3,"s":12.5},"geometry":{"type":"LineString","coordinates":[[-73.95239,40.74269],[-73.95214,40.74282],[-73.95197,40.74291],[-73.95182,40.74298]]}},{"type":"Feature","properties":{"n":3,"s":12.5},"geometry":{"type":"LineString","coordinates":[[-73.95182,40.74298],[-73.95167,40.74293],[-73.95163,40.7429],[-73.9516,40.74288],[-73.95158,40.74286],[-73.95155,40.74282],[-73.95153,40.74278],[-73.95149,40.74271]]}},{"type":"Feature","properties":{"n":5,"s":13.6},"geometry":{"type":"LineString","coordinates":[[-73.95149,40.74271],[-73.95153,40.74261],[-73.95162,40.74235],[-73.95219,40.74066],[-73.95237,40.7401],[-73.95242,40.73997],[-73.95259,40.73945],[-73.95272,40.73904],[-73.9529,40.73852],[-73.95297,40.73831],[-73.95301,40.73818],[-73.95303,40.73807],[-73.95305,40.73795],[-73.95305,40.73785],[-73.95304,40.73774],[-73.95303,40.73764],[-73.953,40.73742],[-73.95288,40.73672],[-73.95265,40.73531],[-73.95257,40.73501]]}},{"type":"Feature","properties":{"n":5,"s":13.6},"geometry":{"type":"LineString","coordinates":[[-73.95257,40.73501],[-73.95252,40.73475],[-73.95251,40.73469]]}},{"type":"Feature","properties":{"n":9,"s":18.4},"geometry":{"type":"LineString","coordinates":[[-73.95457,40.77402],[-73.9546,40.77398],[-73.95476,40.77378],[-73.955,40.77345],[-73.95507,40.77335]]}},{"type":"Feature","properties":{"n":3,"s":18.9},"geometry":{"type":"LineString","coordinates":[[-73.95044,40.7714],[-73.95051,40.7713],[-73.95075,40.77098],[-73.9509,40.77077],[-73.95094,40.77072]]}},{"type":"Feature","properties":{"n":15,"s":14.1},"geometry":{"type":"LineString","coordinates":[[-74.00639,40.73966],[-74.00597,40.74022],[-74.00596,40.74023],[-74.00591,40.74029]]}},{"type":"Feature","properties":{"n":9,"s":11.5},"geometry":{"type":"LineString","coordinates":[[-74.00591,40.74029],[-74.00581,40.74025],[-74.00541,40.74008],[-74.0053,40.74003]]}},{"type":"Feature","properties":{"n":7,"s":13.6},"geometry":{"type":"LineString","coordinates":[[-74.0053,40.74003],[-74.00522,40.74],[-74.00518,40.73998],[-74.00475,40.73979],[-74.0042,40.73956],[-74.00398,40.73945]]}},{"type":"Feature","properties":{"n":8,"s":13.6},"geometry":{"type":"LineString","coordinates":[[-74.00398,40.73945],[-74.00386,40.73941],[-74.0038,40.73939],[-74.00376,40.73937]]}},{"type":"Feature","properties":{"n":8,"s":13.6},"geometry":{"type":"LineString","coordinates":[[-74.00376,40.73937],[-74.0033,40.73917],[-74.00324,40.73915],[-74.0032,40.73913],[-74.00316,40.73911]]}},{"type":"Feature","properties":{"n":8,"s":13.6},"geometry":{"type":"LineString","coordinates":[[-74.00316,40.73911],[-74.00303,40.7391]]}},{"type":"Feature","properties":{"n":16,"s":19.6},"geometry":{"type":"LineString","coordinates":[[-74.00303,40.7391],[-74.00294,40.73917],[-74.00288,40.73924],[-74.00278,40.73938]]}},{"type":"Feature","properties":{"n":50,"s":18.7},"geometry":{"type":"LineString","coordinates":[[-74.00278,40.73938],[-74.00256,40.73966],[-74.00249,40.73974]]}},{"type":"Feature","properties":{"n":16,"s":14.0},"geometry":{"type":"LineString","coordinates":[[-74.00249,40.73974],[-74.00238,40.7397],[-74.00214,40.7396],[-74.00203,40.73955],[-74.00168,40.73941],[-74.00054,40.73893],[-74.00047,40.73889],[-74.00038,40.73885],[-74.00033,40.73882],[-74.00019,40.73877],[-74.00005,40.73871],[-73.99981,40.73861],[-73.99968,40.73856]]}},{"type":"Feature","properties":{"n":15,"s":14.6},"geometry":{"type":"LineString","coordinates":[[-73.99968,40.73856],[-73.99956,40.73851],[-73.99927,40.73839],[-73.99918,40.73836],[-73.99896,40.73826],[-73.99784,40.73779],[-73.99777,40.73776],[-73.99755,40.73766],[-73.99731,40.73755],[-73.99698,40.73742],[-73.99684,40.73736]]}},{"type":"Feature","properties":{"n":7,"s":13.1},"geometry":{"type":"LineString","coordinates":[[-73.99684,40.73736],[-73.99671,40.73731],[-73.99644,40.73719],[-73.99609,40.73705],[-73.99417,40.73624],[-73.99412,40.73622],[-73.99375,40.73606],[-73.99363,40.73601]]}},{"type":"Feature","properties":{"n":8,"s":12.8},"geometry":{"type":"LineString","coordinates":[[-73.99363,40.73601],[-73.99351,40.73596],[-73.99231,40.73545],[-73.99204,40.73534],[-73.99189,40.73527],[-73.99179,40.73523],[-73.99172,40.7352]]}},{"type":"Feature","properties":{"n":9,"s":13.0},"geometry":{"type":"LineString","coordinates":[[-73.99172,40.7352],[-73.99162,40.73516],[-73.99092,40.73487],[-73.99085,40.73483],[-73.99074,40.73479]]}},{"type":"Feature","properties":{"n":3,"s":12.3},"geometry":{"type":"LineString","coordinates":[[-73.99074,40.73479],[-73.99063,40.73474],[-73.99058,40.73472],[-73.99002,40.73448],[-73.98989,40.73443]]}},{"type":"Feature","properties":{"n":5,"s":10.1},"geometry":{"type":"LineString","coordinates":[[-73.98719,40.7333],[-73.98705,40.73324],[-73.98694,40.7332],[-73.98667,40.73308],[-73.98632,40.73293],[-73.98561,40.73263],[-73.98535,40.73252],[-73.98526,40.73248],[-73.98507,40.7324],[-73.98494,40.73235]]}},{"type":"Feature","properties":{"n":6,"s":15.5},"geometry":{"type":"LineString","coordinates":[[-73.98494,40.73235],[-73.98481,40.73231],[-73.98475,40.73228],[-73.98455,40.7322],[-73.98439,40.73214],[-73.98431,40.7321],[-73.98425,40.73207],[-73.98414,40.73201],[-73.98407,40.73197],[-73.98401,40.73194],[-73.98337,40.73168],[-73.98313,40.73159],[-73.9827,40.73141],[-73.98256,40.73135]]}},{"type":"Feature","properties":{"n":9,"s":17.0},"geometry":{"type":"LineString","coordinates":[[-73.95649,40.77141],[-73.95653,40.77135],[-73.9569,40.77082],[-73.95693,40.77076]]}},{"type":"Feature","properties":{"n":8,"s":17.5},"geometry":{"type":"LineString","coordinates":[[-73.95693,40.77076],[-73.95698,40.7707],[-73.95712,40.7705],[-73.95728,40.77028],[-73.95736,40.77018],[-73.9574,40.77012]]}},{"type":"Feature","properties":{"n":8,"s":17.5},"geometry":{"type":"LineString","coordinates":[[-73.9574,40.77012],[-73.95744,40.77006],[-73.95782,40.76954],[-73.95786,40.76949]]}},{"type":"Feature","properties":{"n":10,"s":17.8},"geometry":{"type":"LineString","coordinates":[[-73.95786,40.76949],[-73.9579,40.76944],[-73.95801,40.76931],[-73.95832,40.7689],[-73.95838,40.76881]]}},{"type":"Feature","properties":{"n":10,"s":18.2},"geometry":{"type":"LineString","coordinates":[[-73.95838,40.76881],[-73.95844,40.76873],[-73.95862,40.76849],[-73.95884,40.76819],[-73.95888,40.76814]]}},{"type":"Feature","properties":{"n":3,"s":21.9},"geometry":{"type":"LineString","coordinates":[[-73.96111,40.76908],[-73.96124,40.76913],[-73.9626,40.76971],[-73.9627,40.76975]]}},{"type":"Feature","properties":{"n":7,"s":23.8},"geometry":{"type":"LineString","coordinates":[[-73.9627,40.76975],[-73.96275,40.76969],[-73.96313,40.76917],[-73.96317,40.76911]]}},{"type":"Feature","properties":{"n":8,"s":22.4},"geometry":{"type":"LineString","coordinates":[[-73.96317,40.76911],[-73.96321,40.76906],[-73.96358,40.76854],[-73.96362,40.76849]]}},{"type":"Feature","properties":{"n":7,"s":23.8},"geometry":{"type":"LineString","coordinates":[[-73.96362,40.76849],[-73.96366,40.76844],[-73.96383,40.76821],[-73.96404,40.76792],[-73.96408,40.76786]]}},{"type":"Feature","properties":{"n":7,"s":23.8},"geometry":{"type":"LineString","coordinates":[[-73.96408,40.76786],[-73.96412,40.76781],[-73.96449,40.76729],[-73.96453,40.76724]]}},{"type":"Feature","properties":{"n":7,"s":23.8},"geometry":{"type":"LineString","coordinates":[[-73.96453,40.76724],[-73.96457,40.76719],[-73.96495,40.76666],[-73.96499,40.76661]]}},{"type":"Feature","properties":{"n":8,"s":21.8},"geometry":{"type":"LineString","coordinates":[[-73.96499,40.76661],[-73.96503,40.76656],[-73.96541,40.76605],[-73.96545,40.76599]]}},{"type":"Feature","properties":{"n":9,"s":22.2},"geometry":{"type":"LineString","coordinates":[[-73.96545,40.76599],[-73.96549,40.76593],[-73.96586,40.76542],[-73.9659,40.76536]]}},{"type":"Feature","properties":{"n":9,"s":22.2},"geometry":{"type":"LineString","coordinates":[[-73.9659,40.76536],[-73.96595,40.7653],[-73.96632,40.7648],[-73.96636,40.76474]]}},{"type":"Feature","properties":{"n":4,"s":11.6},"geometry":{"type":"LineString","coordinates":[[-73.96636,40.76474],[-73.96647,40.76479],[-73.96772,40.76531],[-73.96776,40.76533],[-73.96789,40.76538]]}},{"type":"Feature","properties":{"n":4,"s":11.6},"geometry":{"type":"LineString","coordinates":[[-73.96789,40.76538],[-73.96807,40.76546]]}},{"type":"Feature","properties":{"n":4,"s":11.6},"geometry":{"type":"LineString","coordinates":[[-73.96807,40.76546],[-73.96817,40.7655],[-73.96948,40.76605],[-73.96958,40.76609]]}},{"type":"Feature","properties":{"n":4,"s":11.6},"geometry":{"type":"LineString","coordinates":[[-73.96958,40.76609],[-73.9697,40.76614],[-73.97109,40.76672],[-73.97119,40.76677]]}},{"type":"Feature","properties":{"n":7,"s":16.9},"geometry":{"type":"LineString","coordinates":[[-73.97119,40.76677],[-73.97123,40.76672],[-73.97161,40.76621],[-73.97165,40.76614]]}},{"type":"Feature","properties":{"n":7,"s":16.9},"geometry":{"type":"LineString","coordinates":[[-73.97165,40.76614],[-73.97169,40.7661],[-73.97207,40.76559],[-73.97212,40.76553]]}},{"type":"Feature","properties":{"n":9,"s":16.8},"geometry":{"type":"LineString","coordinates":[[-73.97212,40.76553],[-73.97216,40.76547],[-73.9725,40.765],[-73.97256,40.76492]]}},{"type":"Feature","properties":{"n":9,"s":15.4},"geometry":{"type":"LineString","coordinates":[[-73.97256,40.76492],[-73.97267,40.76497],[-73.97287,40.76507],[-73.97291,40.76509],[-73.97296,40.7651],[-73.97299,40.76511],[-73.97303,40.76511]]}},{"type":"Feature","properties":{"n":9,"s":15.4},"geometry":{"type":"LineString","coordinates":[[-73.97303,40.76511],[-73.97306,40.76511],[-73.97309,40.76511],[-73.97313,40.7651],[-73.97317,40.76509],[-73.9732,40.76508],[-73.97323,40.76506]]}},{"type":"Feature","properties":{"n":9,"s":15.4},"geometry":{"type":"LineString","coordinates":[[-73.97323,40.76506],[-73.97326,40.76505],[-73.97329,40.76502],[-73.97331,40.765],[-73.97334,40.76497],[-73.97356,40.76468],[-73.9736,40.76464],[-73.97363,40.7646],[-73.97366,40.76457]]}},{"type":"Feature","properties":{"n":8,"s":16.0},"geometry":{"type":"LineString","coordinates":[[-73.97366,40.76457],[-73.9737,40.7646],[-73.97376,40.76463],[-73.97383,40.76466],[-73.97612,40.76563],[-73.97624,40.76568]]}},{"type":"Feature","properties":{"n":7,"s":14.5},"geometry":{"type":"LineString","coordinates":[[-73.97908,40.76688],[-73.97914,40.76678],[-73.97949,40.76627],[-73.97953,40.76621]]}},{"type":"Feature","properties":{"n":7,"s":14.5},"geometry":{"type":"LineString","coordinates":[[-73.97953,40.76621],[-73.97959,40.76614],[-73.9797,40.76599],[-73.97991,40.76569],[-73.97996,40.76562],[-73.98004,40.76552]]}},{"type":"Feature","properties":{"n":8,"s":14.7},"geometry":{"type":"LineString","coordinates":[[-73.98004,40.76552],[-73.9801,40.76543],[-73.9803,40.76516],[-73.98045,40.76495],[-73.98048,40.7649],[-73.98053,40.76484]]}},{"type":"Feature","properties":{"n":9,"s":14.4},"geometry":{"type":"LineString","coordinates":[[-73.98053,40.76484],[-73.98056,40.7648],[-73.98094,40.76428],[-73.98098,40.76423]]}},{"type":"Feature","properties":{"n":9,"s":14.0},"geometry":{"type":"LineString","coordinates":[[-73.98098,40.76423],[-73.98101,40.76417],[-73.98123,40.76388],[-73.98135,40.76371],[-73.98139,40.76366],[-73.98143,40.7636]]}},{"type":"Feature","properties":{"n":9,"s":14.0},"geometry":{"type":"LineString","coordinates":[[-73.98143,40.7636],[-73.98148,40.76353],[-73.98185,40.76303],[-73.9819,40.76296]]}},{"type":"Feature","properties":{"n":9,"s":14.0},"geometry":{"type":"LineString","coordinates":[[-73.9819,40.76296],[-73.98194,40.76291],[-73.98207,40.76273],[-73.98227,40.76245],[-73.9823,40.76241],[-73.98235,40.76235]]}},{"type":"Feature","properties":{"n":3,"s":15.5},"geometry":{"type":"LineString","coordinates":[[-73.98462,40.75922],[-73.98474,40.75927],[-73.98497,40.75937],[-73.98502,40.75939]]}},{"type":"Feature","properties":{"n":3,"s":15.5},"geometry":{"type":"LineString","coordinates":[[-73.98502,40.75939],[-73.98514,40.75944]]}},{"type":"Feature","properties":{"n":4,"s":15.3},"geometry":{"type":"LineString","coordinates":[[-73.98514,40.75944],[-73.98521,40.75947],[-73.98535,40.75952],[-73.98706,40.76023],[-73.98735,40.76035],[-73.98748,40.76041]]}},{"type":"Feature","properties":{"n":6,"s":15.7},"geometry":{"type":"LineString","coordinates":[[-73.99032,40.76161],[-73.99035,40.76156],[-73.99063,40.76117],[-73.99073,40.76104],[-73.99077,40.76099]]}},{"type":"Feature","properties":{"n":8,"s":16.1},"geometry":{"type":"LineString","coordinates":[[-73.99077,40.76099],[-73.9908,40.76094],[-73.99118,40.76041],[-73.99123,40.76036]]}},{"type":"Feature","properties":{"n":10,"s":15.7},"geometry":{"type":"LineString","coordinates":[[-73.99123,40.76036],[-73.99127,40.7603],[-73.99157,40.75988],[-73.99164,40.75979],[-73.99168,40.75973]]}},{"type":"Feature","properties":{"n":11,"s":15.5},"geometry":{"type":"LineString","coordinates":[[-73.99168,40.75973],[-73.99172,40.75967],[-73.99209,40.75917],[-73.99214,40.7591]]}},{"type":"Feature","properties":{"n":11,"s":15.0},"geometry":{"type":"LineString","coordinates":[[-73.99214,40.7591],[-73.99219,40.75904],[-73.99235,40.75883],[-73.99257,40.75854],[-73.99265,40.75843]]}},{"type":"Feature","properties":{"n":13,"s":14.8},"geometry":{"type":"LineString","coordinates":[[-73.99265,40.75843],[-73.99271,40.75835],[-73.99302,40.75792],[-73.99307,40.75784]]}},{"type":"Feature","properties":{"n":12,"s":15.5},"geometry":{"type":"LineString","coordinates":[[-73.99307,40.75784],[-73.99315,40.75773],[-73.99346,40.75732],[-73.99353,40.75721],[-73.99358,40.75715]]}},{"type":"Feature","properties":{"n":15,"s":18.5},"geometry":{"type":"LineString","coordinates":[[-73.97728,40.74289],[-73.97732,40.74283],[-73.97737,40.74276],[-73.97761,40.74243],[-73.97766,40.74236],[-73.97772,40.74227]]}},{"type":"Feature","properties":{"n":14,"s":18.7},"geometry":{"type":"LineString","coordinates":[[-73.97772,40.74227],[-73.97776,40.74221],[-73.97813,40.74171],[-73.97817,40.74166]]}},{"type":"Feature","properties":{"n":15,"s":18.2},"geometry":{"type":"LineString","coordinates":[[-73.97817,40.74166],[-73.97822,40.74158],[-73.9785,40.74124],[-73.97857,40.74114],[-73.9786,40.7411],[-73.97864,40.74104]]}},{"type":"Feature","properties":{"n":16,"s":18.3},"geometry":{"type":"LineString","coordinates":[[-73.97864,40.74104],[-73.97869,40.74098],[-73.97885,40.74075],[-73.97905,40.74047],[-73.97909,40.74042]]}},{"type":"Feature","properties":{"n":14,"s":18.8},"geometry":{"type":"LineString","coordinates":[[-73.97909,40.74042],[-73.97913,40.74036],[-73.97929,40.74014],[-73.97949,40.73986],[-73.97953,40.73979]]}},{"type":"Feature","properties":{"n":14,"s":18.8},"geometry":{"type":"LineString","coordinates":[[-73.97953,40.73979],[-73.97957,40.73974],[-73.97993,40.73924],[-73.97997,40.73918]]}},{"type":"Feature","properties":{"n":15,"s":18.3},"geometry":{"type":"LineString","coordinates":[[-73.97997,40.73918],[-73.98002,40.73912],[-73.9801,40.73901],[-73.98019,40.7389],[-73.98038,40.73862],[-73.98043,40.73856]]}},{"type":"Feature","properties":{"n":16,"s":17.9},"geometry":{"type":"LineString","coordinates":[[-73.98043,40.73856],[-73.98047,40.7385],[-73.98058,40.73835],[-73.98063,40.73828],[-73.98084,40.73799],[-73.98091,40.73789]]}},{"type":"Feature","properties":{"n":16,"s":17.9},"geometry":{"type":"LineString","coordinates":[[-73.98091,40.73789],[-73.98098,40.73779],[-73.98112,40.7376],[-73.98118,40.73752],[-73.98135,40.73728],[-73.9814,40.73722]]}},{"type":"Feature","properties":{"n":17,"s":17.5},"geometry":{"type":"LineString","coordinates":[[-73.9814,40.73722],[-73.98143,40.73717],[-73.98177,40.73671],[-73.9818,40.73667],[-73.98184,40.73661]]}},{"type":"Feature","properties":{"n":4,"s":14.1},"geometry":{"type":"LineString","coordinates":[[-73.98184,40.73661],[-73.98196,40.73666],[-73.98387,40.73746],[-73.98391,40.73748],[-73.98395,40.7375],[-73.98408,40.73756]]}},{"type":"Feature","properties":{"n":5,"s":15.6},"geometry":{"type":"LineString","coordinates":[[-73.98408,40.73756],[-73.98413,40.7375],[-73.98416,40.73745],[-73.98444,40.73707],[-73.98447,40.73703],[-73.98451,40.73697]]}},{"type":"Feature","properties":{"n":5,"s":15.6},"geometry":{"type":"LineString","coordinates":[[-73.98451,40.73697],[-73.98455,40.73691],[-73.98458,40.73687],[-73.98487,40.73648],[-73.9849,40.73644],[-73.98494,40.73638]]}},{"type":"Feature","properties":{"n":5,"s":15.6},"geometry":{"type":"LineString","coordinates":[[-73.98494,40.73638],[-73.98499,40.73632],[-73.98502,40.73628],[-73.98529,40.7359],[-73.98532,40.73586],[-73.98537,40.7358]]}},{"type":"Feature","properties":{"n":6,"s":15.5},"geometry":{"type":"LineString","coordinates":[[-73.98537,40.7358],[-73.98541,40.73574],[-73.98544,40.7357],[-73.98572,40.73531],[-73.98575,40.73527],[-73.98579,40.73521]]}},{"type":"Feature","properties":{"n":5,"s":15.6},"geometry":{"type":"LineString","coordinates":[[-73.98579,40.73521],[-73.98583,40.73516],[-73.98586,40.73512],[-73.98615,40.73472],[-73.98618,40.73468],[-73.98622,40.73462]]}},{"type":"Feature","properties":{"n":5,"s":15.6},"geometry":{"type":"LineString","coordinates":[[-73.98622,40.73462],[-73.98626,40.73457],[-73.98629,40.73453],[-73.98661,40.73408],[-73.98664,40.73404],[-73.98669,40.73398]]}},{"type":"Feature","properties":{"n":5,"s":15.6},"geometry":{"type":"LineString","coordinates":[[-73.98669,40.73398],[-73.98673,40.73393],[-73.98676,40.73388],[-73.98686,40.73375],[-73.98697,40.7336],[-73.98708,40.73344],[-73.98712,40.73339],[-73.98719,40.7333]]}},{"type":"Feature","properties":{"n":3,"s":21.8},"geometry":{"type":"LineString","coordinates":[[-74.01309,40.70914],[-74.01311,40.7091],[-74.01324,40.70878]]}},{"type":"Feature","properties":{"n":3,"s":24.3},"geometry":{"type":"LineString","coordinates":[[-74.01121,40.71037],[-74.01116,40.71044],[-74.01109,40.71054],[-74.01091,40.71081],[-74.01082,40.71095],[-74.01078,40.71101]]}},{"type":"Feature","properties":{"n":3,"s":24.3},"geometry":{"type":"LineString","coordinates":[[-74.01078,40.71101],[-74.01075,40.71106],[-74.01048,40.71146],[-74.01044,40.71153]]}},{"type":"Feature","properties":{"n":4,"s":22.3},"geometry":{"type":"LineString","coordinates":[[-74.01044,40.71153],[-74.0104,40.71158],[-74.01017,40.71198],[-74.01014,40.71203],[-74.01012,40.71206]]}},{"type":"Feature","properties":{"n":3,"s":24.3},"geometry":{"type":"LineString","coordinates":[[-74.01012,40.71206],[-74.01007,40.71213],[-74.00992,40.71232],[-74.0097,40.71262],[-74.00967,40.71266],[-74.00963,40.71271]]}},{"type":"Feature","properties":{"n":5,"s":28.2},"geometry":{"type":"LineString","coordinates":[[-74.00963,40.71271],[-74.00962,40.71274],[-74.0096,40.71278],[-74.00959,40.71281],[-74.00957,40.71283],[-74.00935,40.71312],[-74.0093,40.71319],[-74.00925,40.71325]]}},{"type":"Feature","properties":{"n":5,"s":28.2},"geometry":{"type":"LineString","coordinates":[[-74.00925,40.71325],[-74.00919,40.71333],[-74.00916,40.71337],[-74.00908,40.71347],[-74.00895,40.71364],[-74.00887,40.71374],[-74.00882,40.71379]]}},{"type":"Feature","properties":{"n":5,"s":28.2},"geometry":{"type":"LineString","coordinates":[[-74.00882,40.71379],[-74.00878,40.71385],[-74.00847,40.71424],[-74.00842,40.7143],[-74.00838,40.71436]]}},{"type":"Feature","properties":{"n":5,"s":28.2},"geometry":{"type":"LineString","coordinates":[[-74.00838,40.71436],[-74.00833,40.71442],[-74.00798,40.71487],[-74.00793,40.71493]]}},{"type":"Feature","properties":{"n":5,"s":28.2},"geometry":{"type":"LineString","coordinates":[[-74.00793,40.71493],[-74.00788,40.71499],[-74.00775,40.71516],[-74.0076,40.71534],[-74.00758,40.71537],[-74.00753,40.71543]]}},{"type":"Feature","properties":{"n":3,"s":15.2},"geometry":{"type":"LineString","coordinates":[[-74.00753,40.71543],[-74.00749,40.71549],[-74.00713,40.71594],[-74.00708,40.716]]}},{"type":"Feature","properties":{"n":3,"s":15.2},"geometry":{"type":"LineString","coordinates":[[-74.00708,40.716],[-74.00704,40.71605],[-74.0067,40.71649],[-74.00667,40.71653]]}},{"type":"Feature","properties":{"n":3,"s":15.2},"geometry":{"type":"LineString","coordinates":[[-74.00667,40.71653],[-74.00664,40.71657],[-74.00662,40.7166],[-74.00641,40.71686],[-74.00629,40.71701],[-74.00624,40.71708]]}},{"type":"Feature","properties":{"n":3,"s":17.1},"geometry":{"type":"LineString","coordinates":[[-74.00624,40.71708],[-74.0062,40.71713],[-74.00581,40.71763],[-74.00577,40.71767]]}},{"type":"Feature","properties":{"n":3,"s":17.1},"geometry":{"type":"LineString","coordinates":[[-74.00577,40.71767],[-74.00574,40.71772],[-74.00558,40.71795]]}},{"type":"Feature","properties":{"n":5,"s":14.4},"geometry":{"type":"LineString","coordinates":[[-73.99841,40.72612],[-73.99834,40.72609],[-73.99806,40.72594],[-73.99774,40.72579],[-73.99767,40.72575]]}},{"type":"Feature","properties":{"n":5,"s":14.4},"geometry":{"type":"LineString","coordinates":[[-73.99767,40.72575],[-73.99759,40.72571],[-73.99709,40.72547],[-73.99694,40.72542],[-73.99681,40.72538]]}},{"type":"Feature","properties":{"n":6,"s":13.3},"geometry":{"type":"LineString","coordinates":[[-73.99681,40.72538],[-73.9967,40.72536],[-73.99628,40.72526],[-73.99597,40.72518],[-73.99588,40.72516]]}},{"type":"Feature","properties":{"n":8,"s":12.5},"geometry":{"type":"LineString","coordinates":[[-73.99588,40.72516],[-73.99582,40.72515],[-73.99581,40.72515],[-73.99549,40.72507],[-73.99537,40.72503]]}},{"type":"Feature","properties":{"n":6,"s":13.7},"geometry":{"type":"LineString","coordinates":[[-73.99537,40.72503],[-73.99527,40.72515]]}},{"type":"Feature","properties":{"n":8,"s":13.6},"geometry":{"type":"LineString","coordinates":[[-73.99527,40.72515],[-73.99522,40.72523],[-73.99472,40.72583],[-73.99469,40.72588],[-73.99465,40.72593]]}},{"type":"Feature","properties":{"n":8,"s":13.6},"geometry":{"type":"LineString","coordinates":[[-73.99465,40.72593],[-73.9946,40.72599],[-73.99458,40.72601],[-73.9944,40.72626],[-73.9942,40.72653],[-73.99417,40.72657],[-73.99412,40.72664]]}},{"type":"Feature","properties":{"n":18,"s":21.9},"geometry":{"type":"LineString","coordinates":[[-74.00681,40.74406],[-74.00677,40.74412],[-74.00643,40.74459],[-74.00638,40.74465]]}},{"type":"Feature","properties":{"n":18,"s":22.3},"geometry":{"type":"LineString","coordinates":[[-74.00638,40.74465],[-74.00633,40.74472],[-74.006,40.74517],[-74.00596,40.74523]]}},{"type":"Feature","properties":{"n":16,"s":23.4},"geometry":{"type":"LineString","coordinates":[[-74.00596,40.74523],[-74.00591,40.7453],[-74.00566,40.74564],[-74.0056,40.74572],[-74.00558,40.74575],[-74.00553,40.74582]]}},{"type":"Feature","properties":{"n":15,"s":23.8},"geometry":{"type":"LineString","coordinates":[[-74.00553,40.74582],[-74.00549,40.74588],[-74.00517,40.74631],[-74.00514,40.74635],[-74.0051,40.74641]]}},{"type":"Feature","properties":{"n":16,"s":23.3},"geometry":{"type":"LineString","coordinates":[[-74.0051,40.74641],[-74.00506,40.74646],[-74.00469,40.74697],[-74.00465,40.74702]]}},{"type":"Feature","properties":{"n":15,"s":23.8},"geometry":{"type":"LineString","coordinates":[[-74.00465,40.74702],[-74.00461,40.74709],[-74.00423,40.74761],[-74.00416,40.7477]]}},{"type":"Feature","properties":{"n":15,"s":23.8},"geometry":{"type":"LineString","coordinates":[[-74.00416,40.7477],[-74.0041,40.74779],[-74.00372,40.7483],[-74.00368,40.74835]]}},{"type":"Feature","properties":{"n":15,"s":23.8},"geometry":{"type":"LineString","coordinates":[[-74.00368,40.74835],[-74.00363,40.74843],[-74.00327,40.74892],[-74.00324,40.74897]]}},{"type":"Feature","properties":{"n":17,"s":23.5},"geometry":{"type":"LineString","coordinates":[[-74.00277,40.74961],[-74.00274,40.74966],[-74.00268,40.74974],[-74.00237,40.75015],[-74.00231,40.75023]]}},{"type":"Feature","properties":{"n":24,"s":21.7},"geometry":{"type":"LineString","coordinates":[[-74.00231,40.75023],[-74.00228,40.75027],[-74.00192,40.75078],[-74.00188,40.75083]]}},{"type":"Feature","properties":{"n":19,"s":24.5},"geometry":{"type":"LineString","coordinates":[[-74.00188,40.75083],[-74.00184,40.75089],[-74.0015,40.75135],[-74.00147,40.75138],[-74.00142,40.75146]]}},{"type":"Feature","properties":{"n":20,"s":23.8},"geometry":{"type":"LineString","coordinates":[[-74.00142,40.75146],[-74.00138,40.75151],[-74.00106,40.75196],[-74.00101,40.75203],[-74.00098,40.75207]]}},{"type":"Feature","properties":{"n":19,"s":24.5},"geometry":{"type":"LineString","coordinates":[[-74.00098,40.75207],[-74.00094,40.75212],[-74.00091,40.75218],[-74.00086,40.75225]]}},{"type":"Feature","properties":{"n":19,"s":24.5},"geometry":{"type":"LineString","coordinates":[[-74.00086,40.75225],[-74.00057,40.75263],[-74.00053,40.75269]]}},{"type":"Feature","properties":{"n":19,"s":24.5},"geometry":{"type":"LineString","coordinates":[[-74.00053,40.75269],[-74.00049,40.75275],[-74.00045,40.7528],[-73.99983,40.75365],[-73.99967,40.75387],[-73.99963,40.75392]]}},{"type":"Feature","properties":{"n":19,"s":24.5},"geometry":{"type":"LineString","coordinates":[[-73.99963,40.75392],[-73.99959,40.75399],[-73.99937,40.75429],[-73.99921,40.7545],[-73.99915,40.75459]]}},{"type":"Feature","properties":{"n":7,"s":21.7},"geometry":{"type":"LineString","coordinates":[[-73.99915,40.75459],[-73.99901,40.75453],[-73.99848,40.75431],[-73.9984,40.75427],[-73.99811,40.75415],[-73.99775,40.754],[-73.99761,40.75395]]}},{"type":"Feature","properties":{"n":7,"s":21.7},"geometry":{"type":"LineString","coordinates":[[-73.99761,40.75395],[-73.99753,40.75405],[-73.99735,40.75431]]}},{"type":"Feature","properties":{"n":7,"s":21.7},"geometry":{"type":"LineString","coordinates":[[-73.99735,40.75431],[-73.99724,40.75439],[-73.99719,40.75443],[-73.99712,40.75454],[-73.99709,40.75456],[-73.99706,40.75459]]}},{"type":"Feature","properties":{"n":7,"s":21.7},"geometry":{"type":"LineString","coordinates":[[-73.99706,40.75459],[-73.99701,40.75464],[-73.99699,40.75465],[-73.99691,40.75472],[-73.99684,40.75478],[-73.99678,40.75483],[-73.99647,40.75507],[-73.9964,40.75511]]}},{"type":"Feature","properties":{"n":8,"s":20.8},"geometry":{"type":"LineString","coordinates":[[-73.9964,40.75511],[-73.99633,40.75509],[-73.99574,40.75484],[-73.99549,40.75473],[-73.99538,40.75469]]}},{"type":"Feature","properties":{"n":8,"s":20.8},"geometry":{"type":"LineString","coordinates":[[-73.99538,40.75469],[-73.99523,40.75462],[-73.99465,40.75437],[-73.99444,40.75428],[-73.99291,40.75364],[-73.99266,40.75354],[-73.99263,40.75352],[-73.99253,40.75348]]}},{"type":"Feature","properties":{"n":61,"s":21.4},"geometry":{"type":"LineString","coordinates":[[-73.99253,40.75348],[-73.99248,40.75354],[-73.99212,40.75404],[-73.99208,40.75409]]}},{"type":"Feature","properties":{"n":62,"s":20.9},"geometry":{"type":"LineString","coordinates":[[-73.99208,40.75409],[-73.99203,40.75416],[-73.99167,40.75465],[-73.99163,40.75471]]}},{"type":"Feature","properties":{"n":60,"s":21.4},"geometry":{"type":"LineString","coordinates":[[-73.99163,40.75471],[-73.99159,40.75477],[-73.99146,40.75494],[-73.99122,40.75527],[-73.99118,40.75533]]}},{"type":"Feature","properties":{"n":59,"s":21.6},"geometry":{"type":"LineString","coordinates":[[-73.99118,40.75533],[-73.99113,40.75539],[-73.99077,40.7559],[-73.99073,40.75595]]}},{"type":"Feature","properties":{"n":56,"s":22.0},"geometry":{"type":"LineString","coordinates":[[-73.99073,40.75595],[-73.99068,40.75602],[-73.99032,40.75651],[-73.99028,40.75657]]}},{"type":"Feature","properties":{"n":49,"s":22.9},"geometry":{"type":"LineString","coordinates":[[-73.99028,40.75657],[-73.99023,40.75663],[-73.99006,40.75687],[-73.98986,40.75714],[-73.98979,40.75723]]}},{"type":"Feature","properties":{"n":56,"s":22.0},"geometry":{"type":"LineString","coordinates":[[-73.9893,40.75791],[-73.98925,40.75798],[-73.98888,40.75848],[-73.98884,40.75853]]}},{"type":"Feature","properties":{"n":54,"s":22.1},"geometry":{"type":"LineString","coordinates":[[-73.98884,40.75853],[-73.9888,40.75859],[-73.98863,40.75882],[-73.98843,40.7591],[-73.98839,40.75916]]}},{"type":"Feature","properties":{"n":52,"s":21.9},"geometry":{"type":"LineString","coordinates":[[-73.98839,40.75916],[-73.98834,40.75922],[-73.98813,40.75951],[-73.98797,40.75973],[-73.98793,40.75979]]}},{"type":"Feature","properties":{"n":54,"s":22.0},"geometry":{"type":"LineString","coordinates":[[-73.98793,40.75979],[-73.98788,40.75985],[-73.98769,40.76011],[-73.98751,40.76036],[-73.98748,40.76041]]}},{"type":"Feature","properties":{"n":55,"s":22.0},"geometry":{"type":"LineString","coordinates":[[-73.98748,40.76041],[-73.98743,40.76047],[-73.98706,40.76098],[-73.98702,40.76104]]}},{"type":"Feature","properties":{"n":57,"s":21.9},"geometry":{"type":"LineString","coordinates":[[-73.98702,40.76104],[-73.98697,40.76111],[-73.98683,40.7613],[-73.9866,40.76161],[-73.98657,40.76167]]}},{"type":"Feature","properties":{"n":54,"s":22.2},"geometry":{"type":"LineString","coordinates":[[-73.98657,40.76167],[-73.98653,40.76172],[-73.98615,40.76223],[-73.9861,40.76229]]}},{"type":"Feature","properties":{"n":56,"s":22.2},"geometry":{"type":"LineString","coordinates":[[-73.9861,40.76229],[-73.98606,40.76236],[-73.98575,40.76277],[-73.98569,40.76286],[-73.98565,40.76292]]}},{"type":"Feature","properties":{"n":59,"s":21.8},"geometry":{"type":"LineString","coordinates":[[-73.98565,40.76292],[-73.9856,40.76298],[-73.98553,40.76309],[-73.98547,40.76317],[-73.98524,40.76349],[-73.98522,40.76352],[-73.98519,40.76356]]}},{"type":"Feature","properties":{"n":63,"s":21.7},"geometry":{"type":"LineString","coordinates":[[-73.98519,40.76356],[-73.98516,40.76361],[-73.98485,40.76401],[-73.98478,40.76411],[-73.98474,40.76416]]}},{"type":"Feature","properties":{"n":59,"s":22.5},"geometry":{"type":"LineString","coordinates":[[-73.98474,40.76416],[-73.98469,40.76423],[-73.98444,40.76457],[-73.98431,40.76474],[-73.98427,40.7648]]}},{"type":"Feature","properties":{"n":58,"s":22.7},"geometry":{"type":"LineString","coordinates":[[-73.98427,40.7648],[-73.98423,40.76486],[-73.98393,40.76528],[-73.98387,40.76537],[-73.98386,40.76539],[-73.98382,40.76544]]}},{"type":"Feature","properties":{"n":58,"s":22.7},"geometry":{"type":"LineString","coordinates":[[-73.98382,40.76544],[-73.98379,40.76549],[-73.98341,40.76599],[-73.98338,40.76603]]}},{"type":"Feature","properties":{"n":50,"s":23.9},"geometry":{"type":"LineString","coordinates":[[-73.98338,40.76603],[-73.98332,40.76611],[-73.98296,40.76659],[-73.98294,40.76663],[-73.98287,40.76672]]}},{"type":"Feature","properties":{"n":51,"s":23.8},"geometry":{"type":"LineString","coordinates":[[-73.98287,40.76672],[-73.98279,40.76682],[-73.98257,40.76713],[-73.98241,40.76733],[-73.98236,40.7674]]}},{"type":"Feature","properties":{"n":51,"s":23.8},"geometry":{"type":"LineString","coordinates":[[-73.98236,40.7674],[-73.98231,40.76747],[-73.98226,40.76754],[-73.98222,40.76759],[-73.98221,40.76761],[-73.98219,40.76764],[-73.98217,40.76766],[-73.98214,40.76768],[-73.98212,40.76769],[-73.98209,40.76771]]}},{"type":"Feature","properties":{"n":58,"s":23.3},"geometry":{"type":"LineString","coordinates":[[-73.98209,40.76771],[-73.98205,40.7677],[-73.98202,40.76769],[-73.98198,40.76768],[-73.98188,40.76767]]}},{"type":"Feature","properties":{"n":52,"s":24.0},"geometry":{"type":"LineString","coordinates":[[-73.98188,40.76767],[-73.98182,40.76768],[-73.98176,40.76768]]}},{"type":"Feature","properties":{"n":34,"s":25.2},"geometry":{"type":"LineString","coordinates":[[-73.98176,40.76768],[-73.98167,40.76771],[-73.98161,40.76774],[-73.98157,40.76776],[-73.98153,40.76779],[-73.9815,40.76782],[-73.98147,40.76785],[-73.98144,40.76788],[-73.98142,40.76792],[-73.98141,40.76796],[-73.9814,40.76798],[-73.98139,40.76801],[-73.98139,40.76803],[-73.98139,40.76806],[-73.98139,40.76808],[-73.98139,40.7681]]}},{"type":"Feature","properties":{"n":10,"s":13.7},"geometry":{"type":"LineString","coordinates":[[-74.00514,40.74085],[-74.00504,40.74081],[-74.00498,40.74078],[-74.00312,40.74],[-74.00298,40.73994],[-74.00266,40.73981],[-74.00249,40.73974]]}},{"type":"Feature","properties":{"n":6,"s":14.2},"geometry":{"type":"LineString","coordinates":[[-73.99502,40.73986],[-73.99489,40.73981],[-73.99386,40.73937],[-73.99193,40.73856],[-73.99181,40.73851]]}},{"type":"Feature","properties":{"n":6,"s":14.2},"geometry":{"type":"LineString","coordinates":[[-73.99181,40.73851],[-73.99168,40.73846],[-73.99023,40.73784],[-73.99014,40.7378]]}},{"type":"Feature","properties":{"n":6,"s":14.2},"geometry":{"type":"LineString","coordinates":[[-73.99014,40.7378],[-73.99003,40.73776],[-73.9892,40.73741],[-73.98878,40.73724],[-73.98872,40.73721],[-73.98863,40.73717]]}},{"type":"Feature","properties":{"n":6,"s":14.2},"geometry":{"type":"LineString","coordinates":[[-73.98863,40.73717],[-73.98854,40.73714]]}},{"type":"Feature","properties":{"n":21,"s":20.5},"geometry":{"type":"LineString","coordinates":[[-73.95273,40.74134],[-73.95245,40.74132]]}},{"type":"Feature","properties":{"n":21,"s":20.5},"geometry":{"type":"LineString","coordinates":[[-73.95245,40.74132],[-73.95211,40.74128],[-73.95203,40.74127],[-73.95195,40.74127],[-73.95184,40.74127],[-73.95169,40.74128],[-73.95145,40.74129]]}},{"type":"Feature","properties":{"n":21,"s":20.5},"geometry":{"type":"LineString","coordinates":[[-73.95145,40.74129],[-73.95112,40.74131],[-73.95082,40.74133]]}},{"type":"Feature","properties":{"n":21,"s":20.5},"geometry":{"type":"LineString","coordinates":[[-73.95082,40.74133],[-73.95004,40.74143],[-73.94995,40.74145],[-73.94984,40.74146],[-73.94977,40.74148],[-73.9497,40.7415],[-73.94964,40.74153],[-73.9496,40.74155],[-73.94957,40.74157],[-73.94954,40.7416],[-73.94952,40.74163]]}},{"type":"Feature","properties":{"n":21,"s":20.5},"geometry":{"type":"LineString","coordinates":[[-73.94952,40.74163],[-73.9495,40.74165],[-73.94948,40.74169],[-73.94946,40.74173],[-73.94945,40.74175],[-73.94941,40.74187],[-73.9493,40.74221],[-73.9493,40.74233]]}},{"type":"Feature","properties":{"n":21,"s":20.5},"geometry":{"type":"LineString","coordinates":[[-73.9493,40.74233],[-73.94926,40.74245],[-73.94923,40.74253]]}},{"type":"Feature","properties":{"n":14,"s":19.9},"geometry":{"type":"LineString","coordinates":[[-73.94923,40.74253],[-73.9492,40.74261],[-73.94916,40.74273],[-73.94892,40.74343],[-73.94876,40.74391]]}},{"type":"Feature","properties":{"n":14,"s":19.9},"geometry":{"type":"LineString","coordinates":[[-73.94876,40.74391],[-73.94862,40.74434],[-73.94855,40.74453],[-73.9485,40.7447]]}},{"type":"Feature","properties":{"n":7,"s":13.3},"geometry":{"type":"LineString","coordinates":[[-73.98716,40.72241],[-73.98706,40.72238],[-73.98688,40.72233],[-73.98652,40.72222],[-73.98647,40.72221],[-73.98633,40.72216]]}},{"type":"Feature","properties":{"n":5,"s":14.8},"geometry":{"type":"LineString","coordinates":[[-73.98633,40.72216],[-73.98627,40.72228]]}},{"type":"Feature","properties":{"n":7,"s":11.3},"geometry":{"type":"LineString","coordinates":[[-73.98627,40.72228],[-73.98639,40.72233],[-73.98668,40.72242],[-73.98699,40.7225],[-73.98709,40.72254]]}},{"type":"Feature","properties":{"n":4,"s":12.6},"geometry":{"type":"LineString","coordinates":[[-73.98709,40.72254],[-73.98705,40.72261],[-73.98705,40.72263],[-73.98704,40.72265],[-73.98705,40.72267],[-73.98707,40.72269],[-73.98709,40.72271],[-73.98833,40.72323],[-73.98845,40.72328]]}},{"type":"Feature","properties":{"n":19,"s":15.5},"geometry":{"type":"LineString","coordinates":[[-73.98845,40.72328],[-73.98857,40.72333],[-73.99034,40.72408],[-73.99069,40.72422],[-73.99083,40.72429]]}},{"type":"Feature","properties":{"n":18,"s":16.2},"geometry":{"type":"LineString","coordinates":[[-73.99083,40.72429],[-73.99094,40.72434],[-73.99162,40.72463],[-73.99211,40.72483],[-73.99214,40.72485],[-73.99217,40.72486],[-73.99221,40.72487],[-73.99225,40.72488],[-73.99229,40.72489]]}},{"type":"Feature","properties":{"n":19,"s":25.4},"geometry":{"type":"LineString","coordinates":[[-73.96941,40.75771],[-73.96936,40.75777],[-73.969,40.75827],[-73.96894,40.75834]]}},{"type":"Feature","properties":{"n":20,"s":24.8},"geometry":{"type":"LineString","coordinates":[[-73.96894,40.75834],[-73.9689,40.75839],[-73.96854,40.75889],[-73.96849,40.75896]]}},{"type":"Feature","properties":{"n":18,"s":26.3},"geometry":{"type":"LineString","coordinates":[[-73.96849,40.75896],[-73.96846,40.75903],[-73.96833,40.75924],[-73.96811,40.75954],[-73.96806,40.7596]]}},{"type":"Feature","properties":{"n":18,"s":26.3},"geometry":{"type":"LineString","coordinates":[[-73.96806,40.7596],[-73.96802,40.75966],[-73.96774,40.76005],[-73.96765,40.76018],[-73.96758,40.76027]]}},{"type":"Feature","properties":{"n":22,"s":25.7},"geometry":{"type":"LineString","coordinates":[[-73.96758,40.76027],[-73.9675,40.76037],[-73.96746,40.76043]]}},{"type":"Feature","properties":{"n":22,"s":25.7},"geometry":{"type":"LineString","coordinates":[[-73.96746,40.76043],[-73.9672,40.76076],[-73.96709,40.76088],[-73.96704,40.76094]]}},{"type":"Feature","properties":{"n":19,"s":26.5},"geometry":{"type":"LineString","coordinates":[[-73.96704,40.76094],[-73.967,40.76099],[-73.96677,40.7613],[-73.96663,40.7615],[-73.96659,40.76156]]}},{"type":"Feature","properties":{"n":15,"s":26.7},"geometry":{"type":"LineString","coordinates":[[-73.96659,40.76156],[-73.96655,40.76162],[-73.96617,40.76213],[-73.96613,40.7622]]}},{"type":"Feature","properties":{"n":15,"s":26.7},"geometry":{"type":"LineString","coordinates":[[-73.96613,40.7622],[-73.96609,40.76224],[-73.96599,40.76238],[-73.96584,40.76257],[-73.96575,40.7627],[-73.96571,40.76275],[-73.96567,40.76281]]}},{"type":"Feature","properties":{"n":17,"s":27.2},"geometry":{"type":"LineString","coordinates":[[-73.96567,40.76281],[-73.96562,40.76286],[-73.96526,40.76337],[-73.96521,40.76343]]}},{"type":"Feature","properties":{"n":15,"s":29.3},"geometry":{"type":"LineString","coordinates":[[-73.96521,40.76343],[-73.96517,40.76349],[-73.9648,40.764],[-73.96476,40.76406]]}},{"type":"Feature","properties":{"n":15,"s":29.3},"geometry":{"type":"LineString","coordinates":[[-73.96476,40.76406],[-73.96471,40.76412],[-73.96434,40.76463],[-73.9643,40.76468]]}},{"type":"Feature","properties":{"n":16,"s":27.9},"geometry":{"type":"LineString","coordinates":[[-73.9643,40.76468],[-73.96426,40.76474],[-73.96388,40.76525],[-73.96384,40.76531]]}},{"type":"Feature","properties":{"n":16,"s":27.9},"geometry":{"type":"LineString","coordinates":[[-73.96384,40.76531],[-73.9638,40.76537],[-73.96377,40.76541],[-73.96348,40.76581],[-73.96345,40.76584]]}},{"type":"Feature","properties":{"n":16,"s":27.9},"geometry":{"type":"LineString","coordinates":[[-73.96345,40.76584],[-73.96343,40.76588],[-73.96339,40.76594]]}},{"type":"Feature","properties":{"n":15,"s":29.3},"geometry":{"type":"LineString","coordinates":[[-73.96339,40.76594],[-73.96335,40.76599],[-73.96297,40.76651],[-73.96293,40.76656]]}},{"type":"Feature","properties":{"n":15,"s":29.3},"geometry":{"type":"LineString","coordinates":[[-73.96293,40.76656],[-73.96289,40.76661],[-73.96251,40.76713],[-73.96247,40.76719]]}},{"type":"Feature","properties":{"n":15,"s":29.3},"geometry":{"type":"LineString","coordinates":[[-73.96247,40.76719],[-73.96243,40.76725],[-73.96235,40.76735],[-73.96205,40.76776],[-73.96202,40.76781]]}},{"type":"Feature","properties":{"n":14,"s":29.5},"geometry":{"type":"LineString","coordinates":[[-73.96202,40.76781],[-73.96197,40.76788],[-73.96161,40.76839],[-73.96158,40.76844]]}},{"type":"Feature","properties":{"n":15,"s":28.4},"geometry":{"type":"LineString","coordinates":[[-73.96158,40.76844],[-73.96153,40.7685],[-73.96116,40.76901],[-73.96111,40.76908]]}},{"type":"Feature","properties":{"n":13,"s":28.9},"geometry":{"type":"LineString","coordinates":[[-73.96111,40.76908],[-73.96107,40.76912],[-73.96098,40.76925],[-73.96067,40.76966],[-73.9606,40.76975]]}},{"type":"Feature","properties":{"n":14,"s":27.7},"geometry":{"type":"LineString","coordinates":[[-73.9606,40.76975],[-73.96053,40.76985],[-73.96015,40.77038],[-73.9601,40.77043]]}},{"type":"Feature","properties":{"n":14,"s":27.7},"geometry":{"type":"LineString","coordinates":[[-73.9601,40.77043],[-73.96006,40.77049],[-73.95969,40.77101],[-73.95965,40.77107]]}},{"type":"Feature","properties":{"n":14,"s":27.7},"geometry":{"type":"LineString","coordinates":[[-73.95965,40.77107],[-73.95961,40.77113],[-73.95951,40.77126],[-73.95922,40.77164],[-73.9592,40.77167],[-73.95918,40.7717]]}},{"type":"Feature","properties":{"n":15,"s":26.7},"geometry":{"type":"LineString","coordinates":[[-73.95918,40.7717],[-73.95914,40.77175],[-73.95903,40.7719],[-73.95875,40.77228],[-73.95871,40.77234]]}},{"type":"Feature","properties":{"n":15,"s":26.7},"geometry":{"type":"LineString","coordinates":[[-73.95871,40.77234],[-73.95867,40.77239],[-73.9583,40.77292],[-73.95826,40.77298]]}},{"type":"Feature","properties":{"n":16,"s":26.4},"geometry":{"type":"LineString","coordinates":[[-73.95826,40.77298],[-73.95822,40.77303],[-73.95784,40.77355],[-73.9578,40.7736]]}},{"type":"Feature","properties":{"n":15,"s":26.2},"geometry":{"type":"LineString","coordinates":[[-73.9578,40.7736],[-73.95776,40.77366],[-73.95765,40.77381],[-73.95736,40.7742],[-73.95729,40.77429]]}},{"type":"Feature","properties":{"n":15,"s":26.2},"geometry":{"type":"LineString","coordinates":[[-73.95729,40.77429],[-73.95722,40.77438],[-73.95684,40.77491],[-73.9568,40.77497]]}},{"type":"Feature","properties":{"n":4,"s":10.8},"geometry":{"type":"LineString","coordinates":[[-74.00218,40.72294],[-74.00223,40.72296],[-74.00284,40.72326],[-74.00288,40.72328],[-74.0029,40.72329],[-74.00293,40.7233],[-74.00296,40.72331],[-74.003,40.72332]]}},{"type":"Feature","properties":{"n":3,"s":16.9},"geometry":{"type":"LineString","coordinates":[[-74.003,40.72332],[-74.00306,40.72338],[-74.00308,40.7234],[-74.00357,40.72365],[-74.00365,40.72369]]}},{"type":"Feature","properties":{"n":5,"s":14.5},"geometry":{"type":"LineString","coordinates":[[-74.00365,40.72369],[-74.0037,40.72371],[-74.00433,40.72403],[-74.00438,40.72405]]}},{"type":"Feature","properties":{"n":3,"s":16.9},"geometry":{"type":"LineString","coordinates":[[-74.00438,40.72405],[-74.00445,40.7241],[-74.00458,40.72417]]}},{"type":"Feature","properties":{"n":8,"s":21.1},"geometry":{"type":"LineString","coordinates":[[-74.00458,40.72417],[-74.00454,40.72426],[-74.00445,40.72449],[-74.00429,40.72487],[-74.00406,40.72545],[-74.00403,40.72551]]}},{"type":"Feature","properties":{"n":9,"s":20.8},"geometry":{"type":"LineString","coordinates":[[-74.00403,40.72551],[-74.004,40.72559],[-74.00395,40.72571],[-74.00375,40.72619],[-74.00373,40.72625]]}},{"type":"Feature","properties":{"n":8,"s":21.5},"geometry":{"type":"LineString","coordinates":[[-74.00373,40.72625],[-74.0037,40.72632],[-74.00347,40.72689],[-74.00344,40.72696]]}},{"type":"Feature","properties":{"n":10,"s":19.6},"geometry":{"type":"LineString","coordinates":[[-74.00344,40.72696],[-74.00342,40.72703],[-74.00336,40.72715],[-74.00329,40.72733],[-74.00318,40.72761],[-74.00316,40.72766]]}},{"type":"Feature","properties":{"n":11,"s":20.0},"geometry":{"type":"LineString","coordinates":[[-74.00316,40.72766],[-74.00312,40.72773],[-74.0031,40.72781]]}},{"type":"Feature","properties":{"n":11,"s":20.0},"geometry":{"type":"LineString","coordinates":[[-74.0031,40.72781],[-74.00296,40.72814]]}},{"type":"Feature","properties":{"n":10,"s":19.6},"geometry":{"type":"LineString","coordinates":[[-74.00296,40.72814],[-74.00292,40.72823],[-74.0029,40.72826],[-74.00288,40.7283],[-74.00285,40.72837]]}},{"type":"Feature","properties":{"n":10,"s":19.6},"geometry":{"type":"LineString","coordinates":[[-74.00285,40.72837],[-74.0028,40.72847]]}},{"type":"Feature","properties":{"n":3,"s":15.5},"geometry":{"type":"LineString","coordinates":[[-74.0043,40.73045],[-74.00433,40.73049],[-74.00438,40.73058],[-74.00446,40.73072]]}},{"type":"Feature","properties":{"n":3,"s":15.5},"geometry":{"type":"LineString","coordinates":[[-74.00446,40.73072],[-74.00454,40.73087],[-74.00461,40.73097],[-74.00462,40.731]]}},{"type":"Feature","properties":{"n":3,"s":15.5},"geometry":{"type":"LineString","coordinates":[[-74.00462,40.731],[-74.00465,40.73104],[-74.00492,40.73151],[-74.00494,40.73154]]}},{"type":"Feature","properties":{"n":3,"s":15.5},"geometry":{"type":"LineString","coordinates":[[-74.00494,40.73154],[-74.00496,40.73159],[-74.00509,40.7318],[-74.00511,40.73184]]}},{"type":"Feature","properties":{"n":3,"s":15.5},"geometry":{"type":"LineString","coordinates":[[-74.00511,40.73184],[-74.00513,40.73187],[-74.00544,40.73241],[-74.00546,40.73245]]}},{"type":"Feature","properties":{"n":8,"s":23.9},"geometry":{"type":"LineString","coordinates":[[-74.00638,40.73307],[-74.00637,40.73313],[-74.00629,40.7337],[-74.00628,40.73374]]}},{"type":"Feature","properties":{"n":7,"s":24.8},"geometry":{"type":"LineString","coordinates":[[-74.00628,40.73374],[-74.00627,40.73381],[-74.00621,40.73413],[-74.00617,40.7344],[-74.00616,40.73444]]}},{"type":"Feature","properties":{"n":7,"s":24.8},"geometry":{"type":"LineString","coordinates":[[-74.00616,40.73444],[-74.00615,40.7345],[-74.00605,40.73509],[-74.00605,40.73513]]}},{"type":"Feature","properties":{"n":7,"s":24.8},"geometry":{"type":"LineString","coordinates":[[-74.00605,40.73513],[-74.00604,40.7352],[-74.00598,40.73553],[-74.00594,40.73579],[-74.00593,40.73586]]}},{"type":"Feature","properties":{"n":4,"s":14.8},"geometry":{"type":"LineString","coordinates":[[-74.00593,40.73586],[-74.00609,40.73583],[-74.00663,40.73576],[-74.00669,40.73575],[-74.00679,40.73574]]}},{"type":"Feature","properties":{"n":6,"s":17.4},"geometry":{"type":"LineString","coordinates":[[-74.00679,40.73574],[-74.00677,40.73581],[-74.00664,40.73634],[-74.00662,40.73639],[-74.00661,40.73644]]}},{"type":"Feature","properties":{"n":5,"s":15.9},"geometry":{"type":"LineString","coordinates":[[-74.00661,40.73644],[-74.0066,40.7365],[-74.00652,40.73687],[-74.00651,40.73691],[-74.0065,40.73697]]}},{"type":"Feature","properties":{"n":5,"s":15.9},"geometry":{"type":"LineString","coordinates":[[-74.0065,40.73697],[-74.00649,40.737],[-74.00649,40.73702],[-74.00648,40.73747],[-74.00648,40.7375],[-74.00648,40.73756]]}},{"type":"Feature","properties":{"n":5,"s":15.9},"geometry":{"type":"LineString","coordinates":[[-74.00648,40.73756],[-74.00647,40.73762],[-74.00647,40.73805],[-74.00647,40.7381],[-74.00647,40.73815]]}},{"type":"Feature","properties":{"n":7,"s":14.6},"geometry":{"type":"LineString","coordinates":[[-74.00647,40.73815],[-74.00646,40.7382],[-74.00645,40.73867],[-74.00645,40.73872],[-74.00645,40.73876]]}},{"type":"Feature","properties":{"n":8,"s":15.7},"geometry":{"type":"LineString","coordinates":[[-74.00645,40.73876],[-74.00645,40.73882],[-74.00644,40.73928],[-74.00644,40.73932],[-74.00644,40.73935],[-74.00644,40.7394]]}},{"type":"Feature","properties":{"n":8,"s":15.6},"geometry":{"type":"LineString","coordinates":[[-74.00644,40.7394],[-74.00644,40.73948],[-74.00644,40.73954],[-74.00644,40.73956],[-74.00644,40.73957],[-74.00643,40.73959],[-74.00642,40.73961],[-74.00639,40.73966]]}},{"type":"Feature","properties":{"n":7,"s":18.7},"geometry":{"type":"LineString","coordinates":[[-74.00591,40.74029],[-74.00587,40.74036],[-74.00551,40.74087],[-74.0055,40.74089],[-74.00543,40.74098]]}},{"type":"Feature","properties":{"n":13,"s":16.3},"geometry":{"type":"LineString","coordinates":[[-74.00543,40.74098],[-74.0055,40.74101],[-74.00554,40.74103],[-74.00582,40.74115],[-74.00687,40.74159],[-74.0069,40.7416],[-74.00699,40.74164]]}},{"type":"Feature","properties":{"n":9,"s":17.8},"geometry":{"type":"LineString","coordinates":[[-74.00699,40.74164],[-74.00707,40.74168],[-74.00711,40.74169],[-74.00761,40.74191],[-74.00805,40.74209],[-74.00808,40.7421],[-74.00818,40.74214]]}},{"type":"Feature","properties":{"n":9,"s":17.8},"geometry":{"type":"LineString","coordinates":[[-74.00818,40.74214],[-74.00814,40.74218],[-74.00803,40.74234],[-74.00796,40.74244],[-74.00786,40.74263]]}},{"type":"Feature","properties":{"n":14,"s":17.5},"geometry":{"type":"LineString","coordinates":[[-74.00786,40.74263],[-74.00776,40.74277],[-74.00771,40.74283]]}},{"type":"Feature","properties":{"n":15,"s":18.4},"geometry":{"type":"LineString","coordinates":[[-74.00771,40.74283],[-74.00766,40.7429],[-74.00751,40.7431],[-74.00747,40.74316],[-74.00727,40.74342],[-74.00724,40.74347]]}},{"type":"Feature","properties":{"n":17,"s":17.8},"geometry":{"type":"LineString","coordinates":[[-74.00724,40.74347],[-74.00719,40.74354],[-74.00696,40.74386],[-74.00687,40.74398],[-74.00686,40.744],[-74.00681,40.74406]]}},{"type":"Feature","properties":{"n":30,"s":21.1},"geometry":{"type":"LineString","coordinates":[[-73.97447,40.75077],[-73.9744,40.75088],[-73.97417,40.75118],[-73.97402,40.75139],[-73.97397,40.75146]]}},{"type":"Feature","properties":{"n":30,"s":21.6},"geometry":{"type":"LineString","coordinates":[[-73.97397,40.75146],[-73.97393,40.75151],[-73.97357,40.75202],[-73.97352,40.75207]]}},{"type":"Feature","properties":{"n":27,"s":22.6},"geometry":{"type":"LineString","coordinates":[[-73.97352,40.75207],[-73.97348,40.75213],[-73.97337,40.75229],[-73.97311,40.75264],[-73.97306,40.7527]]}},{"type":"Feature","properties":{"n":4,"s":13.4},"geometry":{"type":"LineString","coordinates":[[-73.97697,40.75435],[-73.97706,40.75439],[-73.97776,40.75469],[-73.97787,40.75474]]}},{"type":"Feature","properties":{"n":19,"s":23.4},"geometry":{"type":"LineString","coordinates":[[-73.97651,40.7566],[-73.97647,40.75666],[-73.9763,40.7569],[-73.97613,40.75712],[-73.97609,40.75718],[-73.97605,40.75724]]}},{"type":"Feature","properties":{"n":8,"s":32.9},"geometry":{"type":"LineString","coordinates":[[-73.94102,40.78832],[-73.94098,40.78838],[-73.94092,40.78846],[-73.94059,40.78889],[-73.94056,40.78894]]}},{"type":"Feature","properties":{"n":7,"s":33.0},"geometry":{"type":"LineString","coordinates":[[-73.94056,40.78894],[-73.9405,40.78902],[-73.94038,40.78918],[-73.9402,40.78944],[-73.94013,40.78953],[-73.94006,40.78963]]}},{"type":"Feature","properties":{"n":7,"s":33.0},"geometry":{"type":"LineString","coordinates":[[-73.94006,40.78963],[-73.94,40.78972],[-73.93971,40.79011],[-73.9396,40.79026],[-73.93959,40.79028],[-73.93951,40.79039],[-73.93919,40.79083],[-73.93913,40.79091]]}},{"type":"Feature","properties":{"n":7,"s":33.0},"geometry":{"type":"LineString","coordinates":[[-73.93913,40.79091],[-73.93906,40.791],[-73.93903,40.79104],[-73.93899,40.7911],[-73.93877,40.7914],[-73.93869,40.79151],[-73.93865,40.79157]]}},{"type":"Feature","properties":{"n":6,"s":33.6},"geometry":{"type":"LineString","coordinates":[[-73.93865,40.79157],[-73.93861,40.79162],[-73.93823,40.79213],[-73.9382,40.79218]]}},{"type":"Feature","properties":{"n":6,"s":33.6},"geometry":{"type":"LineString","coordinates":[[-73.9382,40.79218],[-73.93814,40.79225],[-73.93808,40.79233],[-73.93777,40.79275],[-73.93772,40.79281]]}},{"type":"Feature","properties":{"n":5,"s":32.7},"geometry":{"type":"LineString","coordinates":[[-73.93772,40.79281],[-73.93767,40.79288],[-73.93748,40.79315],[-73.93731,40.79339],[-73.93726,40.79346]]}},{"type":"Feature","properties":{"n":5,"s":32.7},"geometry":{"type":"LineString","coordinates":[[-73.93726,40.79346],[-73.9372,40.79354],[-73.93687,40.79401],[-73.93683,40.79406],[-73.93678,40.79413],[-73.93651,40.7945],[-73.93642,40.79463],[-73.93635,40.79471]]}},{"type":"Feature","properties":{"n":6,"s":29.5},"geometry":{"type":"LineString","coordinates":[[-73.93635,40.79471],[-73.93631,40.79476],[-73.93625,40.79486],[-73.93596,40.79525],[-73.9359,40.79532]]}},{"type":"Feature","properties":{"n":5,"s":32.7},"geometry":{"type":"LineString","coordinates":[[-73.9359,40.79532],[-73.93585,40.79539],[-73.93564,40.79568],[-73.93548,40.79591],[-73.9354,40.79601]]}},{"type":"Feature","properties":{"n":6,"s":32.5},"geometry":{"type":"LineString","coordinates":[[-73.9354,40.79601],[-73.93533,40.79611],[-73.93505,40.79649],[-73.93501,40.79655],[-73.93495,40.79663],[-73.93491,40.79668]]}},{"type":"Feature","properties":{"n":6,"s":32.5},"geometry":{"type":"LineString","coordinates":[[-73.93491,40.79668],[-73.93487,40.79674],[-73.93482,40.7968],[-73.93476,40.7969],[-73.93469,40.79699],[-73.93458,40.79714],[-73.9345,40.79725],[-73.93446,40.79731]]}},{"type":"Feature","properties":{"n":6,"s":32.5},"geometry":{"type":"LineString","coordinates":[[-73.93446,40.79731],[-73.93441,40.79737],[-73.93421,40.79764],[-73.9341,40.79779],[-73.93403,40.79789],[-73.93399,40.79794]]}},{"type":"Feature","properties":{"n":5,"s":32.7},"geometry":{"type":"LineString","coordinates":[[-73.93399,40.79794],[-73.93395,40.798],[-73.93358,40.79851],[-73.93353,40.79857]]}},{"type":"Feature","properties":{"n":5,"s":32.7},"geometry":{"type":"LineString","coordinates":[[-73.93353,40.79857],[-73.93347,40.79866]]}},{"type":"Feature","properties":{"n":5,"s":32.7},"geometry":{"type":"LineString","coordinates":[[-73.93347,40.79866],[-73.93345,40.79869],[-73.93296,40.79936],[-73.93271,40.7997],[-73.93265,40.79978],[-73.93261,40.79983],[-73.93228,40.80028]]}},{"type":"Feature","properties":{"n":5,"s":32.7},"geometry":{"type":"LineString","coordinates":[[-73.93228,40.80028],[-73.93198,40.80069]]}},{"type":"Feature","properties":{"n":5,"s":32.7},"geometry":{"type":"LineString","coordinates":[[-73.93198,40.80069],[-73.93194,40.80075],[-73.93181,40.80092],[-73.9318,40.80094],[-73.93178,40.80097]]}},{"type":"Feature","properties":{"n":4,"s":38.0},"geometry":{"type":"LineString","coordinates":[[-73.93178,40.80097],[-73.93173,40.80104],[-73.93171,40.80107],[-73.93157,40.80127],[-73.93148,40.80139],[-73.9313,40.80165],[-73.93121,40.80177]]}},{"type":"Feature","properties":{"n":4,"s":38.0},"geometry":{"type":"LineString","coordinates":[[-73.93121,40.80177],[-73.93111,40.80188],[-73.93078,40.80231],[-73.93071,40.8024],[-73.93062,40.8025],[-73.93052,40.80261],[-73.93044,40.80268],[-73.93031,40.80277],[-73.93022,40.80283],[-73.93012,40.8029],[-73.93002,40.80296],[-73.92987,40.80304],[-73.92959,40.80318],[-73.92923,40.80332]]}},{"type":"Feature","properties":{"n":4,"s":38.0},"geometry":{"type":"LineString","coordinates":[[-73.92923,40.80332],[-73.92846,40.80371],[-73.9279,40.80399],[-73.92679,40.80455]]}},{"type":"Feature","properties":{"n":3,"s":40.2},"geometry":{"type":"LineString","coordinates":[[-73.92679,40.80455],[-73.92639,40.80478],[-73.9263,40.80482]]}},{"type":"Feature","properties":{"n":3,"s":36.1},"geometry":{"type":"LineString","coordinates":[[-73.92424,40.80718],[-73.92421,40.80726],[-73.92414,40.80735],[-73.92404,40.8075],[-73.92385,40.80774],[-73.92381,40.8078]]}},{"type":"Feature","properties":{"n":3,"s":36.1},"geometry":{"type":"LineString","coordinates":[[-73.92381,40.8078],[-73.92377,40.80785],[-73.92376,40.80787],[-73.92341,40.80835],[-73.92339,40.80838],[-73.92335,40.80843]]}},{"type":"Feature","properties":{"n":3,"s":36.1},"geometry":{"type":"LineString","coordinates":[[-73.92335,40.80843],[-73.9233,40.8085],[-73.92319,40.80865],[-73.92292,40.80902],[-73.92287,40.8091]]}},{"type":"Feature","properties":{"n":3,"s":36.1},"geometry":{"type":"LineString","coordinates":[[-73.92287,40.8091],[-73.92281,40.80919],[-73.92261,40.80947],[-73.92242,40.80972],[-73.92238,40.80978]]}},{"type":"Feature","properties":{"n":3,"s":36.1},"geometry":{"type":"LineString","coordinates":[[-73.92238,40.80978],[-73.92234,40.80984],[-73.9222,40.81002],[-73.92197,40.81035],[-73.92193,40.8104]]}},{"type":"Feature","properties":{"n":3,"s":36.1},"geometry":{"type":"LineString","coordinates":[[-73.92193,40.8104],[-73.92186,40.81049],[-73.92167,40.81076],[-73.92152,40.81096],[-73.92147,40.81103]]}},{"type":"Feature","properties":{"n":3,"s":36.1},"geometry":{"type":"LineString","coordinates":[[-73.92147,40.81103],[-73.92142,40.8111],[-73.92128,40.81129],[-73.92107,40.81158],[-73.92102,40.81165]]}},{"type":"Feature","properties":{"n":3,"s":36.1},"geometry":{"type":"LineString","coordinates":[[-73.92102,40.81165],[-73.92097,40.81172],[-73.92077,40.81198],[-73.92062,40.81219],[-73.92058,40.81225]]}},{"type":"Feature","properties":{"n":3,"s":38.2},"geometry":{"type":"LineString","coordinates":[[-73.91946,40.81509],[-73.91868,40.81549],[-73.91859,40.81554]]}},{"type":"Feature","properties":{"n":3,"s":38.2},"geometry":{"type":"LineString","coordinates":[[-73.91859,40.81554],[-73.91857,40.81556],[-73.91846,40.81562],[-73.91779,40.81599],[-73.91769,40.81604]]}},{"type":"Feature","properties":{"n":3,"s":38.2},"geometry":{"type":"LineString","coordinates":[[-73.91769,40.81604],[-73.91758,40.8161]]}},{"type":"Feature","properties":{"n":3,"s":38.2},"geometry":{"type":"LineString","coordinates":[[-73.91758,40.8161],[-73.91749,40.81614],[-73.91689,40.81649],[-73.91687,40.8165]]}},{"type":"Feature","properties":{"n":3,"s":38.2},"geometry":{"type":"LineString","coordinates":[[-73.91687,40.8165],[-73.91675,40.81658]]}},{"type":"Feature","properties":{"n":3,"s":38.2},"geometry":{"type":"LineString","coordinates":[[-73.91675,40.81658],[-73.91668,40.81663],[-73.91633,40.81692],[-73.91607,40.81715],[-73.91599,40.81721]]}},{"type":"Feature","properties":{"n":3,"s":38.2},"geometry":{"type":"LineString","coordinates":[[-73.91599,40.81721],[-73.91595,40.81725],[-73.91592,40.81727],[-73.91558,40.81754],[-73.91553,40.81758]]}},{"type":"Feature","properties":{"n":3,"s":38.2},"geometry":{"type":"LineString","coordinates":[[-73.91553,40.81758],[-73.91547,40.81763],[-73.91526,40.81782]]}},{"type":"Feature","properties":{"n":3,"s":38.2},"geometry":{"type":"LineString","coordinates":[[-73.91526,40.81782],[-73.91521,40.81787],[-73.91495,40.81808]]}},{"type":"Feature","properties":{"n":3,"s":38.2},"geometry":{"type":"LineString","coordinates":[[-73.91495,40.81808],[-73.91481,40.81821],[-73.9146,40.8184]]}},{"type":"Feature","properties":{"n":3,"s":38.2},"geometry":{"type":"LineString","coordinates":[[-73.9146,40.8184],[-73.91451,40.81848],[-73.91447,40.81851]]}},{"type":"Feature","properties":{"n":3,"s":38.2},"geometry":{"type":"LineString","coordinates":[[-73.91447,40.81851],[-73.91442,40.81856],[-73.9141,40.81889],[-73.91403,40.81896]]}},{"type":"Feature","properties":{"n":3,"s":38.2},"geometry":{"type":"LineString","coordinates":[[-73.91403,40.81896],[-73.914,40.819],[-73.91357,40.81949],[-73.91352,40.81954]]}},{"type":"Feature","properties":{"n":3,"s":38.2},"geometry":{"type":"LineString","coordinates":[[-73.91352,40.81954],[-73.91349,40.81958],[-73.91306,40.82013]]}},{"type":"Feature","properties":{"n":3,"s":38.2},"geometry":{"type":"LineString","coordinates":[[-73.91306,40.82013],[-73.91302,40.8202],[-73.91257,40.82086]]}},{"type":"Feature","properties":{"n":3,"s":38.2},"geometry":{"type":"LineString","coordinates":[[-73.91257,40.82086],[-73.91217,40.82149]]}},{"type":"Feature","properties":{"n":3,"s":38.2},"geometry":{"type":"LineString","coordinates":[[-73.91217,40.82149],[-73.91177,40.82206]]}},{"type":"Feature","properties":{"n":3,"s":38.2},"geometry":{"type":"LineString","coordinates":[[-73.91177,40.82206],[-73.91149,40.82217],[-73.91137,40.82219]]}},{"type":"Feature","properties":{"n":3,"s":38.2},"geometry":{"type":"LineString","coordinates":[[-73.91137,40.82219],[-73.91127,40.82221],[-73.9111,40.82225],[-73.91085,40.8223],[-73.9107,40.82233]]}},{"type":"Feature","properties":{"n":3,"s":38.2},"geometry":{"type":"LineString","coordinates":[[-73.9107,40.82233],[-73.90987,40.82254]]}},{"type":"Feature","properties":{"n":3,"s":38.2},"geometry":{"type":"LineString","coordinates":[[-73.90987,40.82254],[-73.90969,40.82262],[-73.90952,40.82275],[-73.90951,40.82276],[-73.90942,40.82285]]}},{"type":"Feature","properties":{"n":3,"s":38.2},"geometry":{"type":"LineString","coordinates":[[-73.90942,40.82285],[-73.90935,40.82298],[-73.90915,40.8233],[-73.9091,40.82338]]}},{"type":"Feature","properties":{"n":3,"s":38.2},"geometry":{"type":"LineString","coordinates":[[-73.9091,40.82338],[-73.90907,40.82344],[-73.90877,40.82397],[-73.90871,40.82407]]}},{"type":"Feature","properties":{"n":3,"s":38.2},"geometry":{"type":"LineString","coordinates":[[-73.90871,40.82407],[-73.90866,40.82418],[-73.90854,40.82442],[-73.90847,40.82458]]}},{"type":"Feature","properties":{"n":3,"s":38.2},"geometry":{"type":"LineString","coordinates":[[-73.90847,40.82458],[-73.90803,40.82499]]}},{"type":"Feature","properties":{"n":3,"s":38.2},"geometry":{"type":"LineString","coordinates":[[-73.90803,40.82499],[-73.90782,40.82518],[-73.90778,40.82521]]}},{"type":"Feature","properties":{"n":3,"s":38.2},"geometry":{"type":"LineString","coordinates":[[-73.90778,40.82521],[-73.9077,40.82528],[-73.90736,40.8256],[-73.90703,40.82583]]}},{"type":"Feature","properties":{"n":3,"s":38.2},"geometry":{"type":"LineString","coordinates":[[-73.90703,40.82583],[-73.90558,40.82675]]}},{"type":"Feature","properties":{"n":3,"s":38.2},"geometry":{"type":"LineString","coordinates":[[-73.90558,40.82675],[-73.90508,40.82711]]}},{"type":"Feature","properties":{"n":3,"s":38.2},"geometry":{"type":"LineString","coordinates":[[-73.90508,40.82711],[-73.90498,40.82721],[-73.90491,40.82728]]}},{"type":"Feature","properties":{"n":3,"s":38.2},"geometry":{"type":"LineString","coordinates":[[-73.90491,40.82728],[-73.90397,40.8281],[-73.90396,40.8281],[-73.9039,40.82815],[-73.90385,40.82819]]}},{"type":"Feature","properties":{"n":3,"s":38.2},"geometry":{"type":"LineString","coordinates":[[-73.90385,40.82819],[-73.90379,40.82825],[-73.90348,40.82851],[-73.90342,40.82857]]}},{"type":"Feature","properties":{"n":3,"s":38.2},"geometry":{"type":"LineString","coordinates":[[-73.90342,40.82857],[-73.90336,40.82862],[-73.90263,40.82925]]}},{"type":"Feature","properties":{"n":3,"s":38.2},"geometry":{"type":"LineString","coordinates":[[-73.90263,40.82925],[-73.90227,40.82956],[-73.9022,40.82962]]}},{"type":"Feature","properties":{"n":3,"s":38.2},"geometry":{"type":"LineString","coordinates":[[-73.9022,40.82962],[-73.90213,40.82968],[-73.90124,40.83039],[-73.9009,40.83067]]}},{"type":"Feature","properties":{"n":3,"s":38.2},"geometry":{"type":"LineString","coordinates":[[-73.9009,40.83067],[-73.90063,40.83089],[-73.90037,40.8311],[-73.90025,40.8312]]}},{"type":"Feature","properties":{"n":3,"s":38.2},"geometry":{"type":"LineString","coordinates":[[-73.90025,40.8312],[-73.90016,40.83124],[-73.90006,40.83129],[-73.89983,40.83142],[-73.89973,40.83148]]}},{"type":"Feature","properties":{"n":3,"s":38.2},"geometry":{"type":"LineString","coordinates":[[-73.89973,40.83148],[-73.8997,40.8315],[-73.89961,40.83156],[-73.8994,40.8317],[-73.89918,40.83188],[-73.89916,40.8319],[-73.89906,40.83197]]}},{"type":"Feature","properties":{"n":3,"s":38.2},"geometry":{"type":"LineString","coordinates":[[-73.89906,40.83197],[-73.89848,40.83239],[-73.89813,40.83265],[-73.89801,40.83273]]}},{"type":"Feature","properties":{"n":3,"s":38.2},"geometry":{"type":"LineString","coordinates":[[-73.89801,40.83273],[-73.89783,40.83282],[-73.89705,40.83319],[-73.8969,40.83325],[-73.89675,40.83332]]}},{"type":"Feature","properties":{"n":3,"s":38.2},"geometry":{"type":"LineString","coordinates":[[-73.89675,40.83332],[-73.89654,40.83343],[-73.89633,40.83353]]}},{"type":"Feature","properties":{"n":3,"s":38.2},"geometry":{"type":"LineString","coordinates":[[-73.89633,40.83353],[-73.89623,40.83358],[-73.89595,40.83371],[-73.8955,40.83392],[-73.89542,40.83396],[-73.89527,40.83403]]}},{"type":"Feature","properties":{"n":3,"s":38.2},"geometry":{"type":"LineString","coordinates":[[-73.89527,40.83403],[-73.89522,40.83406],[-73.89507,40.83414],[-73.89492,40.83422],[-73.89478,40.8343],[-73.89467,40.83439],[-73.89458,40.83446],[-73.89444,40.83461]]}},{"type":"Feature","properties":{"n":3,"s":38.2},"geometry":{"type":"LineString","coordinates":[[-73.89444,40.83461],[-73.89443,40.83462],[-73.8942,40.83485],[-73.89412,40.83493]]}},{"type":"Feature","properties":{"n":3,"s":38.2},"geometry":{"type":"LineString","coordinates":[[-73.89412,40.83493],[-73.89402,40.83503],[-73.89382,40.83523],[-73.8938,40.83525],[-73.89364,40.83539],[-73.89357,40.83544],[-73.89349,40.83549],[-73.89341,40.83553],[-73.89335,40.83556],[-73.89327,40.83559],[-73.89312,40.83563],[-73.89309,40.83564],[-73.89301,40.83566]]}},{"type":"Feature","properties":{"n":3,"s":38.2},"geometry":{"type":"LineString","coordinates":[[-73.89301,40.83566],[-73.89291,40.83567],[-73.89213,40.83571],[-73.89204,40.83572]]}},{"type":"Feature","properties":{"n":3,"s":38.2},"geometry":{"type":"LineString","coordinates":[[-73.89204,40.83572],[-73.89191,40.83573],[-73.89139,40.83576]]}},{"type":"Feature","properties":{"n":3,"s":38.2},"geometry":{"type":"LineString","coordinates":[[-73.89139,40.83576],[-73.89106,40.83579],[-73.89103,40.83579],[-73.89091,40.83581]]}},{"type":"Feature","properties":{"n":3,"s":38.2},"geometry":{"type":"LineString","coordinates":[[-73.89091,40.83581],[-73.89082,40.83582],[-73.89063,40.83586],[-73.89057,40.83588],[-73.89047,40.8359],[-73.89038,40.83593],[-73.89032,40.83595],[-73.89024,40.83598],[-73.8902,40.83599],[-73.89011,40.83603],[-73.89001,40.83607],[-73.89,40.83607],[-73.88993,40.83611],[-73.88985,40.83615]]}},{"type":"Feature","properties":{"n":3,"s":38.2},"geometry":{"type":"LineString","coordinates":[[-73.88985,40.83615],[-73.88976,40.83619],[-73.88832,40.83706]]}},{"type":"Feature","properties":{"n":3,"s":38.2},"geometry":{"type":"LineString","coordinates":[[-73.88832,40.83706],[-73.88806,40.83715],[-73.88786,40.83725]]}},{"type":"Feature","properties":{"n":3,"s":38.2},"geometry":{"type":"LineString","coordinates":[[-73.88786,40.83725],[-73.88784,40.83729],[-73.88775,40.8374]]}},{"type":"Feature","properties":{"n":3,"s":38.2},"geometry":{"type":"LineString","coordinates":[[-73.88775,40.8374],[-73.88757,40.8375]]}},{"type":"Feature","properties":{"n":3,"s":43.3},"geometry":{"type":"LineString","coordinates":[[-73.88073,40.85681],[-73.88056,40.85673],[-73.88016,40.85653],[-73.88012,40.85651],[-73.87973,40.85632],[-73.87959,40.85625],[-73.87897,40.85596],[-73.87881,40.8559]]}},{"type":"Feature","properties":{"n":3,"s":43.3},"geometry":{"type":"LineString","coordinates":[[-73.87881,40.8559],[-73.8782,40.85561],[-73.87806,40.85555],[-73.87793,40.85551],[-73.87781,40.85547],[-73.87766,40.85543],[-73.87753,40.85541],[-73.87741,40.85539]]}},{"type":"Feature","properties":{"n":3,"s":43.3},"geometry":{"type":"LineString","coordinates":[[-73.87741,40.85539],[-73.87725,40.85538],[-73.87713,40.85538],[-73.87702,40.85539],[-73.8769,40.85539],[-73.87674,40.85541],[-73.87659,40.85543],[-73.87638,40.85546],[-73.87617,40.8555],[-73.87589,40.85554],[-73.87559,40.8556],[-73.87477,40.85576]]}},{"type":"Feature","properties":{"n":3,"s":43.3},"geometry":{"type":"LineString","coordinates":[[-73.87477,40.85576],[-73.8744,40.85584],[-73.87411,40.8559],[-73.87383,40.85595],[-73.87355,40.85601],[-73.87328,40.85607],[-73.87305,40.85612]]}},{"type":"Feature","properties":{"n":3,"s":43.3},"geometry":{"type":"LineString","coordinates":[[-73.87305,40.85612],[-73.87237,40.85629]]}},{"type":"Feature","properties":{"n":3,"s":43.3},"geometry":{"type":"LineString","coordinates":[[-73.87237,40.85629],[-73.87136,40.85655],[-73.87122,40.85659],[-73.87109,40.85662],[-73.87095,40.85665],[-73.87088,40.85667],[-73.87081,40.85668],[-73.87074,40.85669],[-73.87067,40.8567],[-73.8706,40.85671],[-73.87053,40.85672],[-73.87046,40.85673],[-73.87039,40.85673],[-73.87032,40.85674],[-73.87024,40.85674],[-73.87017,40.85674],[-73.8701,40.85674],[-73.87002,40.85674],[-73.86995,40.85674],[-73.86991,40.85674],[-73.86929,40.85671]]}},{"type":"Feature","properties":{"n":3,"s":43.3},"geometry":{"type":"LineString","coordinates":[[-73.86929,40.85671],[-73.86896,40.8571],[-73.86887,40.85721]]}},{"type":"Feature","properties":{"n":3,"s":43.3},"geometry":{"type":"LineString","coordinates":[[-73.86887,40.85721],[-73.86876,40.85734],[-73.86851,40.85764],[-73.86824,40.85797]]}},{"type":"Feature","properties":{"n":3,"s":43.3},"geometry":{"type":"LineString","coordinates":[[-73.86824,40.85797],[-73.86818,40.85804]]}},{"type":"Feature","properties":{"n":4,"s":13.2},"geometry":{"type":"LineString","coordinates":[[-73.98132,40.74136],[-73.98145,40.74142],[-73.98182,40.74158],[-73.98245,40.74184],[-73.98275,40.74197],[-73.9828,40.74199],[-73.98291,40.74204]]}},{"type":"Feature","properties":{"n":4,"s":13.2},"geometry":{"type":"LineString","coordinates":[[-73.98291,40.74204],[-73.98301,40.74208],[-73.98387,40.74244],[-73.98435,40.74264],[-73.9844,40.74266],[-73.98445,40.74268],[-73.98447,40.74269]]}},{"type":"Feature","properties":{"n":30,"s":17.8},"geometry":{"type":"LineString","coordinates":[[-73.98267,40.74516],[-73.9828,40.74521]]}},{"type":"Feature","properties":{"n":29,"s":17.7},"geometry":{"type":"LineString","coordinates":[[-73.9828,40.74521],[-73.98287,40.74524],[-73.98425,40.74582],[-73.98435,40.74586]]}},{"type":"Feature","properties":{"n":28,"s":19.5},"geometry":{"type":"LineString","coordinates":[[-73.98435,40.74586],[-73.9843,40.74593],[-73.98394,40.74642],[-73.98389,40.74648]]}},{"type":"Feature","properties":{"n":31,"s":19.8},"geometry":{"type":"LineString","coordinates":[[-73.98389,40.74648],[-73.98385,40.74653],[-73.98376,40.74667],[-73.9835,40.74702],[-73.98349,40.74704],[-73.98344,40.7471]]}},{"type":"Feature","properties":{"n":4,"s":13.9},"geometry":{"type":"LineString","coordinates":[[-73.98824,40.74912],[-73.98839,40.74919],[-73.9905,40.75009],[-73.99098,40.75029],[-73.9911,40.75034]]}},{"type":"Feature","properties":{"n":3,"s":19.7},"geometry":{"type":"LineString","coordinates":[[-73.9796,40.74964],[-73.97949,40.74959],[-73.97942,40.74956]]}},{"type":"Feature","properties":{"n":4,"s":18.3},"geometry":{"type":"LineString","coordinates":[[-73.97942,40.74956],[-73.97933,40.74952],[-73.9793,40.74951],[-73.97861,40.74922],[-73.97806,40.74899],[-73.978,40.74896],[-73.9779,40.74892]]}},{"type":"Feature","properties":{"n":3,"s":19.7},"geometry":{"type":"LineString","coordinates":[[-73.9779,40.74892],[-73.9778,40.74888],[-73.97679,40.74845],[-73.97649,40.74832],[-73.97643,40.7483],[-73.97632,40.74825]]}},{"type":"Feature","properties":{"n":4,"s":18.1},"geometry":{"type":"LineString","coordinates":[[-73.97632,40.74825],[-73.97616,40.74818],[-73.97614,40.74817],[-73.97558,40.74793],[-73.9755,40.7479],[-73.97544,40.74788]]}},{"type":"Feature","properties":{"n":3,"s":19.7},"geometry":{"type":"LineString","coordinates":[[-73.97544,40.74788],[-73.97536,40.74784],[-73.97504,40.74771],[-73.97484,40.74763],[-73.97451,40.74749],[-73.97425,40.74738],[-73.97419,40.74735],[-73.97406,40.74729]]}},{"type":"Feature","properties":{"n":12,"s":18.7},"geometry":{"type":"LineString","coordinates":[[-73.97406,40.74729],[-73.97409,40.74725],[-73.97445,40.74675],[-73.9745,40.74668]]}},{"type":"Feature","properties":{"n":14,"s":18.4},"geometry":{"type":"LineString","coordinates":[[-73.9745,40.74668],[-73.97454,40.74662],[-73.97455,40.74661],[-73.9747,40.74641],[-73.97474,40.74634],[-73.97484,40.74621],[-73.97488,40.74616],[-73.97494,40.74608]]}},{"type":"Feature","properties":{"n":7,"s":21.7},"geometry":{"type":"LineString","coordinates":[[-73.94923,40.74253],[-73.94912,40.74251],[-73.94885,40.74246],[-73.94805,40.74231],[-73.94737,40.74217],[-73.94734,40.74217],[-73.9469,40.74208],[-73.94661,40.74203],[-73.94639,40.74198]]}},{"type":"Feature","properties":{"n":7,"s":21.7},"geometry":{"type":"LineString","coordinates":[[-73.94639,40.74198],[-73.94638,40.742],[-73.94636,40.74202],[-73.94634,40.74203],[-73.94632,40.74204],[-73.94298,40.74338]]}},{"type":"Feature","properties":{"n":7,"s":21.7},"geometry":{"type":"LineString","coordinates":[[-73.94298,40.74338],[-73.94212,40.74372]]}},{"type":"Feature","properties":{"n":7,"s":21.7},"geometry":{"type":"LineString","coordinates":[[-73.94212,40.74372],[-73.94181,40.74384]]}},{"type":"Feature","properties":{"n":5,"s":23.9},"geometry":{"type":"LineString","coordinates":[[-73.94181,40.74384],[-73.94155,40.74395],[-73.94071,40.74428],[-73.94063,40.74431],[-73.94055,40.74434],[-73.94045,40.74438],[-73.94032,40.74442]]}},{"type":"Feature","properties":{"n":5,"s":23.9},"geometry":{"type":"LineString","coordinates":[[-73.94032,40.74442],[-73.93926,40.74476]]}},{"type":"Feature","properties":{"n":5,"s":23.9},"geometry":{"type":"LineString","coordinates":[[-73.93926,40.74476],[-73.93833,40.74506],[-73.93796,40.74518],[-73.93768,40.74524]]}},{"type":"Feature","properties":{"n":3,"s":25.4},"geometry":{"type":"LineString","coordinates":[[-73.93768,40.74524],[-73.93759,40.74523],[-73.93748,40.74521],[-73.93726,40.74518]]}},{"type":"Feature","properties":{"n":3,"s":25.4},"geometry":{"type":"LineString","coordinates":[[-73.93726,40.74518],[-73.93714,40.74517],[-73.937,40.74515],[-73.9369,40.74514],[-73.93645,40.74509],[-73.93635,40.74507]]}},{"type":"Feature","properties":{"n":3,"s":25.4},"geometry":{"type":"LineString","coordinates":[[-73.93635,40.74507],[-73.93627,40.74507],[-73.93586,40.74502],[-73.93551,40.74498],[-73.93541,40.74497]]}},{"type":"Feature","properties":{"n":3,"s":25.4},"geometry":{"type":"LineString","coordinates":[[-73.93541,40.74497],[-73.93465,40.74488],[-73.93459,40.74487],[-73.9345,40.74486],[-73.93442,40.74485],[-73.93438,40.74485],[-73.93433,40.74484],[-73.93415,40.74482],[-73.93406,40.74481],[-73.93372,40.74477],[-73.93355,40.74473]]}},{"type":"Feature","properties":{"n":3,"s":25.4},"geometry":{"type":"LineString","coordinates":[[-73.93355,40.74473],[-73.93342,40.74469],[-73.93338,40.74469],[-73.93279,40.74462],[-73.93273,40.74462],[-73.93265,40.74462]]}},{"type":"Feature","properties":{"n":8,"s":29.8},"geometry":{"type":"LineString","coordinates":[[-73.93265,40.74462],[-73.93257,40.74461],[-73.93223,40.74457],[-73.9318,40.74452],[-73.93172,40.74451]]}},{"type":"Feature","properties":{"n":8,"s":29.8},"geometry":{"type":"LineString","coordinates":[[-73.93172,40.74451],[-73.93165,40.74451],[-73.93087,40.74442],[-73.93078,40.74441]]}},{"type":"Feature","properties":{"n":8,"s":29.8},"geometry":{"type":"LineString","coordinates":[[-73.93078,40.74441],[-73.93071,40.7444],[-73.92994,40.74431],[-73.92986,40.7443]]}},{"type":"Feature","properties":{"n":8,"s":29.8},"geometry":{"type":"LineString","coordinates":[[-73.92986,40.7443],[-73.92978,40.74429],[-73.92956,40.74426],[-73.92918,40.74422],[-73.92903,40.7442],[-73.92893,40.74419]]}},{"type":"Feature","properties":{"n":8,"s":29.8},"geometry":{"type":"LineString","coordinates":[[-73.92893,40.74419],[-73.92885,40.74418],[-73.92874,40.74417],[-73.92821,40.74411],[-73.92809,40.74409],[-73.928,40.74408]]}},{"type":"Feature","properties":{"n":8,"s":29.8},"geometry":{"type":"LineString","coordinates":[[-73.928,40.74408],[-73.92792,40.74407],[-73.92716,40.74399],[-73.92708,40.74398]]}},{"type":"Feature","properties":{"n":8,"s":29.8},"geometry":{"type":"LineString","coordinates":[[-73.92708,40.74398],[-73.92699,40.74397],[-73.92679,40.74394],[-73.92659,40.74392],[-73.9263,40.74389],[-73.92619,40.74387]]}},{"type":"Feature","properties":{"n":8,"s":29.8},"geometry":{"type":"LineString","coordinates":[[-73.92619,40.74387],[-73.92608,40.74386],[-73.92576,40.74382],[-73.92563,40.74381],[-73.9253,40.74377],[-73.92522,40.74376]]}},{"type":"Feature","properties":{"n":8,"s":29.8},"geometry":{"type":"LineString","coordinates":[[-73.92522,40.74376],[-73.92514,40.74375],[-73.92437,40.74366],[-73.9243,40.74365]]}},{"type":"Feature","properties":{"n":8,"s":29.8},"geometry":{"type":"LineString","coordinates":[[-73.9243,40.74365],[-73.92424,40.74365],[-73.92345,40.74356],[-73.92337,40.74355]]}},{"type":"Feature","properties":{"n":8,"s":29.8},"geometry":{"type":"LineString","coordinates":[[-73.92337,40.74355],[-73.92329,40.74354],[-73.92304,40.74351],[-73.92253,40.74345],[-73.92245,40.74344]]}},{"type":"Feature","properties":{"n":8,"s":29.8},"geometry":{"type":"LineString","coordinates":[[-73.92245,40.74344],[-73.92236,40.74343],[-73.92225,40.74342],[-73.92198,40.74339],[-73.92163,40.74334],[-73.92152,40.74333]]}},{"type":"Feature","properties":{"n":8,"s":29.8},"geometry":{"type":"LineString","coordinates":[[-73.92152,40.74333],[-73.9214,40.74332],[-73.92115,40.74329],[-73.92067,40.74323],[-73.92059,40.74322]]}},{"type":"Feature","properties":{"n":8,"s":29.8},"geometry":{"type":"LineString","coordinates":[[-73.92059,40.74322],[-73.92051,40.74322],[-73.92021,40.74318],[-73.92001,40.74316],[-73.91996,40.74315],[-73.91974,40.74313],[-73.91965,40.74312]]}},{"type":"Feature","properties":{"n":8,"s":29.8},"geometry":{"type":"LineString","coordinates":[[-73.91965,40.74312],[-73.91958,40.74311],[-73.9188,40.74302],[-73.91873,40.74301]]}},{"type":"Feature","properties":{"n":7,"s":30.4},"geometry":{"type":"LineString","coordinates":[[-73.91873,40.74301],[-73.91866,40.743],[-73.91831,40.74296],[-73.91787,40.74292],[-73.91779,40.74291]]}},{"type":"Feature","properties":{"n":7,"s":30.4},"geometry":{"type":"LineString","coordinates":[[-73.91779,40.74291],[-73.91773,40.7429],[-73.91714,40.74284],[-73.91692,40.7428]]}},{"type":"Feature","properties":{"n":7,"s":30.4},"geometry":{"type":"LineString","coordinates":[[-73.91692,40.7428],[-73.91666,40.74278],[-73.91654,40.74276],[-73.91646,40.74275],[-73.91595,40.74269]]}},{"type":"Feature","properties":{"n":7,"s":30.4},"geometry":{"type":"LineString","coordinates":[[-73.91595,40.74269],[-73.91576,40.74262],[-73.9152,40.74256],[-73.91514,40.74255],[-73.9151,40.74255],[-73.91502,40.74254]]}},{"type":"Feature","properties":{"n":7,"s":30.4},"geometry":{"type":"LineString","coordinates":[[-73.91502,40.74254],[-73.91493,40.74254],[-73.91457,40.7425],[-73.91433,40.74247],[-73.91392,40.74242],[-73.91382,40.74241]]}},{"type":"Feature","properties":{"n":7,"s":30.4},"geometry":{"type":"LineString","coordinates":[[-73.91382,40.74241],[-73.9131,40.74233],[-73.91299,40.74232]]}},{"type":"Feature","properties":{"n":7,"s":30.4},"geometry":{"type":"LineString","coordinates":[[-73.91299,40.74232],[-73.91279,40.74229],[-73.91269,40.74228],[-73.91119,40.7421],[-73.91109,40.74209]]}},{"type":"Feature","properties":{"n":7,"s":30.4},"geometry":{"type":"LineString","coordinates":[[-73.91109,40.74209],[-73.91099,40.74207],[-73.90944,40.74189],[-73.90938,40.74189],[-73.90928,40.74188],[-73.90918,40.74186],[-73.9089,40.74183],[-73.90887,40.74183],[-73.90767,40.74169],[-73.90756,40.74167]]}},{"type":"Feature","properties":{"n":7,"s":30.4},"geometry":{"type":"LineString","coordinates":[[-73.90756,40.74167],[-73.90745,40.74166],[-73.90727,40.74164],[-73.90694,40.7416],[-73.90634,40.74153]]}},{"type":"Feature","properties":{"n":7,"s":30.4},"geometry":{"type":"LineString","coordinates":[[-73.90634,40.74153],[-73.90589,40.74148]]}},{"type":"Feature","properties":{"n":7,"s":30.4},"geometry":{"type":"LineString","coordinates":[[-73.90589,40.74148],[-73.90539,40.74142],[-73.90514,40.74139],[-73.90493,40.74136],[-73.90479,40.74135],[-73.90475,40.74134],[-73.90464,40.74133],[-73.90449,40.74131],[-73.90325,40.74118],[-73.90285,40.74114],[-73.90275,40.74112]]}},{"type":"Feature","properties":{"n":7,"s":30.4},"geometry":{"type":"LineString","coordinates":[[-73.90275,40.74112],[-73.90255,40.7411]]}},{"type":"Feature","properties":{"n":7,"s":30.4},"geometry":{"type":"LineString","coordinates":[[-73.90255,40.7411],[-73.90245,40.74108],[-73.90221,40.74104],[-73.9021,40.74103],[-73.90179,40.74098],[-73.90169,40.74096]]}},{"type":"Feature","properties":{"n":7,"s":30.4},"geometry":{"type":"LineString","coordinates":[[-73.90169,40.74096],[-73.9015,40.74095]]}},{"type":"Feature","properties":{"n":7,"s":30.4},"geometry":{"type":"LineString","coordinates":[[-73.9015,40.74095],[-73.90093,40.74088],[-73.9006,40.74085]]}},{"type":"Feature","properties":{"n":7,"s":30.4},"geometry":{"type":"LineString","coordinates":[[-73.9006,40.74085],[-73.90018,40.7408],[-73.90002,40.74078],[-73.89996,40.74077],[-73.89994,40.74077],[-73.89976,40.74075],[-73.89963,40.74073]]}},{"type":"Feature","properties":{"n":7,"s":30.4},"geometry":{"type":"LineString","coordinates":[[-73.89963,40.74073],[-73.89953,40.74072],[-73.89935,40.7407],[-73.89925,40.74068]]}},{"type":"Feature","properties":{"n":6,"s":31.0},"geometry":{"type":"LineString","coordinates":[[-73.89925,40.74068],[-73.89908,40.74066],[-73.89892,40.74063],[-73.89888,40.74063],[-73.89866,40.74058],[-73.89851,40.74055],[-73.89839,40.74053]]}},{"type":"Feature","properties":{"n":6,"s":31.0},"geometry":{"type":"LineString","coordinates":[[-73.89839,40.74053],[-73.89772,40.74041]]}},{"type":"Feature","properties":{"n":6,"s":31.0},"geometry":{"type":"LineString","coordinates":[[-73.89772,40.74041],[-73.89744,40.74036]]}},{"type":"Feature","properties":{"n":6,"s":31.0},"geometry":{"type":"LineString","coordinates":[[-73.89744,40.74036],[-73.89722,40.74032],[-73.89663,40.74021],[-73.89615,40.74012],[-73.89596,40.74008],[-73.89585,40.74006]]}},{"type":"Feature","properties":{"n":6,"s":31.0},"geometry":{"type":"LineString","coordinates":[[-73.89585,40.74006],[-73.89572,40.74004],[-73.89528,40.73996],[-73.89431,40.73977],[-73.89422,40.73976]]}},{"type":"Feature","properties":{"n":6,"s":31.0},"geometry":{"type":"LineString","coordinates":[[-73.89422,40.73976],[-73.89412,40.73974],[-73.89282,40.73949],[-73.8926,40.73945],[-73.89223,40.73937]]}},{"type":"Feature","properties":{"n":6,"s":31.0},"geometry":{"type":"LineString","coordinates":[[-73.89223,40.73937],[-73.89186,40.73931],[-73.89157,40.73925],[-73.89092,40.73913]]}},{"type":"Feature","properties":{"n":6,"s":31.0},"geometry":{"type":"LineString","coordinates":[[-73.89092,40.73913],[-73.89062,40.73907]]}},{"type":"Feature","properties":{"n":6,"s":31.0},"geometry":{"type":"LineString","coordinates":[[-73.89062,40.73907],[-73.89044,40.73904],[-73.89011,40.73899],[-73.88967,40.73891]]}},{"type":"Feature","properties":{"n":15,"s":18.7},"geometry":{"type":"LineString","coordinates":[[-73.98767,40.7286],[-73.98771,40.72854],[-73.98808,40.72804],[-73.98812,40.72799]]}},{"type":"Feature","properties":{"n":14,"s":18.9},"geometry":{"type":"LineString","coordinates":[[-73.98812,40.72799],[-73.98816,40.72793],[-73.9885,40.72746],[-73.98853,40.72741]]}},{"type":"Feature","properties":{"n":16,"s":17.9},"geometry":{"type":"LineString","coordinates":[[-73.98853,40.72741],[-73.98858,40.72735],[-73.98894,40.72685],[-73.98898,40.7268]]}},{"type":"Feature","properties":{"n":14,"s":18.9},"geometry":{"type":"LineString","coordinates":[[-73.98898,40.7268],[-73.98903,40.72673],[-73.98939,40.72624],[-73.98943,40.72619]]}},{"type":"Feature","properties":{"n":17,"s":18.3},"geometry":{"type":"LineString","coordinates":[[-73.98943,40.72619],[-73.98947,40.72613],[-73.98982,40.72564],[-73.98987,40.72558]]}},{"type":"Feature","properties":{"n":16,"s":17.6},"geometry":{"type":"LineString","coordinates":[[-73.98987,40.72558],[-73.98991,40.72553],[-73.99015,40.7252],[-73.9903,40.72499],[-73.99035,40.72493]]}},{"type":"Feature","properties":{"n":15,"s":18.4},"geometry":{"type":"LineString","coordinates":[[-73.99035,40.72493],[-73.99039,40.72488],[-73.99048,40.72476],[-73.99079,40.72434],[-73.99083,40.72429]]}},{"type":"Feature","properties":{"n":16,"s":17.4},"geometry":{"type":"LineString","coordinates":[[-73.99083,40.72429],[-73.99087,40.72423],[-73.99096,40.72411]]}},{"type":"Feature","properties":{"n":14,"s":16.6},"geometry":{"type":"LineString","coordinates":[[-73.99096,40.72411],[-73.99099,40.72399],[-73.991,40.72388],[-73.99101,40.72382],[-73.99103,40.72373]]}},{"type":"Feature","properties":{"n":14,"s":16.6},"geometry":{"type":"LineString","coordinates":[[-73.99103,40.72373],[-73.99108,40.7236]]}},{"type":"Feature","properties":{"n":13,"s":17.6},"geometry":{"type":"LineString","coordinates":[[-73.99108,40.7236],[-73.99111,40.72352],[-73.99113,40.72347],[-73.99115,40.72343],[-73.99131,40.72313],[-73.99154,40.72268],[-73.99162,40.72252],[-73.99164,40.72247],[-73.99167,40.72242]]}},{"type":"Feature","properties":{"n":15,"s":17.3},"geometry":{"type":"LineString","coordinates":[[-73.99167,40.72242],[-73.9917,40.72237],[-73.99172,40.72232],[-73.99221,40.72136],[-73.99223,40.72131],[-73.99225,40.72125]]}},{"type":"Feature","properties":{"n":16,"s":16.9},"geometry":{"type":"LineString","coordinates":[[-73.99225,40.72125],[-73.99227,40.72121],[-73.99229,40.72116],[-73.99238,40.72099],[-73.99259,40.72062],[-73.99265,40.7205],[-73.99278,40.72024],[-73.9928,40.72021],[-73.99283,40.72016],[-73.99288,40.72005]]}},{"type":"Feature","properties":{"n":15,"s":17.0},"geometry":{"type":"LineString","coordinates":[[-73.99288,40.72005],[-73.99295,40.71991]]}},{"type":"Feature","properties":{"n":13,"s":17.6},"geometry":{"type":"LineString","coordinates":[[-73.99295,40.71991],[-73.99299,40.71981],[-73.99302,40.71975],[-73.99314,40.71952],[-73.99332,40.71919],[-73.99334,40.71914],[-73.99337,40.71908]]}},{"type":"Feature","properties":{"n":12,"s":18.2},"geometry":{"type":"LineString","coordinates":[[-73.99337,40.71908],[-73.9934,40.71902],[-73.9936,40.71862],[-73.99378,40.71828],[-73.9938,40.71823],[-73.99384,40.71816]]}},{"type":"Feature","properties":{"n":18,"s":16.6},"geometry":{"type":"LineString","coordinates":[[-73.99384,40.71816],[-73.99388,40.71808],[-73.9939,40.71804],[-73.99404,40.71782],[-73.99406,40.71778],[-73.99441,40.71709],[-73.99443,40.71705],[-73.99446,40.71698]]}},{"type":"Feature","properties":{"n":17,"s":16.8},"geometry":{"type":"LineString","coordinates":[[-73.99446,40.71698],[-73.99455,40.71701],[-73.99525,40.71722],[-73.99529,40.71724],[-73.99544,40.71729]]}},{"type":"Feature","properties":{"n":27,"s":17.5},"geometry":{"type":"LineString","coordinates":[[-73.99544,40.71729],[-73.99548,40.71723],[-73.9955,40.71719],[-73.9958,40.71669],[-73.99583,40.71663],[-73.99585,40.71661]]}},{"type":"Feature","properties":{"n":27,"s":17.5},"geometry":{"type":"LineString","coordinates":[[-73.99585,40.71661],[-73.99589,40.71655],[-73.99599,40.71639],[-73.99602,40.71633],[-73.99606,40.71627]]}},{"type":"Feature","properties":{"n":27,"s":17.5},"geometry":{"type":"LineString","coordinates":[[-73.99606,40.71627],[-73.99613,40.71615]]}},{"type":"Feature","properties":{"n":27,"s":18.7},"geometry":{"type":"LineString","coordinates":[[-73.98338,40.69361],[-73.98336,40.69354],[-73.98311,40.69303]]}},{"type":"Feature","properties":{"n":27,"s":18.7},"geometry":{"type":"LineString","coordinates":[[-73.98311,40.69303],[-73.98288,40.69256],[-73.98274,40.69229],[-73.98267,40.69215],[-73.98262,40.69206]]}},{"type":"Feature","properties":{"n":27,"s":18.7},"geometry":{"type":"LineString","coordinates":[[-73.98262,40.69206],[-73.98257,40.69195],[-73.98221,40.69123],[-73.98218,40.69117]]}},{"type":"Feature","properties":{"n":28,"s":18.5},"geometry":{"type":"LineString","coordinates":[[-73.98218,40.69117],[-73.9816,40.69002],[-73.98155,40.68993]]}},{"type":"Feature","properties":{"n":28,"s":18.5},"geometry":{"type":"LineString","coordinates":[[-73.98155,40.68993],[-73.98152,40.68986],[-73.98146,40.68976],[-73.98133,40.68951],[-73.98114,40.68911],[-73.98107,40.68904],[-73.98097,40.68895]]}},{"type":"Feature","properties":{"n":26,"s":18.7},"geometry":{"type":"LineString","coordinates":[[-73.98097,40.68895],[-73.98094,40.6889]]}},{"type":"Feature","properties":{"n":19,"s":19.7},"geometry":{"type":"LineString","coordinates":[[-73.98094,40.6889],[-73.98088,40.68881],[-73.98084,40.68876]]}},{"type":"Feature","properties":{"n":17,"s":20.4},"geometry":{"type":"LineString","coordinates":[[-73.98084,40.68876],[-73.98064,40.68848],[-73.98062,40.68845],[-73.9806,40.68842],[-73.98056,40.68837],[-73.98011,40.68772],[-73.98007,40.68767],[-73.97998,40.68755],[-73.97981,40.68731]]}},{"type":"Feature","properties":{"n":17,"s":20.4},"geometry":{"type":"LineString","coordinates":[[-73.97981,40.68731],[-73.97959,40.687],[-73.97955,40.68695],[-73.97942,40.68677],[-73.97936,40.68669]]}},{"type":"Feature","properties":{"n":17,"s":20.4},"geometry":{"type":"LineString","coordinates":[[-73.97936,40.68669],[-73.97928,40.68661],[-73.97904,40.68627],[-73.97853,40.68556],[-73.97847,40.68549],[-73.97845,40.68546],[-73.97841,40.68539],[-73.97836,40.68532],[-73.97829,40.68522]]}},{"type":"Feature","properties":{"n":17,"s":20.4},"geometry":{"type":"LineString","coordinates":[[-73.97829,40.68522],[-73.97824,40.68514],[-73.97815,40.68502],[-73.97812,40.68497],[-73.97806,40.68488]]}},{"type":"Feature","properties":{"n":14,"s":20.1},"geometry":{"type":"LineString","coordinates":[[-73.97806,40.68488],[-73.97805,40.68473],[-73.97777,40.68431],[-73.97759,40.68411]]}},{"type":"Feature","properties":{"n":14,"s":20.1},"geometry":{"type":"LineString","coordinates":[[-73.97759,40.68411],[-73.97741,40.6839],[-73.97693,40.68323],[-73.97686,40.68313]]}},{"type":"Feature","properties":{"n":14,"s":20.1},"geometry":{"type":"LineString","coordinates":[[-73.97686,40.68313],[-73.9768,40.68304],[-73.97644,40.68256],[-73.9764,40.6825],[-73.97634,40.68242]]}},{"type":"Feature","properties":{"n":13,"s":19.7},"geometry":{"type":"LineString","coordinates":[[-73.97634,40.68242],[-73.97628,40.68233],[-73.97608,40.68205],[-73.97603,40.68198],[-73.97598,40.68189]]}},{"type":"Feature","properties":{"n":13,"s":19.7},"geometry":{"type":"LineString","coordinates":[[-73.97598,40.68189],[-73.97591,40.6818],[-73.97564,40.6814],[-73.97537,40.68105],[-73.97532,40.68098],[-73.97522,40.68084]]}},{"type":"Feature","properties":{"n":13,"s":19.7},"geometry":{"type":"LineString","coordinates":[[-73.97522,40.68084],[-73.97515,40.68074],[-73.97485,40.68033],[-73.9748,40.68027],[-73.97474,40.68019]]}},{"type":"Feature","properties":{"n":12,"s":20.0},"geometry":{"type":"LineString","coordinates":[[-73.97474,40.68019],[-73.97469,40.68011],[-73.97454,40.67992],[-73.97445,40.67985],[-73.97432,40.67975]]}},{"type":"Feature","properties":{"n":10,"s":21.5},"geometry":{"type":"LineString","coordinates":[[-73.97432,40.67975],[-73.97426,40.67966],[-73.97411,40.67946],[-73.97362,40.67878],[-73.97355,40.67868]]}},{"type":"Feature","properties":{"n":10,"s":21.5},"geometry":{"type":"LineString","coordinates":[[-73.97355,40.67868],[-73.97349,40.6786],[-73.97334,40.67839],[-73.97312,40.67809],[-73.97309,40.67805],[-73.97305,40.678]]}},{"type":"Feature","properties":{"n":3,"s":25.6},"geometry":{"type":"LineString","coordinates":[[-73.97305,40.678],[-73.97313,40.67789],[-73.97322,40.67776],[-73.97325,40.67771]]}},{"type":"Feature","properties":{"n":3,"s":25.6},"geometry":{"type":"LineString","coordinates":[[-73.97325,40.67771],[-73.97328,40.67766],[-73.97364,40.67714],[-73.97369,40.67708]]}},{"type":"Feature","properties":{"n":3,"s":25.6},"geometry":{"type":"LineString","coordinates":[[-73.97369,40.67708],[-73.97372,40.67703],[-73.97407,40.67651],[-73.97411,40.67645]]}},{"type":"Feature","properties":{"n":3,"s":25.6},"geometry":{"type":"LineString","coordinates":[[-73.97411,40.67645],[-73.97415,40.6764],[-73.97456,40.67579],[-73.9746,40.67573]]}},{"type":"Feature","properties":{"n":3,"s":25.6},"geometry":{"type":"LineString","coordinates":[[-73.9746,40.67573],[-73.97463,40.67568],[-73.97499,40.67516],[-73.97503,40.6751]]}},{"type":"Feature","properties":{"n":3,"s":25.6},"geometry":{"type":"LineString","coordinates":[[-73.97503,40.6751],[-73.97507,40.67504],[-73.97542,40.67454],[-73.97546,40.67447]]}},{"type":"Feature","properties":{"n":3,"s":15.4},"geometry":{"type":"LineString","coordinates":[[-73.99226,40.73453],[-73.99236,40.73457],[-73.994,40.73526],[-73.99406,40.73529],[-73.99412,40.73531]]}},{"type":"Feature","properties":{"n":3,"s":14.2},"geometry":{"type":"LineString","coordinates":[[-74.0024,40.73874],[-74.00236,40.73867],[-74.00211,40.73826],[-74.00204,40.73814]]}},{"type":"Feature","properties":{"n":3,"s":13.8},"geometry":{"type":"LineString","coordinates":[[-74.00204,40.73814],[-74.00215,40.73814],[-74.00338,40.73813],[-74.00381,40.73813],[-74.00387,40.73813]]}},{"type":"Feature","properties":{"n":3,"s":13.8},"geometry":{"type":"LineString","coordinates":[[-74.00387,40.73813],[-74.00401,40.73813],[-74.00414,40.73813]]}},{"type":"Feature","properties":{"n":3,"s":13.8},"geometry":{"type":"LineString","coordinates":[[-74.00414,40.73813],[-74.00427,40.73813],[-74.00434,40.73813],[-74.00547,40.73814],[-74.00551,40.73814],[-74.00561,40.73814]]}},{"type":"Feature","properties":{"n":3,"s":13.8},"geometry":{"type":"LineString","coordinates":[[-74.00561,40.73814],[-74.00572,40.73815],[-74.00639,40.73815],[-74.00647,40.73815]]}},{"type":"Feature","properties":{"n":3,"s":8.6},"geometry":{"type":"LineString","coordinates":[[-73.95705,40.71465],[-73.95711,40.71463],[-73.95736,40.71455],[-73.95753,40.7145]]}},{"type":"Feature","properties":{"n":3,"s":9.2},"geometry":{"type":"LineString","coordinates":[[-73.98508,40.71908],[-73.98505,40.71913],[-73.98449,40.72019],[-73.98447,40.72024]]}},{"type":"Feature","properties":{"n":3,"s":10.7},"geometry":{"type":"LineString","coordinates":[[-73.98447,40.72024],[-73.98442,40.72022],[-73.98371,40.72],[-73.98365,40.71998]]}},{"type":"Feature","properties":{"n":7,"s":11.1},"geometry":{"type":"LineString","coordinates":[[-73.98303,40.72116],[-73.98294,40.72114],[-73.98218,40.72091]]}},{"type":"Feature","properties":{"n":6,"s":11.1},"geometry":{"type":"LineString","coordinates":[[-73.98218,40.72091],[-73.98185,40.72081],[-73.98151,40.7207],[-73.98145,40.72068],[-73.98135,40.72065]]}},{"type":"Feature","properties":{"n":6,"s":11.0},"geometry":{"type":"LineString","coordinates":[[-73.98135,40.72065],[-73.98127,40.72076]]}},{"type":"Feature","properties":{"n":5,"s":11.2},"geometry":{"type":"LineString","coordinates":[[-73.98127,40.72076],[-73.98121,40.72085],[-73.98112,40.72097],[-73.98108,40.72102]]}},{"type":"Feature","properties":{"n":5,"s":11.2},"geometry":{"type":"LineString","coordinates":[[-73.98108,40.72102],[-73.98104,40.72108],[-73.98064,40.72163],[-73.9806,40.72168]]}},{"type":"Feature","properties":{"n":5,"s":11.2},"geometry":{"type":"LineString","coordinates":[[-73.9806,40.72168],[-73.98056,40.72173],[-73.98045,40.72189],[-73.9802,40.72223],[-73.98016,40.72228]]}},{"type":"Feature","properties":{"n":5,"s":11.2},"geometry":{"type":"LineString","coordinates":[[-73.98016,40.72228],[-73.98012,40.72234],[-73.97976,40.72284],[-73.97972,40.72289]]}},{"type":"Feature","properties":{"n":6,"s":15.2},"geometry":{"type":"LineString","coordinates":[[-73.97972,40.72289],[-73.97968,40.72294],[-73.97949,40.7232],[-73.97931,40.72345],[-73.97927,40.7235]]}},{"type":"Feature","properties":{"n":6,"s":15.2},"geometry":{"type":"LineString","coordinates":[[-73.97927,40.7235],[-73.97923,40.72356],[-73.97889,40.72403],[-73.97885,40.72408]]}},{"type":"Feature","properties":{"n":7,"s":15.2},"geometry":{"type":"LineString","coordinates":[[-73.97885,40.72408],[-73.97881,40.72413],[-73.97868,40.72432],[-73.97861,40.72442],[-73.97844,40.72464],[-73.97841,40.72469]]}},{"type":"Feature","properties":{"n":7,"s":15.2},"geometry":{"type":"LineString","coordinates":[[-73.97841,40.72469],[-73.97837,40.72475],[-73.97801,40.72524],[-73.97797,40.72529]]}},{"type":"Feature","properties":{"n":8,"s":13.9},"geometry":{"type":"LineString","coordinates":[[-73.97797,40.72529],[-73.97794,40.72533],[-73.97772,40.72564],[-73.97763,40.72578],[-73.97762,40.7258],[-73.97759,40.72582],[-73.97754,40.72588]]}},{"type":"Feature","properties":{"n":8,"s":13.6},"geometry":{"type":"LineString","coordinates":[[-73.97754,40.72588],[-73.97749,40.72594],[-73.97745,40.72598],[-73.97744,40.72601],[-73.9773,40.7262],[-73.97713,40.7264],[-73.97708,40.72646]]}},{"type":"Feature","properties":{"n":6,"s":15.4},"geometry":{"type":"LineString","coordinates":[[-73.97708,40.72646],[-73.97705,40.72652],[-73.97687,40.72676],[-73.97671,40.72699],[-73.97668,40.72704],[-73.97664,40.72709]]}},{"type":"Feature","properties":{"n":6,"s":15.4},"geometry":{"type":"LineString","coordinates":[[-73.97664,40.72709],[-73.9766,40.72715],[-73.97657,40.7272],[-73.97643,40.72739],[-73.97637,40.72747],[-73.97635,40.7275],[-73.97621,40.72769],[-73.97617,40.72775]]}},{"type":"Feature","properties":{"n":6,"s":15.4},"geometry":{"type":"LineString","coordinates":[[-73.97617,40.72775],[-73.97613,40.72781],[-73.97597,40.72803],[-73.97574,40.72835],[-73.97568,40.72844]]}},{"type":"Feature","properties":{"n":6,"s":16.2},"geometry":{"type":"LineString","coordinates":[[-73.97568,40.72844],[-73.97563,40.72853],[-73.97543,40.72881],[-73.97523,40.72908],[-73.97519,40.72914]]}},{"type":"Feature","properties":{"n":6,"s":16.2},"geometry":{"type":"LineString","coordinates":[[-73.97519,40.72914],[-73.97514,40.7292],[-73.97486,40.72959],[-73.97476,40.72972],[-73.97473,40.72977]]}},{"type":"Feature","properties":{"n":6,"s":16.2},"geometry":{"type":"LineString","coordinates":[[-73.97473,40.72977],[-73.97468,40.72983],[-73.97456,40.73],[-73.97433,40.73032],[-73.97418,40.73053]]}},{"type":"Feature","properties":{"n":6,"s":16.2},"geometry":{"type":"LineString","coordinates":[[-73.97418,40.73053],[-73.97408,40.73063],[-73.97404,40.73069],[-73.97401,40.73075],[-73.97398,40.7308],[-73.97396,40.73085],[-73.97394,40.73089],[-73.97394,40.73091],[-73.97394,40.73093],[-73.97394,40.73096]]}},{"type":"Feature","properties":{"n":7,"s":15.6},"geometry":{"type":"LineString","coordinates":[[-73.97394,40.73096],[-73.97397,40.73111],[-73.97398,40.73114],[-73.97401,40.73129]]}},{"type":"Feature","properties":{"n":7,"s":16.1},"geometry":{"type":"LineString","coordinates":[[-73.97401,40.73129],[-73.97426,40.73224],[-73.97428,40.7323],[-73.97436,40.73239]]}},{"type":"Feature","properties":{"n":7,"s":16.1},"geometry":{"type":"LineString","coordinates":[[-73.97436,40.73239],[-73.97439,40.73251],[-73.9744,40.73256],[-73.9744,40.73257],[-73.97444,40.73274]]}},{"type":"Feature","properties":{"n":14,"s":12.2},"geometry":{"type":"LineString","coordinates":[[-73.99108,40.7236],[-73.99092,40.72356],[-73.99048,40.72343],[-73.99042,40.72341],[-73.9903,40.72337]]}},{"type":"Feature","properties":{"n":5,"s":26.6},"geometry":{"type":"LineString","coordinates":[[-73.97058,40.74783],[-73.9704,40.74799],[-73.9704,40.74799]]}},{"type":"Feature","properties":{"n":5,"s":26.6},"geometry":{"type":"LineString","coordinates":[[-73.9704,40.74799],[-73.9703,40.74805],[-73.97022,40.7481],[-73.97018,40.74813]]}},{"type":"Feature","properties":{"n":5,"s":26.6},"geometry":{"type":"LineString","coordinates":[[-73.97018,40.74813],[-73.97011,40.74821],[-73.96979,40.74867],[-73.96976,40.74872],[-73.96974,40.74878]]}},{"type":"Feature","properties":{"n":5,"s":26.6},"geometry":{"type":"LineString","coordinates":[[-73.96974,40.74878],[-73.96967,40.7489],[-73.96962,40.749],[-73.96953,40.74918],[-73.9695,40.74923],[-73.96946,40.74928],[-73.96944,40.74932],[-73.96938,40.74941]]}},{"type":"Feature","properties":{"n":5,"s":26.6},"geometry":{"type":"LineString","coordinates":[[-73.96938,40.74941],[-73.96932,40.74949],[-73.96925,40.74959],[-73.96891,40.75005],[-73.96887,40.75012]]}},{"type":"Feature","properties":{"n":14,"s":12.1},"geometry":{"type":"LineString","coordinates":[[-73.99967,40.72843],[-73.99962,40.7284],[-73.99905,40.72811],[-73.99895,40.72807]]}},{"type":"Feature","properties":{"n":9,"s":13.4},"geometry":{"type":"LineString","coordinates":[[-73.99895,40.72807],[-73.99894,40.72809],[-73.99892,40.72811],[-73.9989,40.72813],[-73.9984,40.72873],[-73.99794,40.72925],[-73.99787,40.72933]]}},{"type":"Feature","properties":{"n":23,"s":15.9},"geometry":{"type":"LineString","coordinates":[[-73.99787,40.72933],[-73.99798,40.72938],[-73.99855,40.72966],[-73.9986,40.72969]]}},{"type":"Feature","properties":{"n":21,"s":16.1},"geometry":{"type":"LineString","coordinates":[[-73.9986,40.72969],[-73.99866,40.72971],[-73.99931,40.73003],[-73.99937,40.73006]]}},{"type":"Feature","properties":{"n":21,"s":16.1},"geometry":{"type":"LineString","coordinates":[[-73.99937,40.73006],[-73.99943,40.73009],[-74.00006,40.7304],[-74.00012,40.73043]]}},{"type":"Feature","properties":{"n":24,"s":15.7},"geometry":{"type":"LineString","coordinates":[[-74.00012,40.73043],[-74.00018,40.73046],[-74.00112,40.73092],[-74.0013,40.73101],[-74.00141,40.73106]]}},{"type":"Feature","properties":{"n":6,"s":14.5},"geometry":{"type":"LineString","coordinates":[[-74.00262,40.72488],[-74.00266,40.72483],[-74.00356,40.72378],[-74.0036,40.72374],[-74.00365,40.72369]]}},{"type":"Feature","properties":{"n":3,"s":14.0},"geometry":{"type":"LineString","coordinates":[[-74.00338,40.72525],[-74.00333,40.72531],[-74.00239,40.72645],[-74.00235,40.7265]]}},{"type":"Feature","properties":{"n":3,"s":14.0},"geometry":{"type":"LineString","coordinates":[[-74.00235,40.7265],[-74.00231,40.72654],[-74.0015,40.72755],[-74.00144,40.72762]]}},{"type":"Feature","properties":{"n":4,"s":14.1},"geometry":{"type":"LineString","coordinates":[[-74.00043,40.7288],[-74.00041,40.72882],[-74.00039,40.72885],[-73.9994,40.73001],[-73.99937,40.73006]]}},{"type":"Feature","properties":{"n":4,"s":14.1},"geometry":{"type":"LineString","coordinates":[[-73.99937,40.73006],[-73.99932,40.73011],[-73.9989,40.73062],[-73.99888,40.73064],[-73.99886,40.73065],[-73.99884,40.73065],[-73.99881,40.73066]]}},{"type":"Feature","properties":{"n":11,"s":14.0},"geometry":{"type":"LineString","coordinates":[[-73.99881,40.73066],[-73.99879,40.73064],[-73.99814,40.73032],[-73.99808,40.73029]]}},{"type":"Feature","properties":{"n":11,"s":14.0},"geometry":{"type":"LineString","coordinates":[[-73.99808,40.73029],[-73.99802,40.73026],[-73.99747,40.73],[-73.99736,40.72994]]}},{"type":"Feature","properties":{"n":17,"s":14.0},"geometry":{"type":"LineString","coordinates":[[-73.99736,40.72994],[-73.99726,40.72989],[-73.99663,40.72959],[-73.99657,40.72956]]}},{"type":"Feature","properties":{"n":9,"s":14.7},"geometry":{"type":"LineString","coordinates":[[-73.99657,40.72956],[-73.99652,40.72962],[-73.99612,40.73009],[-73.99606,40.73016]]}},{"type":"Feature","properties":{"n":9,"s":14.7},"geometry":{"type":"LineString","coordinates":[[-73.99606,40.73016],[-73.99603,40.7302],[-73.99562,40.73067],[-73.99557,40.73072]]}},{"type":"Feature","properties":{"n":9,"s":14.7},"geometry":{"type":"LineString","coordinates":[[-73.99557,40.73072],[-73.99551,40.73077],[-73.99513,40.73121]]}},{"type":"Feature","properties":{"n":9,"s":14.7},"geometry":{"type":"LineString","coordinates":[[-73.99513,40.73121],[-73.99488,40.73151],[-73.99484,40.73156],[-73.9948,40.7316]]}},{"type":"Feature","properties":{"n":8,"s":15.1},"geometry":{"type":"LineString","coordinates":[[-73.9948,40.7316],[-73.99476,40.73166],[-73.9944,40.73209],[-73.99437,40.73212],[-73.99431,40.73218]]}},{"type":"Feature","properties":{"n":8,"s":15.1},"geometry":{"type":"LineString","coordinates":[[-73.99431,40.73218],[-73.99426,40.73223],[-73.9939,40.73264],[-73.99386,40.73268],[-73.99382,40.73273]]}},{"type":"Feature","properties":{"n":12,"s":14.9},"geometry":{"type":"LineString","coordinates":[[-73.99382,40.73273],[-73.99376,40.73279],[-73.99336,40.73326],[-73.99332,40.7333]]}},{"type":"Feature","properties":{"n":12,"s":14.9},"geometry":{"type":"LineString","coordinates":[[-73.99332,40.7333],[-73.99328,40.73336],[-73.99284,40.73387],[-73.99279,40.73392]]}},{"type":"Feature","properties":{"n":12,"s":14.9},"geometry":{"type":"LineString","coordinates":[[-73.99279,40.73392],[-73.99271,40.73389],[-73.99122,40.73326],[-73.99111,40.73321]]}},{"type":"Feature","properties":{"n":15,"s":14.9},"geometry":{"type":"LineString","coordinates":[[-73.99111,40.73321],[-73.99102,40.73317],[-73.99046,40.73294],[-73.99024,40.73284],[-73.99017,40.73282],[-73.99003,40.73276]]}},{"type":"Feature","properties":{"n":13,"s":14.4},"geometry":{"type":"LineString","coordinates":[[-73.99003,40.73276],[-73.98989,40.7327],[-73.98835,40.73205],[-73.98829,40.73202],[-73.98816,40.73197]]}},{"type":"Feature","properties":{"n":4,"s":42.9},"geometry":{"type":"LineString","coordinates":[[-73.77897,40.64663],[-73.77901,40.64661]]}},{"type":"Feature","properties":{"n":4,"s":42.9},"geometry":{"type":"LineString","coordinates":[[-73.77901,40.64661],[-73.77908,40.64667],[-73.77917,40.64671],[-73.77933,40.64674],[-73.77948,40.64678],[-73.77963,40.64684],[-73.7802,40.64718],[-73.78045,40.64739],[-73.78067,40.64757],[-73.7807,40.64763]]}},{"type":"Feature","properties":{"n":4,"s":42.9},"geometry":{"type":"LineString","coordinates":[[-73.7807,40.64763],[-73.7814,40.64807],[-73.78192,40.64815],[-73.7821,40.64818],[-73.78237,40.64823],[-73.78272,40.6483],[-73.78281,40.64831],[-73.78343,40.64842],[-73.78367,40.64846],[-73.78377,40.64847],[-73.78388,40.64848],[-73.78396,40.64849],[-73.784,40.64849],[-73.78404,40.64849],[-73.78423,40.64843]]}},{"type":"Feature","properties":{"n":4,"s":42.9},"geometry":{"type":"LineString","coordinates":[[-73.78423,40.64843],[-73.78457,40.64859],[-73.78485,40.6487],[-73.78515,40.6488]]}},{"type":"Feature","properties":{"n":4,"s":42.9},"geometry":{"type":"LineString","coordinates":[[-73.78515,40.6488],[-73.78529,40.64886],[-73.78538,40.64896]]}},{"type":"Feature","properties":{"n":4,"s":42.9},"geometry":{"type":"LineString","coordinates":[[-73.78538,40.64896],[-73.78544,40.64908],[-73.78547,40.64957],[-73.78555,40.65008]]}},{"type":"Feature","properties":{"n":7,"s":46.4},"geometry":{"type":"LineString","coordinates":[[-73.78555,40.65008],[-73.78556,40.65028],[-73.78556,40.65041],[-73.78557,40.65052],[-73.78559,40.65063],[-73.78561,40.65075],[-73.78563,40.65085],[-73.78566,40.65095],[-73.78569,40.65105],[-73.78573,40.65115],[-73.78579,40.65131],[-73.78588,40.65153],[-73.78598,40.65174],[-73.78607,40.65194],[-73.78617,40.65214],[-73.78628,40.65234],[-73.7864,40.65255],[-73.78653,40.65276],[-73.78664,40.65294],[-73.78676,40.65313],[-73.78688,40.65331],[-73.78703,40.65351],[-73.78718,40.65368],[-73.78726,40.65377],[-73.78737,40.65387]]}},{"type":"Feature","properties":{"n":7,"s":46.4},"geometry":{"type":"LineString","coordinates":[[-73.78737,40.65387],[-73.78769,40.6542],[-73.78836,40.65469],[-73.78847,40.65476],[-73.78854,40.65481],[-73.78862,40.65485],[-73.7887,40.6549],[-73.78878,40.65494],[-73.78888,40.65499],[-73.78901,40.65505],[-73.78931,40.65519],[-73.78941,40.65524]]}},{"type":"Feature","properties":{"n":7,"s":46.4},"geometry":{"type":"LineString","coordinates":[[-73.78941,40.65524],[-73.78949,40.65528]]}},{"type":"Feature","properties":{"n":7,"s":46.4},"geometry":{"type":"LineString","coordinates":[[-73.78949,40.65528],[-73.78956,40.65532],[-73.79093,40.65593]]}},{"type":"Feature","properties":{"n":6,"s":47.1},"geometry":{"type":"LineString","coordinates":[[-73.79093,40.65593],[-73.79122,40.6561],[-73.79133,40.65617],[-73.79145,40.65625],[-73.79157,40.65633],[-73.79167,40.65641],[-73.79176,40.65648],[-73.79188,40.65658],[-73.79198,40.65667],[-73.79208,40.65677],[-73.79216,40.65687],[-73.79223,40.65697],[-73.79232,40.65709],[-73.79238,40.65719],[-73.79243,40.65729],[-73.79248,40.6574],[-73.79253,40.65751],[-73.79258,40.65763],[-73.79261,40.65774],[-73.79265,40.65784],[-73.79266,40.65791],[-73.79267,40.65798],[-73.79267,40.65805],[-73.79267,40.65812],[-73.79266,40.65819],[-73.79265,40.65828],[-73.79263,40.65836],[-73.7926,40.65844],[-73.79257,40.65851],[-73.79254,40.65858],[-73.79251,40.65865],[-73.79247,40.65872],[-73.79242,40.6588],[-73.79236,40.65888],[-73.7923,40.65895],[-73.79223,40.65902],[-73.79216,40.65908],[-73.79207,40.65916],[-73.79196,40.65923],[-73.79187,40.65929],[-73.79175,40.65935],[-73.79164,40.65941],[-73.79155,40.65947],[-73.79146,40.65953],[-73.79138,40.65958],[-73.79131,40.65964],[-73.79125,40.65969],[-73.79121,40.65974],[-73.79117,40.6598],[-73.7911,40.65991],[-73.79101,40.66004],[-73.791,40.66005],[-73.79097,40.66011],[-73.79088,40.66027],[-73.79078,40.66045],[-73.7907,40.66057],[-73.79063,40.66068],[-73.7904,40.66101],[-73.79038,40.66104],[-73.79028,40.66117]]}},{"type":"Feature","properties":{"n":6,"s":47.1},"geometry":{"type":"LineString","coordinates":[[-73.79028,40.66117],[-73.7904,40.66119]]}},{"type":"Feature","properties":{"n":6,"s":47.1},"geometry":{"type":"LineString","coordinates":[[-73.7904,40.66119],[-73.79053,40.66122],[-73.79057,40.66123],[-73.79145,40.66138],[-73.79193,40.66146],[-73.79207,40.66148],[-73.7922,40.6615],[-73.79243,40.66153],[-73.79261,40.66155]]}},{"type":"Feature","properties":{"n":6,"s":47.1},"geometry":{"type":"LineString","coordinates":[[-73.79261,40.66155],[-73.79259,40.66164],[-73.79247,40.66201],[-73.79241,40.66218],[-73.7924,40.66223],[-73.79227,40.66264],[-73.79204,40.66337],[-73.79201,40.66347]]}},{"type":"Feature","properties":{"n":6,"s":47.1},"geometry":{"type":"LineString","coordinates":[[-73.79201,40.66347],[-73.79198,40.66354],[-73.79194,40.66361],[-73.79187,40.66373],[-73.79179,40.66383],[-73.79172,40.66391],[-73.79164,40.66398],[-73.78981,40.66544],[-73.78976,40.66548],[-73.78974,40.66551],[-73.78973,40.66552],[-73.78969,40.66557],[-73.78966,40.66561]]}},{"type":"Feature","properties":{"n":6,"s":47.1},"geometry":{"type":"LineString","coordinates":[[-73.78966,40.66561],[-73.78964,40.66565],[-73.78962,40.66569],[-73.78958,40.66581],[-73.78956,40.66591],[-73.78953,40.6661],[-73.7895,40.66631],[-73.78947,40.66651],[-73.78941,40.66685]]}},{"type":"Feature","properties":{"n":16,"s":17.9},"geometry":{"type":"LineString","coordinates":[[-74.00063,40.73722],[-74.00067,40.73716],[-74.00092,40.73685],[-74.00094,40.73682],[-74.00103,40.7367],[-74.00111,40.7366]]}},{"type":"Feature","properties":{"n":16,"s":17.4},"geometry":{"type":"LineString","coordinates":[[-74.00111,40.7366],[-74.00117,40.73648],[-74.00118,40.73646]]}},{"type":"Feature","properties":{"n":15,"s":18.4},"geometry":{"type":"LineString","coordinates":[[-74.00118,40.73646],[-74.00151,40.73587],[-74.00155,40.73579]]}},{"type":"Feature","properties":{"n":15,"s":18.4},"geometry":{"type":"LineString","coordinates":[[-74.00155,40.73579],[-74.00157,40.73575],[-74.00166,40.7356],[-74.0017,40.73554]]}},{"type":"Feature","properties":{"n":15,"s":18.4},"geometry":{"type":"LineString","coordinates":[[-74.0017,40.73554],[-74.00176,40.73542],[-74.00181,40.73535],[-74.00194,40.73513],[-74.00197,40.73508]]}},{"type":"Feature","properties":{"n":15,"s":18.4},"geometry":{"type":"LineString","coordinates":[[-74.00197,40.73508],[-74.002,40.73502],[-74.00226,40.73458],[-74.00236,40.73439],[-74.0024,40.73434]]}},{"type":"Feature","properties":{"n":15,"s":18.4},"geometry":{"type":"LineString","coordinates":[[-74.0024,40.73434],[-74.00243,40.73428],[-74.00249,40.73417],[-74.00259,40.734],[-74.00269,40.73382],[-74.00274,40.73373]]}},{"type":"Feature","properties":{"n":13,"s":18.0},"geometry":{"type":"LineString","coordinates":[[-74.00274,40.73373],[-74.00277,40.73368],[-74.00281,40.73361]]}},{"type":"Feature","properties":{"n":13,"s":18.0},"geometry":{"type":"LineString","coordinates":[[-74.00281,40.73361],[-74.00287,40.73351],[-74.00298,40.7333],[-74.00303,40.73323]]}},{"type":"Feature","properties":{"n":15,"s":17.5},"geometry":{"type":"LineString","coordinates":[[-74.00303,40.73323],[-74.00307,40.73315],[-74.00326,40.73282],[-74.00333,40.7327],[-74.00344,40.73251]]}},{"type":"Feature","properties":{"n":13,"s":17.4},"geometry":{"type":"LineString","coordinates":[[-74.00344,40.73251],[-74.00355,40.73232],[-74.00356,40.73229],[-74.00358,40.73225]]}},{"type":"Feature","properties":{"n":13,"s":15.7},"geometry":{"type":"LineString","coordinates":[[-74.00632,40.72257],[-74.00633,40.72243],[-74.00634,40.72236],[-74.00635,40.72231],[-74.00641,40.72192],[-74.00642,40.72187],[-74.00644,40.72181]]}},{"type":"Feature","properties":{"n":13,"s":15.7},"geometry":{"type":"LineString","coordinates":[[-74.00644,40.72181],[-74.00647,40.72173],[-74.00648,40.72169],[-74.00648,40.72167],[-74.00658,40.72112]]}},{"type":"Feature","properties":{"n":13,"s":15.7},"geometry":{"type":"LineString","coordinates":[[-74.00658,40.72112],[-74.00666,40.72062],[-74.00668,40.72051],[-74.00669,40.72045]]}},{"type":"Feature","properties":{"n":13,"s":15.7},"geometry":{"type":"LineString","coordinates":[[-74.00669,40.72045],[-74.00671,40.72037],[-74.0068,40.71985],[-74.00682,40.71978]]}},{"type":"Feature","properties":{"n":9,"s":18.8},"geometry":{"type":"LineString","coordinates":[[-74.00682,40.71978],[-74.00683,40.71971],[-74.00686,40.71957],[-74.00693,40.7192],[-74.00694,40.71917],[-74.00697,40.71907]]}},{"type":"Feature","properties":{"n":9,"s":18.8},"geometry":{"type":"LineString","coordinates":[[-74.00697,40.71907],[-74.00698,40.719],[-74.00709,40.7184],[-74.00709,40.71835],[-74.00709,40.71831],[-74.00709,40.71828]]}},{"type":"Feature","properties":{"n":10,"s":17.4},"geometry":{"type":"LineString","coordinates":[[-74.00709,40.71828],[-74.00712,40.71824],[-74.00742,40.71786],[-74.00751,40.71772],[-74.00755,40.71768]]}},{"type":"Feature","properties":{"n":3,"s":20.0},"geometry":{"type":"LineString","coordinates":[[-74.00624,40.71708],[-74.00613,40.71703],[-74.00532,40.71666],[-74.00509,40.71655],[-74.00497,40.71649],[-74.00463,40.71633],[-74.00452,40.71629]]}},{"type":"Feature","properties":{"n":3,"s":9.7},"geometry":{"type":"LineString","coordinates":[[-73.98265,40.72727],[-73.9827,40.72721],[-73.98272,40.72718],[-73.98274,40.72716],[-73.98305,40.72673],[-73.98309,40.72667]]}},{"type":"Feature","properties":{"n":6,"s":9.9},"geometry":{"type":"LineString","coordinates":[[-73.98309,40.72667],[-73.98313,40.72661],[-73.98348,40.72612],[-73.98353,40.72605]]}},{"type":"Feature","properties":{"n":7,"s":8.7},"geometry":{"type":"LineString","coordinates":[[-73.98353,40.72605],[-73.98357,40.72599],[-73.98391,40.72553],[-73.98395,40.72547]]}},{"type":"Feature","properties":{"n":10,"s":9.5},"geometry":{"type":"LineString","coordinates":[[-73.98395,40.72547],[-73.98399,40.72542],[-73.98428,40.72502],[-73.98434,40.72494],[-73.98437,40.7249],[-73.9844,40.72486]]}},{"type":"Feature","properties":{"n":11,"s":9.7},"geometry":{"type":"LineString","coordinates":[[-73.9844,40.72486],[-73.98444,40.7248],[-73.98454,40.72466],[-73.98465,40.72452],[-73.98478,40.72434],[-73.98483,40.72427]]}},{"type":"Feature","properties":{"n":12,"s":10.5},"geometry":{"type":"LineString","coordinates":[[-73.98483,40.72427],[-73.98488,40.7242],[-73.98524,40.7237],[-73.98528,40.72365]]}},{"type":"Feature","properties":{"n":12,"s":10.5},"geometry":{"type":"LineString","coordinates":[[-73.98528,40.72365],[-73.98532,40.72359],[-73.98569,40.72308],[-73.98575,40.72301]]}},{"type":"Feature","properties":{"n":13,"s":11.3},"geometry":{"type":"LineString","coordinates":[[-73.98575,40.72301],[-73.9858,40.72294],[-73.986,40.72267],[-73.98617,40.72243],[-73.98618,40.72242],[-73.98621,40.72238],[-73.98622,40.72237],[-73.98627,40.72228]]}},{"type":"Feature","properties":{"n":3,"s":9.5},"geometry":{"type":"LineString","coordinates":[[-73.98709,40.72254],[-73.98718,40.72256],[-73.9876,40.72268],[-73.98772,40.72272],[-73.98778,40.72273],[-73.98786,40.72276]]}},{"type":"Feature","properties":{"n":5,"s":12.9},"geometry":{"type":"LineString","coordinates":[[-73.98786,40.72276],[-73.98795,40.72279],[-73.98816,40.72285],[-73.98836,40.72291],[-73.9884,40.72292],[-73.98844,40.72293],[-73.98863,40.72298]]}},{"type":"Feature","properties":{"n":3,"s":9.5},"geometry":{"type":"LineString","coordinates":[[-73.98863,40.72298],[-73.98881,40.72304],[-73.98935,40.7232],[-73.98984,40.72335],[-73.99008,40.72343],[-73.99015,40.72345],[-73.99024,40.72348]]}},{"type":"Feature","properties":{"n":20,"s":21.1},"geometry":{"type":"LineString","coordinates":[[-73.97585,40.74889],[-73.97581,40.74894],[-73.9758,40.74896],[-73.97548,40.74939],[-73.97545,40.74944],[-73.9754,40.7495]]}},{"type":"Feature","properties":{"n":19,"s":21.1},"geometry":{"type":"LineString","coordinates":[[-73.9754,40.7495],[-73.97537,40.74955],[-73.97534,40.74958],[-73.97524,40.74972],[-73.97503,40.75001],[-73.975,40.75005],[-73.97495,40.75012]]}},{"type":"Feature","properties":{"n":27,"s":21.7},"geometry":{"type":"LineString","coordinates":[[-73.97495,40.75012],[-73.97491,40.75017],[-73.97489,40.7502],[-73.97478,40.75035],[-73.97457,40.75063],[-73.97454,40.75068],[-73.97447,40.75077]]}},{"type":"Feature","properties":{"n":25,"s":23.4},"geometry":{"type":"LineString","coordinates":[[-73.97306,40.7527],[-73.97302,40.75276],[-73.97265,40.75327],[-73.9726,40.75333]]}},{"type":"Feature","properties":{"n":25,"s":23.4},"geometry":{"type":"LineString","coordinates":[[-73.9726,40.75333],[-73.97256,40.75339],[-73.97219,40.7539],[-73.97215,40.75395]]}},{"type":"Feature","properties":{"n":28,"s":24.1},"geometry":{"type":"LineString","coordinates":[[-73.97215,40.75395],[-73.97211,40.75401],[-73.97191,40.75428],[-73.97174,40.75452],[-73.97169,40.75458]]}},{"type":"Feature","properties":{"n":18,"s":25.5},"geometry":{"type":"LineString","coordinates":[[-73.97169,40.75458],[-73.97164,40.75465],[-73.97146,40.7549],[-73.97128,40.75515],[-73.97124,40.7552]]}},{"type":"Feature","properties":{"n":18,"s":25.5},"geometry":{"type":"LineString","coordinates":[[-73.97124,40.7552],[-73.97119,40.75526],[-73.97082,40.75577],[-73.97078,40.75583]]}},{"type":"Feature","properties":{"n":19,"s":24.9},"geometry":{"type":"LineString","coordinates":[[-73.97078,40.75583],[-73.97073,40.7559],[-73.97058,40.7561],[-73.97037,40.75639],[-73.97032,40.75646]]}},{"type":"Feature","properties":{"n":19,"s":24.9},"geometry":{"type":"LineString","coordinates":[[-73.97032,40.75646],[-73.97019,40.75664],[-73.9699,40.75703],[-73.96985,40.7571]]}},{"type":"Feature","properties":{"n":18,"s":25.5},"geometry":{"type":"LineString","coordinates":[[-73.96985,40.7571],[-73.96982,40.75714],[-73.96945,40.75765],[-73.96941,40.75771]]}},{"type":"Feature","properties":{"n":14,"s":26.4},"geometry":{"type":"LineString","coordinates":[[-73.9568,40.77497],[-73.95675,40.77503],[-73.95637,40.77555],[-73.95634,40.77559]]}},{"type":"Feature","properties":{"n":15,"s":26.0},"geometry":{"type":"LineString","coordinates":[[-73.95634,40.77559],[-73.95629,40.77566],[-73.95591,40.77618],[-73.95587,40.77623]]}},{"type":"Feature","properties":{"n":8,"s":15.7},"geometry":{"type":"LineString","coordinates":[[-73.99097,40.74542],[-73.99111,40.74548],[-73.99369,40.74657],[-73.99381,40.74662]]}},{"type":"Feature","properties":{"n":5,"s":17.1},"geometry":{"type":"LineString","coordinates":[[-73.99381,40.74662],[-73.99393,40.74667],[-73.99397,40.74668],[-73.99425,40.74681],[-73.99477,40.74703],[-73.99561,40.74739],[-73.99643,40.74774],[-73.99651,40.74777],[-73.99663,40.74784]]}},{"type":"Feature","properties":{"n":58,"s":20.5},"geometry":{"type":"LineString","coordinates":[[-73.99663,40.74784],[-73.9966,40.74789],[-73.99624,40.74837],[-73.99619,40.74844]]}},{"type":"Feature","properties":{"n":58,"s":20.5},"geometry":{"type":"LineString","coordinates":[[-73.99619,40.74844],[-73.99614,40.7485],[-73.99602,40.74866],[-73.99578,40.74899],[-73.99573,40.74906]]}},{"type":"Feature","properties":{"n":59,"s":20.3},"geometry":{"type":"LineString","coordinates":[[-73.99573,40.74906],[-73.99569,40.7491],[-73.99533,40.74962],[-73.9953,40.74967]]}},{"type":"Feature","properties":{"n":58,"s":20.5},"geometry":{"type":"LineString","coordinates":[[-73.9953,40.74967],[-73.99526,40.74973],[-73.99509,40.74995],[-73.99489,40.75024],[-73.99485,40.75029]]}},{"type":"Feature","properties":{"n":58,"s":20.5},"geometry":{"type":"LineString","coordinates":[[-73.99485,40.75029],[-73.99479,40.75037],[-73.99448,40.75079],[-73.99442,40.75088],[-73.99399,40.75146],[-73.99394,40.75153]]}},{"type":"Feature","properties":{"n":59,"s":21.1},"geometry":{"type":"LineString","coordinates":[[-73.99394,40.75153],[-73.99391,40.75158],[-73.99369,40.75188],[-73.99352,40.75211],[-73.99346,40.7522]]}},{"type":"Feature","properties":{"n":57,"s":21.4},"geometry":{"type":"LineString","coordinates":[[-73.99346,40.7522],[-73.9934,40.75228],[-73.99317,40.75259],[-73.99301,40.7528],[-73.99298,40.75286]]}},{"type":"Feature","properties":{"n":56,"s":21.4},"geometry":{"type":"LineString","coordinates":[[-73.99298,40.75286],[-73.99293,40.75292],[-73.99276,40.75315],[-73.99257,40.75342],[-73.99253,40.75348]]}},{"type":"Feature","properties":{"n":5,"s":15.9},"geometry":{"type":"LineString","coordinates":[[-73.99028,40.75657],[-73.99043,40.75663],[-73.99158,40.75712],[-73.99273,40.75761],[-73.99294,40.75776],[-73.99298,40.75778],[-73.99307,40.75784]]}},{"type":"Feature","properties":{"n":6,"s":14.4},"geometry":{"type":"LineString","coordinates":[[-73.99307,40.75784],[-73.99319,40.75792],[-73.99417,40.75833],[-73.99424,40.75835],[-73.9943,40.75836],[-73.99439,40.75837]]}},{"type":"Feature","properties":{"n":5,"s":15.9},"geometry":{"type":"LineString","coordinates":[[-73.99439,40.75837],[-73.99433,40.75846],[-73.99401,40.75888],[-73.99394,40.75898]]}},{"type":"Feature","properties":{"n":5,"s":15.9},"geometry":{"type":"LineString","coordinates":[[-73.99394,40.75898],[-73.99403,40.75902],[-73.99408,40.75904],[-73.99534,40.75957],[-73.99547,40.75963]]}},{"type":"Feature","properties":{"n":54,"s":20.6},"geometry":{"type":"LineString","coordinates":[[-73.99755,40.74658],[-73.99751,40.74664],[-73.99714,40.74714],[-73.99709,40.74722]]}},{"type":"Feature","properties":{"n":53,"s":20.8},"geometry":{"type":"LineString","coordinates":[[-73.99709,40.74722],[-73.99705,40.74726],[-73.99667,40.74778],[-73.99663,40.74784]]}},{"type":"Feature","properties":{"n":3,"s":50.9},"geometry":{"type":"LineString","coordinates":[[-73.78835,40.64549],[-73.7878,40.64557],[-73.78729,40.64574],[-73.78707,40.64586],[-73.78698,40.64594]]}},{"type":"Feature","properties":{"n":3,"s":50.9},"geometry":{"type":"LineString","coordinates":[[-73.78698,40.64594],[-73.78693,40.64604],[-73.78686,40.64632],[-73.78675,40.64659],[-73.78663,40.64684],[-73.78649,40.64711],[-73.78639,40.64729],[-73.78626,40.64755],[-73.7859,40.64822],[-73.78585,40.64831],[-73.78579,40.64845],[-73.78572,40.64871],[-73.78564,40.6491],[-73.78563,40.64917],[-73.7856,40.64931],[-73.78559,40.6494],[-73.78559,40.64945],[-73.78557,40.64962],[-73.78556,40.64978],[-73.78555,40.64994],[-73.78555,40.65008]]}},{"type":"Feature","properties":{"n":5,"s":49.0},"geometry":{"type":"LineString","coordinates":[[-73.78941,40.66685],[-73.78948,40.66685],[-73.78954,40.66685],[-73.78961,40.66686],[-73.7899,40.66688],[-73.79026,40.6669]]}},{"type":"Feature","properties":{"n":5,"s":49.0},"geometry":{"type":"LineString","coordinates":[[-73.79026,40.6669],[-73.79041,40.66691]]}},{"type":"Feature","properties":{"n":5,"s":49.0},"geometry":{"type":"LineString","coordinates":[[-73.79041,40.66691],[-73.79129,40.66698]]}},{"type":"Feature","properties":{"n":5,"s":49.0},"geometry":{"type":"LineString","coordinates":[[-73.79129,40.66698],[-73.79219,40.66705]]}},{"type":"Feature","properties":{"n":5,"s":49.0},"geometry":{"type":"LineString","coordinates":[[-73.79219,40.66705],[-73.79237,40.66706]]}},{"type":"Feature","properties":{"n":5,"s":49.0},"geometry":{"type":"LineString","coordinates":[[-73.79237,40.66706],[-73.7928,40.66712],[-73.79313,40.66713]]}},{"type":"Feature","properties":{"n":5,"s":49.0},"geometry":{"type":"LineString","coordinates":[[-73.79313,40.66713],[-73.79323,40.66714],[-73.79327,40.66714],[-73.79332,40.66715],[-73.79337,40.66716],[-73.79342,40.66717],[-73.79345,40.66718],[-73.79348,40.66719],[-73.7935,40.66721],[-73.79375,40.6674],[-73.79379,40.66742],[-73.79387,40.66746]]}},{"type":"Feature","properties":{"n":5,"s":49.0},"geometry":{"type":"LineString","coordinates":[[-73.79387,40.66746],[-73.79393,40.66749],[-73.79395,40.66751],[-73.79413,40.66763],[-73.79421,40.66769],[-73.79439,40.66778],[-73.79468,40.66789],[-73.79473,40.66791]]}},{"type":"Feature","properties":{"n":5,"s":49.0},"geometry":{"type":"LineString","coordinates":[[-73.79473,40.66791],[-73.79575,40.66829],[-73.79598,40.66832],[-73.79626,40.66833]]}},{"type":"Feature","properties":{"n":5,"s":49.0},"geometry":{"type":"LineString","coordinates":[[-73.79626,40.66833],[-73.79656,40.66828],[-73.79682,40.66823],[-73.79712,40.66818]]}},{"type":"Feature","properties":{"n":5,"s":49.0},"geometry":{"type":"LineString","coordinates":[[-73.79712,40.66818],[-73.7972,40.66817],[-73.79725,40.66816]]}},{"type":"Feature","properties":{"n":5,"s":49.0},"geometry":{"type":"LineString","coordinates":[[-73.79725,40.66816],[-73.79734,40.66814],[-73.79805,40.668],[-73.79813,40.66799]]}},{"type":"Feature","properties":{"n":5,"s":49.0},"geometry":{"type":"LineString","coordinates":[[-73.79813,40.66799],[-73.79815,40.66804],[-73.79835,40.66857]]}},{"type":"Feature","properties":{"n":5,"s":49.0},"geometry":{"type":"LineString","coordinates":[[-73.79835,40.66857],[-73.79862,40.66934]]}},{"type":"Feature","properties":{"n":5,"s":49.0},"geometry":{"type":"LineString","coordinates":[[-73.79862,40.66934],[-73.79888,40.67002],[-73.79921,40.67088],[-73.79935,40.67136],[-73.79941,40.67142]]}},{"type":"Feature","properties":{"n":5,"s":49.0},"geometry":{"type":"LineString","coordinates":[[-73.79941,40.67142],[-73.79947,40.67148],[-73.79984,40.67241],[-73.79988,40.67248]]}},{"type":"Feature","properties":{"n":5,"s":49.0},"geometry":{"type":"LineString","coordinates":[[-73.79988,40.67248],[-73.7999,40.67256],[-73.80028,40.67351]]}},{"type":"Feature","properties":{"n":5,"s":49.0},"geometry":{"type":"LineString","coordinates":[[-73.80028,40.67351],[-73.80056,40.67417],[-73.80065,40.67431]]}},{"type":"Feature","properties":{"n":5,"s":49.0},"geometry":{"type":"LineString","coordinates":[[-73.80065,40.67431],[-73.80074,40.67431],[-73.80087,40.67432],[-73.80111,40.67434],[-73.80121,40.67435]]}},{"type":"Feature","properties":{"n":5,"s":49.0},"geometry":{"type":"LineString","coordinates":[[-73.80121,40.67435],[-73.80127,40.67447],[-73.80173,40.67539]]}},{"type":"Feature","properties":{"n":5,"s":49.0},"geometry":{"type":"LineString","coordinates":[[-73.80173,40.67539],[-73.80176,40.67547],[-73.80181,40.67558],[-73.80185,40.67568],[-73.80188,40.67578],[-73.8019,40.67588],[-73.80191,40.67596]]}},{"type":"Feature","properties":{"n":5,"s":49.0},"geometry":{"type":"LineString","coordinates":[[-73.80191,40.67596],[-73.80201,40.67647],[-73.80204,40.6766],[-73.80206,40.6767],[-73.80211,40.67681]]}},{"type":"Feature","properties":{"n":5,"s":49.0},"geometry":{"type":"LineString","coordinates":[[-73.80211,40.67681],[-73.80216,40.67692],[-73.80221,40.67701],[-73.80258,40.67778],[-73.80262,40.67786]]}},{"type":"Feature","properties":{"n":5,"s":49.0},"geometry":{"type":"LineString","coordinates":[[-73.80262,40.67786],[-73.80267,40.67795],[-73.80348,40.67961]]}},{"type":"Feature","properties":{"n":5,"s":49.0},"geometry":{"type":"LineString","coordinates":[[-73.80348,40.67961],[-73.80434,40.68135]]}},{"type":"Feature","properties":{"n":5,"s":49.0},"geometry":{"type":"LineString","coordinates":[[-73.80434,40.68135],[-73.80458,40.68185]]}},{"type":"Feature","properties":{"n":5,"s":49.0},"geometry":{"type":"LineString","coordinates":[[-73.80458,40.68185],[-73.80497,40.68265],[-73.80515,40.68302],[-73.80518,40.6831]]}},{"type":"Feature","properties":{"n":5,"s":49.0},"geometry":{"type":"LineString","coordinates":[[-73.80518,40.6831],[-73.80522,40.68319],[-73.80551,40.68373]]}},{"type":"Feature","properties":{"n":5,"s":49.0},"geometry":{"type":"LineString","coordinates":[[-73.80551,40.68373],[-73.80589,40.68454],[-73.80605,40.68484]]}},{"type":"Feature","properties":{"n":5,"s":49.0},"geometry":{"type":"LineString","coordinates":[[-73.80605,40.68484],[-73.80662,40.68575]]}},{"type":"Feature","properties":{"n":5,"s":49.0},"geometry":{"type":"LineString","coordinates":[[-73.80662,40.68575],[-73.80744,40.68716],[-73.80747,40.68723]]}},{"type":"Feature","properties":{"n":5,"s":49.0},"geometry":{"type":"LineString","coordinates":[[-73.80747,40.68723],[-73.80752,40.68731],[-73.80765,40.68756],[-73.80832,40.68876]]}},{"type":"Feature","properties":{"n":5,"s":49.0},"geometry":{"type":"LineString","coordinates":[[-73.80832,40.68876],[-73.80871,40.68945]]}},{"type":"Feature","properties":{"n":5,"s":49.0},"geometry":{"type":"LineString","coordinates":[[-73.80871,40.68945],[-73.80935,40.69049]]}},{"type":"Feature","properties":{"n":5,"s":49.0},"geometry":{"type":"LineString","coordinates":[[-73.80935,40.69049],[-73.80988,40.69137]]}},{"type":"Feature","properties":{"n":5,"s":49.0},"geometry":{"type":"LineString","coordinates":[[-73.80988,40.69137],[-73.81014,40.69182],[-73.81021,40.69194],[-73.81027,40.69205]]}},{"type":"Feature","properties":{"n":5,"s":49.0},"geometry":{"type":"LineString","coordinates":[[-73.81027,40.69205],[-73.81033,40.69217],[-73.81035,40.69221],[-73.81037,40.69224]]}},{"type":"Feature","properties":{"n":5,"s":49.0},"geometry":{"type":"LineString","coordinates":[[-73.81037,40.69224],[-73.81042,40.69234],[-73.81063,40.69272]]}},{"type":"Feature","properties":{"n":5,"s":49.0},"geometry":{"type":"LineString","coordinates":[[-73.81063,40.69272],[-73.81104,40.69343]]}},{"type":"Feature","properties":{"n":5,"s":49.0},"geometry":{"type":"LineString","coordinates":[[-73.81104,40.69343],[-73.81137,40.69402],[-73.81141,40.6941]]}},{"type":"Feature","properties":{"n":5,"s":49.0},"geometry":{"type":"LineString","coordinates":[[-73.81141,40.6941],[-73.81146,40.69418],[-73.81208,40.6953]]}},{"type":"Feature","properties":{"n":5,"s":49.0},"geometry":{"type":"LineString","coordinates":[[-73.81208,40.6953],[-73.81277,40.69647],[-73.81289,40.69662],[-73.81299,40.69677],[-73.81319,40.69709],[-73.81326,40.69716]]}},{"type":"Feature","properties":{"n":5,"s":49.0},"geometry":{"type":"LineString","coordinates":[[-73.81326,40.69716],[-73.81335,40.69727]]}},{"type":"Feature","properties":{"n":5,"s":49.0},"geometry":{"type":"LineString","coordinates":[[-73.81335,40.69727],[-73.8134,40.69734],[-73.81362,40.69765],[-73.81381,40.6979],[-73.81407,40.69829],[-73.81419,40.69858]]}},{"type":"Feature","properties":{"n":5,"s":49.0},"geometry":{"type":"LineString","coordinates":[[-73.81419,40.69858],[-73.81441,40.69905],[-73.81452,40.69931],[-73.81461,40.69951]]}},{"type":"Feature","properties":{"n":5,"s":49.0},"geometry":{"type":"LineString","coordinates":[[-73.81461,40.69951],[-73.81479,40.69992]]}},{"type":"Feature","properties":{"n":5,"s":49.0},"geometry":{"type":"LineString","coordinates":[[-73.81479,40.69992],[-73.81482,40.7],[-73.81514,40.70071]]}},{"type":"Feature","properties":{"n":5,"s":49.0},"geometry":{"type":"LineString","coordinates":[[-73.81514,40.70071],[-73.81546,40.70142],[-73.81549,40.70148],[-73.81574,40.70206],[-73.8159,40.70238],[-73.81594,40.70247]]}},{"type":"Feature","properties":{"n":5,"s":49.0},"geometry":{"type":"LineString","coordinates":[[-73.81594,40.70247],[-73.81598,40.70255],[-73.81602,40.70262],[-73.81611,40.70276],[-73.81615,40.70283],[-73.81628,40.7031],[-73.8163,40.70315],[-73.81631,40.70319],[-73.81631,40.70322],[-73.81631,40.70326],[-73.81631,40.70329],[-73.81629,40.70339],[-73.81624,40.70358],[-73.81623,40.70363],[-73.81623,40.70367],[-73.81623,40.70372],[-73.81623,40.70377],[-73.81624,40.70381]]}},{"type":"Feature","properties":{"n":5,"s":49.0},"geometry":{"type":"LineString","coordinates":[[-73.81624,40.70381],[-73.81626,40.70385],[-73.81628,40.7039],[-73.81632,40.70397],[-73.81639,40.70409]]}},{"type":"Feature","properties":{"n":5,"s":49.0},"geometry":{"type":"LineString","coordinates":[[-73.81639,40.70409],[-73.81648,40.70421],[-73.81653,40.70428],[-73.81691,40.7048]]}},{"type":"Feature","properties":{"n":5,"s":49.0},"geometry":{"type":"LineString","coordinates":[[-73.81691,40.7048],[-73.81713,40.70514],[-73.81734,40.70545],[-73.81737,40.70551],[-73.81751,40.7057],[-73.8177,40.70597]]}},{"type":"Feature","properties":{"n":5,"s":49.0},"geometry":{"type":"LineString","coordinates":[[-73.8177,40.70597],[-73.81853,40.70721],[-73.81857,40.70728]]}},{"type":"Feature","properties":{"n":5,"s":49.0},"geometry":{"type":"LineString","coordinates":[[-73.81857,40.70728],[-73.81877,40.7076],[-73.81883,40.7077],[-73.81888,40.70781],[-73.81891,40.70788],[-73.81894,40.70795],[-73.81897,40.70803],[-73.81901,40.70817],[-73.81904,40.70827],[-73.81908,40.70843],[-73.8191,40.70856],[-73.81912,40.70868],[-73.81913,40.70878],[-73.81913,40.70888],[-73.81914,40.70892],[-73.81913,40.70905]]}},{"type":"Feature","properties":{"n":5,"s":49.0},"geometry":{"type":"LineString","coordinates":[[-73.81913,40.70905],[-73.81912,40.70929]]}},{"type":"Feature","properties":{"n":5,"s":49.0},"geometry":{"type":"LineString","coordinates":[[-73.81912,40.70929],[-73.81919,40.70934],[-73.81948,40.70952],[-73.8198,40.70968],[-73.81997,40.70977]]}},{"type":"Feature","properties":{"n":5,"s":49.0},"geometry":{"type":"LineString","coordinates":[[-73.81997,40.70977],[-73.82007,40.70982],[-73.82012,40.70984],[-73.82038,40.70997],[-73.82073,40.71014],[-73.82103,40.71027],[-73.82127,40.71038],[-73.82216,40.71074]]}},{"type":"Feature","properties":{"n":5,"s":49.0},"geometry":{"type":"LineString","coordinates":[[-73.82216,40.71074],[-73.82366,40.71136],[-73.82438,40.71166]]}},{"type":"Feature","properties":{"n":5,"s":49.0},"geometry":{"type":"LineString","coordinates":[[-73.82438,40.71166],[-73.82458,40.71174],[-73.82526,40.712],[-73.82534,40.71204]]}},{"type":"Feature","properties":{"n":5,"s":49.0},"geometry":{"type":"LineString","coordinates":[[-73.82534,40.71204],[-73.82547,40.71209],[-73.82561,40.71215],[-73.82683,40.71265],[-73.82695,40.7127],[-73.82698,40.71271],[-73.82708,40.71275]]}},{"type":"Feature","properties":{"n":5,"s":49.0},"geometry":{"type":"LineString","coordinates":[[-73.82708,40.71275],[-73.82721,40.71281],[-73.82756,40.71296],[-73.82774,40.71304],[-73.82827,40.71327],[-73.82833,40.71329],[-73.82889,40.71353],[-73.82956,40.71379],[-73.82988,40.71393]]}},{"type":"Feature","properties":{"n":5,"s":49.0},"geometry":{"type":"LineString","coordinates":[[-73.82988,40.71393],[-73.8299,40.71394],[-73.82995,40.71396],[-73.83006,40.71401]]}},{"type":"Feature","properties":{"n":5,"s":49.0},"geometry":{"type":"LineString","coordinates":[[-73.83006,40.71401],[-73.83017,40.71406],[-73.83025,40.7141]]}},{"type":"Feature","properties":{"n":5,"s":49.0},"geometry":{"type":"LineString","coordinates":[[-73.83025,40.7141],[-73.83047,40.7142],[-73.83061,40.71425]]}},{"type":"Feature","properties":{"n":5,"s":49.0},"geometry":{"type":"LineString","coordinates":[[-73.83061,40.71425],[-73.83088,40.71443],[-73.83101,40.71452]]}},{"type":"Feature","properties":{"n":5,"s":49.0},"geometry":{"type":"LineString","coordinates":[[-73.83101,40.71452],[-73.83116,40.71462]]}},{"type":"Feature","properties":{"n":5,"s":49.0},"geometry":{"type":"LineString","coordinates":[[-73.83116,40.71462],[-73.83173,40.71502],[-73.83192,40.71516],[-73.83194,40.71517],[-73.83195,40.71518],[-73.83199,40.71521],[-73.832,40.71522],[-73.83205,40.71525]]}},{"type":"Feature","properties":{"n":5,"s":49.0},"geometry":{"type":"LineString","coordinates":[[-73.83205,40.71525],[-73.83213,40.71532],[-73.8325,40.71559],[-73.83293,40.71592],[-73.83332,40.71622],[-73.8334,40.71628]]}},{"type":"Feature","properties":{"n":5,"s":49.0},"geometry":{"type":"LineString","coordinates":[[-73.8334,40.71628],[-73.83347,40.71633],[-73.83386,40.71665],[-73.83404,40.71678],[-73.8341,40.71683],[-73.83421,40.71691]]}},{"type":"Feature","properties":{"n":5,"s":49.0},"geometry":{"type":"LineString","coordinates":[[-73.83421,40.71691],[-73.83427,40.71695],[-73.8346,40.71719],[-73.83463,40.71722],[-73.83468,40.71724],[-73.83474,40.71729]]}},{"type":"Feature","properties":{"n":5,"s":49.0},"geometry":{"type":"LineString","coordinates":[[-73.83474,40.71729],[-73.83481,40.71733],[-73.83498,40.71744],[-73.83508,40.7175],[-73.83545,40.71773],[-73.83592,40.718],[-73.83631,40.71823]]}},{"type":"Feature","properties":{"n":5,"s":49.0},"geometry":{"type":"LineString","coordinates":[[-73.83631,40.71823],[-73.83652,40.71833],[-73.8371,40.71862]]}},{"type":"Feature","properties":{"n":5,"s":49.0},"geometry":{"type":"LineString","coordinates":[[-73.8371,40.71862],[-73.83728,40.7187],[-73.8374,40.71875],[-73.8375,40.7188],[-73.83767,40.71888]]}},{"type":"Feature","properties":{"n":5,"s":49.0},"geometry":{"type":"LineString","coordinates":[[-73.83767,40.71888],[-73.83795,40.719],[-73.83803,40.71904],[-73.83869,40.71933]]}},{"type":"Feature","properties":{"n":5,"s":49.0},"geometry":{"type":"LineString","coordinates":[[-73.83869,40.71933],[-73.83949,40.71969],[-73.83952,40.7197],[-73.83966,40.71976]]}},{"type":"Feature","properties":{"n":5,"s":49.0},"geometry":{"type":"LineString","coordinates":[[-73.83966,40.71976],[-73.83976,40.71981],[-73.83986,40.71985],[-73.84005,40.71993],[-73.84062,40.72018]]}},{"type":"Feature","properties":{"n":5,"s":49.0},"geometry":{"type":"LineString","coordinates":[[-73.84062,40.72018],[-73.84125,40.72047],[-73.84179,40.72072]]}},{"type":"Feature","properties":{"n":5,"s":49.0},"geometry":{"type":"LineString","coordinates":[[-73.84179,40.72072],[-73.84202,40.72081]]}},{"type":"Feature","properties":{"n":5,"s":49.0},"geometry":{"type":"LineString","coordinates":[[-73.84202,40.72081],[-73.84218,40.72088],[-73.84264,40.72107],[-73.84265,40.72108],[-73.8428,40.72115]]}},{"type":"Feature","properties":{"n":5,"s":49.0},"geometry":{"type":"LineString","coordinates":[[-73.8428,40.72115],[-73.84289,40.72119],[-73.84365,40.72154],[-73.8437,40.72156]]}},{"type":"Feature","properties":{"n":5,"s":49.0},"geometry":{"type":"LineString","coordinates":[[-73.8437,40.72156],[-73.84382,40.72161],[-73.84386,40.72163]]}},{"type":"Feature","properties":{"n":5,"s":49.0},"geometry":{"type":"LineString","coordinates":[[-73.84386,40.72163],[-73.84404,40.7217],[-73.84468,40.72198],[-73.84471,40.72199],[-73.84475,40.722],[-73.84487,40.72206]]}},{"type":"Feature","properties":{"n":5,"s":49.0},"geometry":{"type":"LineString","coordinates":[[-73.84487,40.72206],[-73.845,40.72211],[-73.84537,40.72229]]}},{"type":"Feature","properties":{"n":5,"s":49.0},"geometry":{"type":"LineString","coordinates":[[-73.84537,40.72229],[-73.84577,40.72246],[-73.84589,40.72252]]}},{"type":"Feature","properties":{"n":5,"s":49.0},"geometry":{"type":"LineString","coordinates":[[-73.84589,40.72252],[-73.84602,40.72258],[-73.84626,40.72269],[-73.84679,40.72292],[-73.84686,40.72295],[-73.84704,40.72302]]}},{"type":"Feature","properties":{"n":5,"s":49.0},"geometry":{"type":"LineString","coordinates":[[-73.84704,40.72302],[-73.8472,40.72311],[-73.84794,40.72344]]}},{"type":"Feature","properties":{"n":5,"s":49.0},"geometry":{"type":"LineString","coordinates":[[-73.84794,40.72344],[-73.84812,40.72353],[-73.84828,40.72363],[-73.84849,40.72375],[-73.84874,40.72391],[-73.84884,40.72397]]}},{"type":"Feature","properties":{"n":5,"s":49.0},"geometry":{"type":"LineString","coordinates":[[-73.84884,40.72397],[-73.84895,40.72402],[-73.8493,40.72426]]}},{"type":"Feature","properties":{"n":5,"s":49.0},"geometry":{"type":"LineString","coordinates":[[-73.8493,40.72426],[-73.84951,40.72444],[-73.84958,40.72452]]}},{"type":"Feature","properties":{"n":5,"s":49.0},"geometry":{"type":"LineString","coordinates":[[-73.84958,40.72452],[-73.84965,40.72458],[-73.84976,40.72469],[-73.8498,40.72472]]}},{"type":"Feature","properties":{"n":5,"s":49.0},"geometry":{"type":"LineString","coordinates":[[-73.8498,40.72472],[-73.84994,40.72481],[-73.85007,40.72495],[-73.85016,40.72499],[-73.85031,40.72511],[-73.85044,40.72519]]}},{"type":"Feature","properties":{"n":5,"s":49.0},"geometry":{"type":"LineString","coordinates":[[-73.85044,40.72519],[-73.8506,40.72535],[-73.85075,40.72549],[-73.8508,40.72553],[-73.85132,40.72593],[-73.85189,40.72629],[-73.85209,40.7264],[-73.8524,40.72655],[-73.85246,40.72657],[-73.85258,40.72661]]}},{"type":"Feature","properties":{"n":5,"s":49.0},"geometry":{"type":"LineString","coordinates":[[-73.85258,40.72661],[-73.85271,40.72666],[-73.85348,40.72694],[-73.85353,40.72696],[-73.85367,40.72701]]}},{"type":"Feature","properties":{"n":5,"s":49.0},"geometry":{"type":"LineString","coordinates":[[-73.85367,40.72701],[-73.85381,40.72707],[-73.85397,40.72714],[-73.85413,40.72721]]}},{"type":"Feature","properties":{"n":5,"s":49.0},"geometry":{"type":"LineString","coordinates":[[-73.85413,40.72721],[-73.85446,40.72733],[-73.85571,40.72778],[-73.85578,40.72781],[-73.85672,40.72815],[-73.85719,40.72832],[-73.85774,40.7285],[-73.85787,40.72855],[-73.85795,40.72858],[-73.85806,40.72862]]}},{"type":"Feature","properties":{"n":5,"s":49.0},"geometry":{"type":"LineString","coordinates":[[-73.85806,40.72862],[-73.85817,40.72866],[-73.85947,40.72915]]}},{"type":"Feature","properties":{"n":5,"s":49.0},"geometry":{"type":"LineString","coordinates":[[-73.85947,40.72915],[-73.86027,40.72944],[-73.86033,40.72946],[-73.86048,40.72952]]}},{"type":"Feature","properties":{"n":5,"s":49.0},"geometry":{"type":"LineString","coordinates":[[-73.86048,40.72952],[-73.86174,40.72998],[-73.86207,40.7301],[-73.86214,40.73012],[-73.86225,40.73017]]}},{"type":"Feature","properties":{"n":5,"s":49.0},"geometry":{"type":"LineString","coordinates":[[-73.86225,40.73017],[-73.86239,40.73022],[-73.8639,40.73076],[-73.86443,40.73096],[-73.86454,40.731]]}},{"type":"Feature","properties":{"n":5,"s":49.0},"geometry":{"type":"LineString","coordinates":[[-73.86454,40.731],[-73.86466,40.73104],[-73.86508,40.73119]]}},{"type":"Feature","properties":{"n":3,"s":39.5},"geometry":{"type":"LineString","coordinates":[[-73.93336,40.74505],[-73.93341,40.74509],[-73.93352,40.74516]]}},{"type":"Feature","properties":{"n":3,"s":39.5},"geometry":{"type":"LineString","coordinates":[[-73.93352,40.74516],[-73.93365,40.74527],[-73.93368,40.7453],[-73.93376,40.74538],[-73.93399,40.74561],[-73.93409,40.7457],[-73.93431,40.74592],[-73.93438,40.74599],[-73.93442,40.74603]]}},{"type":"Feature","properties":{"n":3,"s":39.5},"geometry":{"type":"LineString","coordinates":[[-73.93442,40.74603],[-73.93446,40.74606],[-73.9345,40.7461],[-73.93455,40.74615],[-73.93479,40.74638],[-73.93519,40.74679],[-73.93556,40.74716],[-73.93679,40.74833],[-73.9373,40.74883],[-73.93739,40.74893]]}},{"type":"Feature","properties":{"n":3,"s":40.1},"geometry":{"type":"LineString","coordinates":[[-73.94064,40.75089],[-73.94188,40.75143],[-73.94267,40.75181],[-73.94369,40.75225],[-73.94561,40.75309],[-73.94888,40.7545],[-73.95923,40.759],[-73.96055,40.75957]]}},{"type":"Feature","properties":{"n":16,"s":24.9},"geometry":{"type":"LineString","coordinates":[[-73.96405,40.76103],[-73.9641,40.76096]]}},{"type":"Feature","properties":{"n":12,"s":23.0},"geometry":{"type":"LineString","coordinates":[[-73.9641,40.76096],[-73.96436,40.76062]]}},{"type":"Feature","properties":{"n":12,"s":23.0},"geometry":{"type":"LineString","coordinates":[[-73.96436,40.76062],[-73.9644,40.76056],[-73.96454,40.76036],[-73.96476,40.76005],[-73.9648,40.75999]]}},{"type":"Feature","properties":{"n":11,"s":23.1},"geometry":{"type":"LineString","coordinates":[[-73.9648,40.75999],[-73.96485,40.75993],[-73.96495,40.7598],[-73.96524,40.75941],[-73.96531,40.75932]]}},{"type":"Feature","properties":{"n":4,"s":26.1},"geometry":{"type":"LineString","coordinates":[[-73.96758,40.76027],[-73.96767,40.76032],[-73.96798,40.76044],[-73.96833,40.76059],[-73.96869,40.76075],[-73.96903,40.76089],[-73.96913,40.76093]]}},{"type":"Feature","properties":{"n":4,"s":26.1},"geometry":{"type":"LineString","coordinates":[[-73.96913,40.76093],[-73.96924,40.76098],[-73.96951,40.76109],[-73.96989,40.76125],[-73.9705,40.7615],[-73.97055,40.76153],[-73.97067,40.76158]]}},{"type":"Feature","properties":{"n":3,"s":20.5},"geometry":{"type":"LineString","coordinates":[[-73.97555,40.75212],[-73.97559,40.75207],[-73.97596,40.75157],[-73.97599,40.75153],[-73.97606,40.75144]]}},{"type":"Feature","properties":{"n":4,"s":19.8},"geometry":{"type":"LineString","coordinates":[[-73.94476,40.82404],[-73.94463,40.82399],[-73.94455,40.82395],[-73.94431,40.82385],[-73.94393,40.82369],[-73.94389,40.82367],[-73.94385,40.82366]]}},{"type":"Feature","properties":{"n":7,"s":19.2},"geometry":{"type":"LineString","coordinates":[[-73.98229,40.77266],[-73.98228,40.7725],[-73.98228,40.7722],[-73.98226,40.77152],[-73.98226,40.77143]]}},{"type":"Feature","properties":{"n":7,"s":19.2},"geometry":{"type":"LineString","coordinates":[[-73.98226,40.77143],[-73.98226,40.77136],[-73.98225,40.77069],[-73.98225,40.77061]]}},{"type":"Feature","properties":{"n":7,"s":19.2},"geometry":{"type":"LineString","coordinates":[[-73.98225,40.77061],[-73.98225,40.77053],[-73.98224,40.76989],[-73.98224,40.76979]]}},{"type":"Feature","properties":{"n":6,"s":20.1},"geometry":{"type":"LineString","coordinates":[[-73.98224,40.76979],[-73.98223,40.76971],[-73.98221,40.76905],[-73.9822,40.76895]]}},{"type":"Feature","properties":{"n":6,"s":20.1},"geometry":{"type":"LineString","coordinates":[[-73.9822,40.76895],[-73.9822,40.76886],[-73.98219,40.76858],[-73.98219,40.76852],[-73.9822,40.76846],[-73.98221,40.76841],[-73.98223,40.76836],[-73.98226,40.76831]]}},{"type":"Feature","properties":{"n":8,"s":20.8},"geometry":{"type":"LineString","coordinates":[[-73.98226,40.76831],[-73.9823,40.76827],[-73.98234,40.76822],[-73.98236,40.76817],[-73.98238,40.76814],[-73.98239,40.7681],[-73.98239,40.76807],[-73.98239,40.76803],[-73.98238,40.76798],[-73.98236,40.76793],[-73.98234,40.76789],[-73.98231,40.76785],[-73.98227,40.76781],[-73.98222,40.76777],[-73.98219,40.76775],[-73.98214,40.76773],[-73.98209,40.76771]]}},{"type":"Feature","properties":{"n":6,"s":17.6},"geometry":{"type":"LineString","coordinates":[[-73.98188,40.76767],[-73.98183,40.76766],[-73.98179,40.76763],[-73.98177,40.76761],[-73.98174,40.76758],[-73.98173,40.76755],[-73.9817,40.76751],[-73.9817,40.76749],[-73.9817,40.76746],[-73.98169,40.76743],[-73.98174,40.7672],[-73.98175,40.76714]]}},{"type":"Feature","properties":{"n":6,"s":17.6},"geometry":{"type":"LineString","coordinates":[[-73.98175,40.76714],[-73.98176,40.76705],[-73.98182,40.76669],[-73.98187,40.76643],[-73.98189,40.7663]]}},{"type":"Feature","properties":{"n":4,"s":12.0},"geometry":{"type":"LineString","coordinates":[[-73.98898,40.7268],[-73.9891,40.72685],[-73.99075,40.72754],[-73.99099,40.72765],[-73.99104,40.72767],[-73.99109,40.72769],[-73.99123,40.72775]]}},{"type":"Feature","properties":{"n":14,"s":12.5},"geometry":{"type":"LineString","coordinates":[[-73.99049,40.73058],[-73.99063,40.73064]]}},{"type":"Feature","properties":{"n":14,"s":12.5},"geometry":{"type":"LineString","coordinates":[[-73.99063,40.73064],[-73.99073,40.73068],[-73.99176,40.73111],[-73.99182,40.73114],[-73.99192,40.73118]]}},{"type":"Feature","properties":{"n":11,"s":12.7},"geometry":{"type":"LineString","coordinates":[[-73.99192,40.73118],[-73.99202,40.73122],[-73.99236,40.73137],[-73.99314,40.7317],[-73.99347,40.73183],[-73.99414,40.73211],[-73.99417,40.73213],[-73.99421,40.73214],[-73.99431,40.73218]]}},{"type":"Feature","properties":{"n":11,"s":12.7},"geometry":{"type":"LineString","coordinates":[[-73.99431,40.73218],[-73.99439,40.73222],[-73.99576,40.7328],[-73.99581,40.73282],[-73.99593,40.73287]]}},{"type":"Feature","properties":{"n":10,"s":12.9},"geometry":{"type":"LineString","coordinates":[[-73.99593,40.73287],[-73.99602,40.73291],[-73.9987,40.73403],[-73.99895,40.73414],[-73.99897,40.73414],[-73.99899,40.73415],[-73.99901,40.73416],[-73.99904,40.73416],[-73.99905,40.73416],[-73.99908,40.73416],[-73.9991,40.73416],[-73.99918,40.73415]]}},{"type":"Feature","properties":{"n":10,"s":12.9},"geometry":{"type":"LineString","coordinates":[[-73.99918,40.73415],[-73.99935,40.73412],[-73.99948,40.7341],[-73.99955,40.7341],[-73.99967,40.73408]]}},{"type":"Feature","properties":{"n":37,"s":17.8},"geometry":{"type":"LineString","coordinates":[[-73.99967,40.73408],[-73.99969,40.73413],[-73.9997,40.73418],[-73.99972,40.73422],[-73.99973,40.73425],[-73.99974,40.73429],[-73.99975,40.73433],[-73.99977,40.73436],[-73.99979,40.7344],[-73.99991,40.7346],[-73.99994,40.73464],[-73.99997,40.73469]]}},{"type":"Feature","properties":{"n":37,"s":17.8},"geometry":{"type":"LineString","coordinates":[[-73.99997,40.73469],[-74.0,40.73474],[-74.00003,40.73478],[-74.00004,40.7348],[-74.00033,40.73528],[-74.00035,40.73532]]}},{"type":"Feature","properties":{"n":37,"s":17.8},"geometry":{"type":"LineString","coordinates":[[-74.00035,40.73532],[-74.00039,40.73537],[-74.00072,40.73593]]}},{"type":"Feature","properties":{"n":37,"s":17.8},"geometry":{"type":"LineString","coordinates":[[-74.00072,40.73593],[-74.001,40.7364],[-74.00103,40.73645],[-74.00111,40.7366]]}},{"type":"Feature","properties":{"n":37,"s":17.8},"geometry":{"type":"LineString","coordinates":[[-74.00111,40.7366],[-74.00118,40.73671],[-74.00146,40.73717]]}},{"type":"Feature","properties":{"n":38,"s":17.9},"geometry":{"type":"LineString","coordinates":[[-74.00146,40.73717],[-74.00171,40.73758],[-74.00176,40.73766]]}},{"type":"Feature","properties":{"n":36,"s":17.9},"geometry":{"type":"LineString","coordinates":[[-74.00176,40.73766],[-74.00181,40.73775],[-74.00184,40.73781],[-74.00204,40.73814]]}},{"type":"Feature","properties":{"n":35,"s":18.1},"geometry":{"type":"LineString","coordinates":[[-74.00204,40.73814],[-74.00211,40.73826],[-74.00236,40.73867],[-74.0024,40.73874]]}},{"type":"Feature","properties":{"n":34,"s":18.2},"geometry":{"type":"LineString","coordinates":[[-74.0024,40.73874],[-74.00247,40.73885],[-74.00272,40.73927],[-74.00278,40.73938]]}},{"type":"Feature","properties":{"n":46,"s":19.3},"geometry":{"type":"LineString","coordinates":[[-74.00249,40.73974],[-74.00242,40.73984],[-74.00227,40.74006],[-74.00203,40.74038],[-74.00199,40.74044]]}},{"type":"Feature","properties":{"n":48,"s":19.4},"geometry":{"type":"LineString","coordinates":[[-74.00199,40.74044],[-74.00195,40.7405],[-74.00159,40.74103],[-74.00155,40.74108]]}},{"type":"Feature","properties":{"n":48,"s":19.5},"geometry":{"type":"LineString","coordinates":[[-74.00155,40.74108],[-74.0015,40.74115],[-74.00139,40.74131],[-74.00116,40.74162],[-74.00112,40.74167]]}},{"type":"Feature","properties":{"n":50,"s":20.3},"geometry":{"type":"LineString","coordinates":[[-74.00112,40.74167],[-74.00108,40.74173],[-74.00074,40.7422],[-74.0007,40.74226]]}},{"type":"Feature","properties":{"n":5,"s":30.1},"geometry":{"type":"LineString","coordinates":[[-73.95827,40.81063],[-73.95821,40.81071],[-73.95785,40.81121],[-73.9578,40.81127]]}},{"type":"Feature","properties":{"n":4,"s":31.3},"geometry":{"type":"LineString","coordinates":[[-73.9578,40.81127],[-73.95777,40.81132],[-73.95738,40.81185],[-73.95735,40.8119],[-73.95732,40.81194],[-73.95709,40.81225],[-73.95686,40.81257],[-73.95682,40.81262]]}},{"type":"Feature","properties":{"n":5,"s":27.9},"geometry":{"type":"LineString","coordinates":[[-73.95682,40.81262],[-73.95677,40.81269],[-73.95672,40.81277],[-73.95661,40.81291],[-73.95637,40.81325],[-73.95627,40.81338]]}},{"type":"Feature","properties":{"n":5,"s":27.9},"geometry":{"type":"LineString","coordinates":[[-73.95627,40.81338],[-73.95618,40.8135],[-73.95609,40.81362],[-73.95579,40.81402],[-73.95576,40.81406],[-73.9557,40.81414]]}},{"type":"Feature","properties":{"n":5,"s":27.9},"geometry":{"type":"LineString","coordinates":[[-73.9557,40.81414],[-73.95565,40.81421],[-73.95549,40.81442],[-73.95544,40.81448]]}},{"type":"Feature","properties":{"n":5,"s":27.9},"geometry":{"type":"LineString","coordinates":[[-73.95544,40.81448],[-73.9554,40.81454],[-73.95524,40.81477],[-73.95504,40.81506],[-73.955,40.81511]]}},{"type":"Feature","properties":{"n":5,"s":27.9},"geometry":{"type":"LineString","coordinates":[[-73.955,40.81511],[-73.95495,40.81517],[-73.95466,40.81558],[-73.95458,40.81569],[-73.95454,40.81574]]}},{"type":"Feature","properties":{"n":5,"s":27.9},"geometry":{"type":"LineString","coordinates":[[-73.95454,40.81574],[-73.9545,40.81579],[-73.95411,40.81631],[-73.95408,40.81636]]}},{"type":"Feature","properties":{"n":5,"s":27.9},"geometry":{"type":"LineString","coordinates":[[-73.95408,40.81636],[-73.95402,40.81643],[-73.95379,40.81675],[-73.95322,40.81753],[-73.95318,40.81759]]}},{"type":"Feature","properties":{"n":6,"s":34.0},"geometry":{"type":"LineString","coordinates":[[-73.9402,40.83536],[-73.94016,40.83542],[-73.94006,40.83556],[-73.93993,40.83576],[-73.93988,40.83582]]}},{"type":"Feature","properties":{"n":6,"s":34.0},"geometry":{"type":"LineString","coordinates":[[-73.93988,40.83582],[-73.93984,40.83589],[-73.9398,40.83593],[-73.93971,40.83607],[-73.93956,40.83628],[-73.93939,40.83651],[-73.93934,40.83658]]}},{"type":"Feature","properties":{"n":19,"s":16.7},"geometry":{"type":"LineString","coordinates":[[-73.99743,40.74164],[-73.99747,40.74159],[-73.99772,40.74125],[-73.99782,40.74112],[-73.99786,40.74106]]}},{"type":"Feature","properties":{"n":19,"s":16.7},"geometry":{"type":"LineString","coordinates":[[-73.99786,40.74106],[-73.9979,40.741],[-73.99825,40.74053],[-73.99829,40.74047]]}},{"type":"Feature","properties":{"n":16,"s":17.6},"geometry":{"type":"LineString","coordinates":[[-73.99829,40.74047],[-73.99833,40.74041],[-73.99857,40.74007],[-73.99867,40.73994],[-73.99871,40.73988]]}},{"type":"Feature","properties":{"n":17,"s":17.2},"geometry":{"type":"LineString","coordinates":[[-73.99871,40.73988],[-73.99875,40.73983],[-73.99914,40.73931],[-73.99918,40.73925]]}},{"type":"Feature","properties":{"n":16,"s":17.7},"geometry":{"type":"LineString","coordinates":[[-73.99918,40.73925],[-73.99922,40.73919],[-73.9994,40.73894],[-73.99961,40.73865],[-73.99968,40.73856]]}},{"type":"Feature","properties":{"n":16,"s":18.2},"geometry":{"type":"LineString","coordinates":[[-73.99968,40.73856],[-73.99974,40.73848],[-73.99994,40.7382],[-74.00013,40.73792],[-74.00017,40.73786]]}},{"type":"Feature","properties":{"n":16,"s":18.1},"geometry":{"type":"LineString","coordinates":[[-74.00017,40.73786],[-74.00021,40.73781],[-74.0005,40.73741],[-74.00059,40.73728],[-74.00063,40.73722]]}},{"type":"Feature","properties":{"n":4,"s":12.5},"geometry":{"type":"LineString","coordinates":[[-74.00111,40.7366],[-74.00103,40.73645],[-74.001,40.7364],[-74.00072,40.73593]]}},{"type":"Feature","properties":{"n":5,"s":13.5},"geometry":{"type":"LineString","coordinates":[[-74.00072,40.73593],[-74.00039,40.73537],[-74.00035,40.73532]]}},{"type":"Feature","properties":{"n":6,"s":14.5},"geometry":{"type":"LineString","coordinates":[[-74.00035,40.73532],[-74.00033,40.73528],[-74.00004,40.7348],[-74.00003,40.73478],[-74.0,40.73474],[-73.99997,40.73469]]}},{"type":"Feature","properties":{"n":4,"s":12.5},"geometry":{"type":"LineString","coordinates":[[-73.99997,40.73469],[-73.99994,40.73464],[-73.99991,40.7346],[-73.99979,40.7344],[-73.99977,40.73436],[-73.99975,40.73433],[-73.99974,40.73429],[-73.99973,40.73425],[-73.99972,40.73422],[-73.9997,40.73418],[-73.99969,40.73413],[-73.99967,40.73408]]}},{"type":"Feature","properties":{"n":5,"s":12.9},"geometry":{"type":"LineString","coordinates":[[-73.99967,40.73408],[-73.99965,40.73402],[-73.99964,40.73397],[-73.99959,40.73382],[-73.99952,40.73366]]}},{"type":"Feature","properties":{"n":11,"s":13.8},"geometry":{"type":"LineString","coordinates":[[-73.99952,40.73366],[-73.99949,40.7336],[-73.99948,40.73359],[-73.99947,40.73357],[-73.99944,40.73356],[-73.99915,40.73343],[-73.99806,40.73297],[-73.998,40.73295]]}},{"type":"Feature","properties":{"n":4,"s":16.9},"geometry":{"type":"LineString","coordinates":[[-73.998,40.73295],[-73.99804,40.7329],[-73.99806,40.73287],[-73.99828,40.73261],[-73.99857,40.73228],[-73.99862,40.73222]]}},{"type":"Feature","properties":{"n":4,"s":14.5},"geometry":{"type":"LineString","coordinates":[[-73.99862,40.73222],[-73.99866,40.73216],[-73.99906,40.73168],[-73.99911,40.73163]]}},{"type":"Feature","properties":{"n":4,"s":14.5},"geometry":{"type":"LineString","coordinates":[[-73.99911,40.73163],[-73.99915,40.73158],[-73.99955,40.73111],[-73.9996,40.73104]]}},{"type":"Feature","properties":{"n":7,"s":14.0},"geometry":{"type":"LineString","coordinates":[[-73.9996,40.73104],[-73.99955,40.73102],[-73.99891,40.7307],[-73.99881,40.73066]]}},{"type":"Feature","properties":{"n":8,"s":13.3},"geometry":{"type":"LineString","coordinates":[[-73.99657,40.72956],[-73.99651,40.72953],[-73.99591,40.72923],[-73.99588,40.72922],[-73.99582,40.72919]]}},{"type":"Feature","properties":{"n":8,"s":13.3},"geometry":{"type":"LineString","coordinates":[[-73.99582,40.72919],[-73.99576,40.72916],[-73.99546,40.72901],[-73.99513,40.72884],[-73.99512,40.72884],[-73.99506,40.72881]]}},{"type":"Feature","properties":{"n":8,"s":13.3},"geometry":{"type":"LineString","coordinates":[[-73.99506,40.72881],[-73.995,40.72878],[-73.99434,40.72846],[-73.99425,40.72841]]}},{"type":"Feature","properties":{"n":9,"s":14.6},"geometry":{"type":"LineString","coordinates":[[-73.99425,40.72841],[-73.99417,40.72837],[-73.99372,40.72815],[-73.99333,40.72795],[-73.99327,40.72792],[-73.99314,40.72785]]}},{"type":"Feature","properties":{"n":10,"s":13.7},"geometry":{"type":"LineString","coordinates":[[-73.99314,40.72785],[-73.99305,40.72781],[-73.99227,40.72742],[-73.99175,40.72717],[-73.9917,40.72715],[-73.99155,40.72709]]}},{"type":"Feature","properties":{"n":28,"s":15.0},"geometry":{"type":"LineString","coordinates":[[-73.99155,40.72709],[-73.99159,40.72703],[-73.99167,40.72691],[-73.9918,40.72654],[-73.99182,40.7265],[-73.99185,40.72642]]}},{"type":"Feature","properties":{"n":28,"s":15.0},"geometry":{"type":"LineString","coordinates":[[-73.99185,40.72642],[-73.99188,40.72634],[-73.99189,40.72631],[-73.99206,40.72583],[-73.99207,40.72578],[-73.99209,40.72573],[-73.99212,40.72566]]}},{"type":"Feature","properties":{"n":28,"s":15.0},"geometry":{"type":"LineString","coordinates":[[-73.99212,40.72566],[-73.99214,40.72559],[-73.99222,40.72536],[-73.99224,40.72531],[-73.99227,40.72526]]}},{"type":"Feature","properties":{"n":27,"s":15.0},"geometry":{"type":"LineString","coordinates":[[-73.99227,40.72526],[-73.9923,40.72519],[-73.99231,40.72518],[-73.99236,40.72501],[-73.99238,40.72496],[-73.9924,40.72491]]}},{"type":"Feature","properties":{"n":28,"s":14.7},"geometry":{"type":"LineString","coordinates":[[-73.9924,40.72491],[-73.99242,40.72486],[-73.99259,40.72437],[-73.99261,40.72432],[-73.99265,40.72423]]}},{"type":"Feature","properties":{"n":25,"s":15.5},"geometry":{"type":"LineString","coordinates":[[-73.99265,40.72423],[-73.9927,40.72409]]}},{"type":"Feature","properties":{"n":24,"s":17.0},"geometry":{"type":"LineString","coordinates":[[-73.9927,40.72409],[-73.99273,40.72401],[-73.99274,40.72398],[-73.99317,40.72283]]}},{"type":"Feature","properties":{"n":24,"s":17.0},"geometry":{"type":"LineString","coordinates":[[-73.99317,40.72283],[-73.99329,40.72249],[-73.99331,40.72244],[-73.99333,40.72238]]}},{"type":"Feature","properties":{"n":25,"s":17.2},"geometry":{"type":"LineString","coordinates":[[-73.99333,40.72238],[-73.99334,40.72234],[-73.99356,40.72175],[-73.99358,40.7217],[-73.99359,40.72166]]}},{"type":"Feature","properties":{"n":25,"s":17.2},"geometry":{"type":"LineString","coordinates":[[-73.99359,40.72166],[-73.99361,40.72161],[-73.99382,40.72108],[-73.99384,40.72103],[-73.99386,40.72098]]}},{"type":"Feature","properties":{"n":24,"s":17.3},"geometry":{"type":"LineString","coordinates":[[-73.99386,40.72098],[-73.99388,40.72093],[-73.99393,40.72081],[-73.99404,40.72052],[-73.99406,40.72047],[-73.99411,40.72034]]}},{"type":"Feature","properties":{"n":15,"s":16.5},"geometry":{"type":"LineString","coordinates":[[-73.99411,40.72034],[-73.99399,40.7203]]}},{"type":"Feature","properties":{"n":15,"s":16.5},"geometry":{"type":"LineString","coordinates":[[-73.99399,40.7203],[-73.9939,40.72024],[-73.9938,40.72018],[-73.99355,40.7201],[-73.99347,40.72007],[-73.99313,40.71997],[-73.99308,40.71995],[-73.99295,40.71991]]}},{"type":"Feature","properties":{"n":18,"s":15.8},"geometry":{"type":"LineString","coordinates":[[-73.99295,40.71991],[-73.99279,40.71986],[-73.99235,40.71973],[-73.99228,40.71971],[-73.99218,40.71968]]}},{"type":"Feature","properties":{"n":18,"s":15.8},"geometry":{"type":"LineString","coordinates":[[-73.99218,40.71968],[-73.9921,40.71966],[-73.99204,40.71964],[-73.99143,40.71945],[-73.99139,40.71944],[-73.99132,40.71942]]}},{"type":"Feature","properties":{"n":17,"s":15.7},"geometry":{"type":"LineString","coordinates":[[-73.99132,40.71942],[-73.99126,40.7194],[-73.99067,40.71922],[-73.99062,40.71921],[-73.99054,40.71918]]}},{"type":"Feature","properties":{"n":17,"s":15.7},"geometry":{"type":"LineString","coordinates":[[-73.99054,40.71918],[-73.99045,40.71915],[-73.99038,40.71913],[-73.99028,40.7191]]}},{"type":"Feature","properties":{"n":17,"s":15.7},"geometry":{"type":"LineString","coordinates":[[-73.99028,40.7191],[-73.9902,40.71908],[-73.99014,40.71906],[-73.98992,40.71899],[-73.98988,40.71898],[-73.98981,40.71896]]}},{"type":"Feature","properties":{"n":17,"s":16.4},"geometry":{"type":"LineString","coordinates":[[-73.98981,40.71896],[-73.98975,40.71894],[-73.98916,40.71876],[-73.98912,40.71875],[-73.98905,40.71873]]}},{"type":"Feature","properties":{"n":18,"s":16.6},"geometry":{"type":"LineString","coordinates":[[-73.98905,40.71873],[-73.98899,40.71871],[-73.98849,40.71856],[-73.9884,40.71853],[-73.98836,40.71852],[-73.98824,40.71848]]}},{"type":"Feature","properties":{"n":32,"s":14.9},"geometry":{"type":"LineString","coordinates":[[-73.98824,40.71848],[-73.98813,40.71845],[-73.98756,40.71828],[-73.98752,40.71826],[-73.98746,40.71825]]}},{"type":"Feature","properties":{"n":32,"s":14.9},"geometry":{"type":"LineString","coordinates":[[-73.98746,40.71825],[-73.98743,40.71824],[-73.98739,40.71822],[-73.98734,40.7182],[-73.98727,40.71817],[-73.98702,40.71806],[-73.98691,40.71802],[-73.98681,40.71798],[-73.98676,40.71797],[-73.98672,40.71795],[-73.98664,40.71792]]}},{"type":"Feature","properties":{"n":31,"s":14.9},"geometry":{"type":"LineString","coordinates":[[-73.98664,40.71792],[-73.98656,40.71789],[-73.98641,40.71784],[-73.98599,40.71768]]}},{"type":"Feature","properties":{"n":30,"s":15.1},"geometry":{"type":"LineString","coordinates":[[-73.98599,40.71768],[-73.9859,40.71764],[-73.98586,40.71763],[-73.98582,40.71762]]}},{"type":"Feature","properties":{"n":34,"s":15.4},"geometry":{"type":"LineString","coordinates":[[-73.98582,40.71762],[-73.98552,40.71752],[-73.98536,40.71748],[-73.98426,40.71714],[-73.98362,40.71695],[-73.98201,40.71647],[-73.98012,40.7159],[-73.97889,40.71554]]}},{"type":"Feature","properties":{"n":34,"s":15.4},"geometry":{"type":"LineString","coordinates":[[-73.97889,40.71554],[-73.97853,40.71545],[-73.97718,40.71505],[-73.96714,40.71199],[-73.96548,40.71148],[-73.96498,40.71129]]}},{"type":"Feature","properties":{"n":34,"s":15.4},"geometry":{"type":"LineString","coordinates":[[-73.96498,40.71129],[-73.96214,40.71045]]}},{"type":"Feature","properties":{"n":33,"s":15.4},"geometry":{"type":"LineString","coordinates":[[-73.96214,40.71045],[-73.96179,40.71029],[-73.96143,40.71019]]}},{"type":"Feature","properties":{"n":27,"s":15.9},"geometry":{"type":"LineString","coordinates":[[-73.96143,40.71019],[-73.96132,40.71013],[-73.9612,40.71007],[-73.96115,40.71004],[-73.9611,40.71001],[-73.96105,40.70997],[-73.96101,40.70993],[-73.96093,40.70984]]}},{"type":"Feature","properties":{"n":9,"s":12.2},"geometry":{"type":"LineString","coordinates":[[-73.96093,40.70984],[-73.96093,40.70975],[-73.96094,40.70972],[-73.96094,40.7097],[-73.96095,40.70968],[-73.96097,40.70966],[-73.961,40.70963],[-73.96102,40.70962],[-73.96105,40.7096],[-73.96109,40.70958],[-73.96117,40.70953]]}},{"type":"Feature","properties":{"n":9,"s":12.2},"geometry":{"type":"LineString","coordinates":[[-73.96117,40.70953],[-73.9614,40.70962],[-73.96166,40.7097],[-73.96222,40.70989],[-73.96228,40.70991]]}},{"type":"Feature","properties":{"n":9,"s":12.2},"geometry":{"type":"LineString","coordinates":[[-73.96228,40.70991],[-73.96236,40.70995],[-73.96311,40.7102],[-73.96316,40.71022],[-73.9633,40.71024]]}},{"type":"Feature","properties":{"n":9,"s":12.2},"geometry":{"type":"LineString","coordinates":[[-73.9633,40.71024],[-73.96378,40.71034],[-73.96386,40.71035]]}},{"type":"Feature","properties":{"n":10,"s":14.6},"geometry":{"type":"LineString","coordinates":[[-73.96386,40.71035],[-73.96385,40.71043],[-73.96384,40.71048]]}},{"type":"Feature","properties":{"n":9,"s":15.5},"geometry":{"type":"LineString","coordinates":[[-73.96336,40.71124],[-73.96333,40.7113],[-73.96298,40.71185],[-73.96294,40.71191]]}},{"type":"Feature","properties":{"n":9,"s":15.5},"geometry":{"type":"LineString","coordinates":[[-73.96294,40.71191],[-73.9629,40.71197],[-73.96259,40.71247],[-73.96255,40.71253]]}},{"type":"Feature","properties":{"n":3,"s":12.6},"geometry":{"type":"LineString","coordinates":[[-74.00311,40.72687],[-74.0032,40.72692],[-74.00328,40.72694],[-74.00329,40.72694],[-74.00337,40.72695],[-74.00344,40.72696]]}},{"type":"Feature","properties":{"n":8,"s":21.1},"geometry":{"type":"LineString","coordinates":[[-74.0028,40.72847],[-74.00277,40.72854],[-74.00269,40.7287],[-74.00258,40.72891],[-74.00226,40.72956],[-74.00224,40.72961],[-74.00219,40.7297]]}},{"type":"Feature","properties":{"n":8,"s":21.1},"geometry":{"type":"LineString","coordinates":[[-74.00219,40.7297],[-74.00216,40.72975]]}},{"type":"Feature","properties":{"n":8,"s":21.1},"geometry":{"type":"LineString","coordinates":[[-74.00216,40.72975],[-74.00211,40.72987],[-74.00175,40.73047],[-74.0017,40.73055]]}},{"type":"Feature","properties":{"n":27,"s":19.7},"geometry":{"type":"LineString","coordinates":[[-73.99952,40.73366],[-73.99959,40.73382],[-73.99964,40.73397],[-73.99965,40.73402],[-73.99967,40.73408]]}},{"type":"Feature","properties":{"n":14,"s":21.5},"geometry":{"type":"LineString","coordinates":[[-73.96659,40.76156],[-73.96645,40.7615],[-73.96623,40.76141],[-73.96487,40.76084],[-73.96457,40.76072],[-73.96449,40.76068],[-73.96436,40.76062]]}},{"type":"Feature","properties":{"n":14,"s":21.5},"geometry":{"type":"LineString","coordinates":[[-73.96436,40.76062],[-73.96421,40.76065],[-73.96415,40.76067],[-73.96409,40.76068],[-73.96402,40.76069],[-73.96394,40.7607]]}},{"type":"Feature","properties":{"n":18,"s":23.5},"geometry":{"type":"LineString","coordinates":[[-73.96394,40.7607],[-73.96385,40.76069],[-73.96375,40.76069],[-73.96365,40.76068],[-73.96342,40.76065],[-73.96336,40.76064],[-73.9633,40.76063],[-73.96323,40.76061],[-73.96318,40.76059],[-73.96312,40.76057],[-73.96189,40.76004],[-73.96063,40.75946],[-73.94896,40.75439],[-73.94568,40.75296],[-73.94365,40.7521],[-73.94192,40.75136],[-73.94133,40.7511],[-73.94082,40.75088]]}},{"type":"Feature","properties":{"n":17,"s":23.5},"geometry":{"type":"LineString","coordinates":[[-73.94082,40.75088],[-73.94058,40.75077],[-73.94042,40.7507],[-73.93974,40.7504],[-73.93968,40.75037],[-73.93961,40.75034],[-73.93924,40.75018]]}},{"type":"Feature","properties":{"n":8,"s":28.0},"geometry":{"type":"LineString","coordinates":[[-73.93924,40.75018],[-73.93902,40.74999],[-73.93896,40.74994]]}},{"type":"Feature","properties":{"n":8,"s":28.0},"geometry":{"type":"LineString","coordinates":[[-73.93896,40.74994],[-73.93892,40.74992],[-73.93886,40.74989],[-73.93849,40.74973],[-73.93827,40.74962],[-73.93807,40.7495]]}},{"type":"Feature","properties":{"n":8,"s":28.0},"geometry":{"type":"LineString","coordinates":[[-73.93807,40.7495],[-73.93805,40.74949],[-73.93797,40.74944],[-73.93772,40.74922],[-73.93758,40.74908],[-73.93751,40.74902],[-73.93739,40.74893]]}},{"type":"Feature","properties":{"n":8,"s":28.0},"geometry":{"type":"LineString","coordinates":[[-73.93739,40.74893],[-73.9373,40.74883],[-73.93679,40.74833],[-73.93556,40.74716],[-73.93519,40.74679],[-73.93479,40.74638],[-73.93455,40.74615],[-73.9345,40.7461],[-73.93446,40.74606],[-73.93442,40.74603]]}},{"type":"Feature","properties":{"n":5,"s":32.5},"geometry":{"type":"LineString","coordinates":[[-73.93442,40.74603],[-73.93438,40.74599],[-73.93431,40.74592],[-73.93409,40.7457],[-73.93399,40.74561],[-73.93376,40.74538],[-73.93368,40.7453],[-73.93365,40.74527],[-73.93352,40.74516]]}},{"type":"Feature","properties":{"n":5,"s":32.5},"geometry":{"type":"LineString","coordinates":[[-73.93352,40.74516],[-73.93341,40.74509],[-73.93336,40.74505]]}},{"type":"Feature","properties":{"n":5,"s":32.5},"geometry":{"type":"LineString","coordinates":[[-73.93336,40.74505],[-73.93333,40.74502],[-73.9333,40.74498],[-73.93327,40.74494]]}},{"type":"Feature","properties":{"n":5,"s":32.5},"geometry":{"type":"LineString","coordinates":[[-73.93327,40.74494],[-73.93323,40.74489],[-73.9332,40.74486],[-73.93319,40.74485],[-73.93313,40.74481],[-73.93307,40.74478],[-73.93298,40.74474],[-73.93289,40.74471],[-73.93278,40.74467],[-73.93272,40.74465],[-73.93265,40.74462]]}},{"type":"Feature","properties":{"n":5,"s":15.7},"geometry":{"type":"LineString","coordinates":[[-73.97754,40.72588],[-73.97759,40.72582],[-73.97762,40.7258],[-73.97763,40.72578],[-73.97772,40.72564],[-73.97794,40.72533],[-73.97797,40.72529]]}},{"type":"Feature","properties":{"n":5,"s":13.0},"geometry":{"type":"LineString","coordinates":[[-73.97797,40.72529],[-73.97801,40.72524],[-73.97837,40.72475],[-73.97841,40.72469]]}},{"type":"Feature","properties":{"n":6,"s":12.7},"geometry":{"type":"LineString","coordinates":[[-73.97841,40.72469],[-73.97844,40.72464],[-73.97861,40.72442],[-73.97868,40.72432],[-73.97881,40.72413],[-73.97885,40.72408]]}},{"type":"Feature","properties":{"n":4,"s":13.1},"geometry":{"type":"LineString","coordinates":[[-73.97885,40.72408],[-73.97889,40.72403],[-73.97923,40.72356],[-73.97927,40.7235]]}},{"type":"Feature","properties":{"n":4,"s":12.0},"geometry":{"type":"LineString","coordinates":[[-73.97927,40.7235],[-73.97931,40.72345],[-73.97949,40.7232],[-73.97968,40.72294],[-73.97972,40.72289]]}},{"type":"Feature","properties":{"n":4,"s":12.0},"geometry":{"type":"LineString","coordinates":[[-73.97972,40.72289],[-73.97976,40.72284],[-73.98012,40.72234],[-73.98016,40.72228]]}},{"type":"Feature","properties":{"n":4,"s":12.0},"geometry":{"type":"LineString","coordinates":[[-73.98016,40.72228],[-73.9802,40.72223],[-73.98045,40.72189],[-73.98056,40.72173],[-73.9806,40.72168]]}},{"type":"Feature","properties":{"n":4,"s":12.0},"geometry":{"type":"LineString","coordinates":[[-73.9806,40.72168],[-73.98064,40.72163],[-73.98104,40.72108],[-73.98108,40.72102]]}},{"type":"Feature","properties":{"n":4,"s":12.0},"geometry":{"type":"LineString","coordinates":[[-73.98108,40.72102],[-73.98112,40.72097],[-73.98121,40.72085],[-73.98127,40.72076]]}},{"type":"Feature","properties":{"n":4,"s":12.0},"geometry":{"type":"LineString","coordinates":[[-73.98127,40.72076],[-73.98138,40.7208],[-73.98187,40.72095],[-73.98212,40.72102]]}},{"type":"Feature","properties":{"n":4,"s":12.0},"geometry":{"type":"LineString","coordinates":[[-73.98212,40.72102],[-73.98218,40.72091]]}},{"type":"Feature","properties":{"n":5,"s":11.7},"geometry":{"type":"LineString","coordinates":[[-73.98218,40.72091],[-73.98222,40.72082],[-73.98277,40.71977],[-73.9828,40.71972]]}},{"type":"Feature","properties":{"n":5,"s":11.7},"geometry":{"type":"LineString","coordinates":[[-73.9828,40.71972],[-73.98282,40.71968],[-73.98337,40.71862],[-73.9834,40.71858]]}},{"type":"Feature","properties":{"n":4,"s":12.0},"geometry":{"type":"LineString","coordinates":[[-73.9834,40.71858],[-73.98346,40.7186],[-73.98416,40.71881],[-73.98423,40.71883]]}},{"type":"Feature","properties":{"n":4,"s":12.0},"geometry":{"type":"LineString","coordinates":[[-73.98423,40.71883],[-73.98501,40.71906],[-73.98508,40.71908]]}},{"type":"Feature","properties":{"n":7,"s":11.4},"geometry":{"type":"LineString","coordinates":[[-73.98675,40.71959],[-73.98682,40.71961],[-73.98742,40.71979],[-73.98754,40.71983]]}},{"type":"Feature","properties":{"n":19,"s":13.8},"geometry":{"type":"LineString","coordinates":[[-73.98754,40.71983],[-73.98757,40.71979],[-73.98759,40.71975],[-73.98781,40.71933],[-73.98783,40.71929],[-73.98796,40.71903],[-73.98809,40.71878],[-73.98812,40.71873],[-73.98817,40.71863]]}},{"type":"Feature","properties":{"n":15,"s":12.5},"geometry":{"type":"LineString","coordinates":[[-73.98817,40.71863],[-73.98822,40.71853],[-73.98824,40.71848]]}},{"type":"Feature","properties":{"n":18,"s":17.8},"geometry":{"type":"LineString","coordinates":[[-73.96093,40.70984],[-73.96086,40.70976],[-73.96084,40.70972],[-73.96082,40.70969],[-73.9608,40.70966],[-73.96079,40.70963],[-73.96079,40.7096],[-73.96079,40.70956],[-73.9608,40.7095],[-73.96081,40.70941]]}},{"type":"Feature","properties":{"n":14,"s":17.9},"geometry":{"type":"LineString","coordinates":[[-73.96081,40.70941],[-73.96074,40.70939]]}},{"type":"Feature","properties":{"n":14,"s":17.9},"geometry":{"type":"LineString","coordinates":[[-73.96074,40.70939],[-73.96063,40.70935],[-73.96052,40.70931],[-73.96011,40.70917]]}},{"type":"Feature","properties":{"n":13,"s":18.3},"geometry":{"type":"LineString","coordinates":[[-73.96011,40.70917],[-73.95949,40.70896],[-73.95933,40.70891],[-73.95926,40.70889]]}},{"type":"Feature","properties":{"n":13,"s":18.3},"geometry":{"type":"LineString","coordinates":[[-73.95926,40.70889],[-73.95918,40.70886],[-73.95834,40.70857],[-73.95799,40.70845],[-73.9579,40.70842]]}},{"type":"Feature","properties":{"n":13,"s":18.3},"geometry":{"type":"LineString","coordinates":[[-73.9579,40.70842],[-73.95783,40.70839],[-73.95751,40.70828],[-73.95751,40.70828],[-73.95701,40.70812],[-73.9568,40.70804],[-73.95673,40.70802]]}},{"type":"Feature","properties":{"n":13,"s":18.3},"geometry":{"type":"LineString","coordinates":[[-73.95673,40.70802],[-73.95666,40.70799],[-73.95619,40.70783],[-73.95618,40.70783],[-73.95561,40.70764],[-73.95554,40.70761]]}},{"type":"Feature","properties":{"n":13,"s":18.3},"geometry":{"type":"LineString","coordinates":[[-73.95554,40.70761],[-73.95547,40.70759],[-73.95417,40.70714],[-73.9541,40.70711],[-73.95402,40.70709]]}},{"type":"Feature","properties":{"n":11,"s":17.9},"geometry":{"type":"LineString","coordinates":[[-73.95402,40.70709],[-73.95396,40.70707],[-73.95391,40.70705],[-73.95304,40.70675],[-73.95291,40.70671]]}},{"type":"Feature","properties":{"n":11,"s":17.9},"geometry":{"type":"LineString","coordinates":[[-73.95291,40.70671],[-73.95285,40.70669],[-73.95258,40.7066],[-73.9525,40.70657]]}},{"type":"Feature","properties":{"n":11,"s":17.9},"geometry":{"type":"LineString","coordinates":[[-73.9525,40.70657],[-73.95244,40.70655],[-73.95229,40.70649]]}},{"type":"Feature","properties":{"n":11,"s":17.9},"geometry":{"type":"LineString","coordinates":[[-73.95229,40.70649],[-73.952,40.70638],[-73.9519,40.70634]]}},{"type":"Feature","properties":{"n":11,"s":17.9},"geometry":{"type":"LineString","coordinates":[[-73.9519,40.70634],[-73.9518,40.7063],[-73.95171,40.70626],[-73.95164,40.70623],[-73.95117,40.70597],[-73.95107,40.70592]]}},{"type":"Feature","properties":{"n":11,"s":17.9},"geometry":{"type":"LineString","coordinates":[[-73.95107,40.70592],[-73.95102,40.70588],[-73.95086,40.7058]]}},{"type":"Feature","properties":{"n":11,"s":17.9},"geometry":{"type":"LineString","coordinates":[[-73.95086,40.7058],[-73.95043,40.70556],[-73.95039,40.70553],[-73.95022,40.70544]]}},{"type":"Feature","properties":{"n":12,"s":17.8},"geometry":{"type":"LineString","coordinates":[[-73.95022,40.70544],[-73.95012,40.70538],[-73.95011,40.70538],[-73.94983,40.70522]]}},{"type":"Feature","properties":{"n":12,"s":17.8},"geometry":{"type":"LineString","coordinates":[[-73.94983,40.70522],[-73.94967,40.70513],[-73.94956,40.70507],[-73.94952,40.70505],[-73.94947,40.70502]]}},{"type":"Feature","properties":{"n":12,"s":17.8},"geometry":{"type":"LineString","coordinates":[[-73.94947,40.70502],[-73.94942,40.70499],[-73.94907,40.70479]]}},{"type":"Feature","properties":{"n":12,"s":17.8},"geometry":{"type":"LineString","coordinates":[[-73.94907,40.70479],[-73.94856,40.70451]]}},{"type":"Feature","properties":{"n":12,"s":17.8},"geometry":{"type":"LineString","coordinates":[[-73.94856,40.70451],[-73.94845,40.70445],[-73.94815,40.70428]]}},{"type":"Feature","properties":{"n":12,"s":17.8},"geometry":{"type":"LineString","coordinates":[[-73.94815,40.70428],[-73.94802,40.70421],[-73.94797,40.70418],[-73.94789,40.70414]]}},{"type":"Feature","properties":{"n":12,"s":17.8},"geometry":{"type":"LineString","coordinates":[[-73.94789,40.70414],[-73.94781,40.70409],[-73.94705,40.70367]]}},{"type":"Feature","properties":{"n":12,"s":17.8},"geometry":{"type":"LineString","coordinates":[[-73.94705,40.70367],[-73.94633,40.70326],[-73.94624,40.70322]]}},{"type":"Feature","properties":{"n":12,"s":17.8},"geometry":{"type":"LineString","coordinates":[[-73.94624,40.70322],[-73.94616,40.70317],[-73.94586,40.703]]}},{"type":"Feature","properties":{"n":13,"s":17.5},"geometry":{"type":"LineString","coordinates":[[-73.94586,40.703],[-73.9458,40.70297],[-73.94545,40.70277]]}},{"type":"Feature","properties":{"n":13,"s":17.5},"geometry":{"type":"LineString","coordinates":[[-73.94545,40.70277],[-73.94507,40.70256],[-73.94471,40.70236],[-73.94464,40.70232]]}},{"type":"Feature","properties":{"n":13,"s":17.5},"geometry":{"type":"LineString","coordinates":[[-73.94464,40.70232],[-73.94459,40.70229],[-73.94455,40.70227],[-73.94437,40.70217]]}},{"type":"Feature","properties":{"n":13,"s":17.5},"geometry":{"type":"LineString","coordinates":[[-73.94437,40.70217],[-73.94403,40.70197]]}},{"type":"Feature","properties":{"n":13,"s":17.5},"geometry":{"type":"LineString","coordinates":[[-73.94403,40.70197],[-73.94394,40.70193],[-73.94385,40.70188]]}},{"type":"Feature","properties":{"n":13,"s":17.5},"geometry":{"type":"LineString","coordinates":[[-73.94385,40.70188],[-73.9438,40.70185],[-73.94323,40.70153],[-73.94318,40.70149],[-73.94309,40.70144]]}},{"type":"Feature","properties":{"n":13,"s":17.5},"geometry":{"type":"LineString","coordinates":[[-73.94309,40.70144],[-73.94305,40.70142],[-73.94235,40.70098]]}},{"type":"Feature","properties":{"n":13,"s":17.5},"geometry":{"type":"LineString","coordinates":[[-73.94235,40.70098],[-73.94212,40.70083]]}},{"type":"Feature","properties":{"n":13,"s":17.5},"geometry":{"type":"LineString","coordinates":[[-73.94212,40.70083],[-73.94208,40.70081],[-73.94193,40.70072]]}},{"type":"Feature","properties":{"n":13,"s":17.5},"geometry":{"type":"LineString","coordinates":[[-73.94193,40.70072],[-73.94183,40.70067],[-73.94172,40.7006],[-73.94154,40.7005],[-73.94122,40.70032],[-73.94115,40.70028]]}},{"type":"Feature","properties":{"n":12,"s":17.5},"geometry":{"type":"LineString","coordinates":[[-73.94115,40.70028],[-73.94108,40.70025],[-73.94042,40.69987]]}},{"type":"Feature","properties":{"n":12,"s":17.5},"geometry":{"type":"LineString","coordinates":[[-73.94042,40.69987],[-73.93967,40.69947]]}},{"type":"Feature","properties":{"n":12,"s":17.5},"geometry":{"type":"LineString","coordinates":[[-73.93967,40.69947],[-73.93921,40.69921],[-73.93899,40.69908],[-73.9389,40.69904]]}},{"type":"Feature","properties":{"n":12,"s":17.5},"geometry":{"type":"LineString","coordinates":[[-73.9389,40.69904],[-73.93883,40.699],[-73.93865,40.6989]]}},{"type":"Feature","properties":{"n":12,"s":17.5},"geometry":{"type":"LineString","coordinates":[[-73.93865,40.6989],[-73.93832,40.69872],[-73.93822,40.69866],[-73.93813,40.69861]]}},{"type":"Feature","properties":{"n":12,"s":17.5},"geometry":{"type":"LineString","coordinates":[[-73.93813,40.69861],[-73.93807,40.69858],[-73.93777,40.69841]]}},{"type":"Feature","properties":{"n":12,"s":17.5},"geometry":{"type":"LineString","coordinates":[[-73.93777,40.69841],[-73.93747,40.69823],[-73.93739,40.69819]]}},{"type":"Feature","properties":{"n":12,"s":17.5},"geometry":{"type":"LineString","coordinates":[[-73.93739,40.69819],[-73.93734,40.69816],[-73.93708,40.69802],[-73.93677,40.69784]]}},{"type":"Feature","properties":{"n":12,"s":17.5},"geometry":{"type":"LineString","coordinates":[[-73.93677,40.69784],[-73.93666,40.69778],[-73.93648,40.69768]]}},{"type":"Feature","properties":{"n":12,"s":17.5},"geometry":{"type":"LineString","coordinates":[[-73.93648,40.69768],[-73.93638,40.69762],[-73.93608,40.69743],[-73.93603,40.6974]]}},{"type":"Feature","properties":{"n":12,"s":17.5},"geometry":{"type":"LineString","coordinates":[[-73.93603,40.6974],[-73.93596,40.69736],[-73.9356,40.69716],[-73.9354,40.69705],[-73.93529,40.69699]]}},{"type":"Feature","properties":{"n":5,"s":16.7},"geometry":{"type":"LineString","coordinates":[[-73.93529,40.69699],[-73.93518,40.69692],[-73.9349,40.69677],[-73.93478,40.6967]]}},{"type":"Feature","properties":{"n":5,"s":16.7},"geometry":{"type":"LineString","coordinates":[[-73.93478,40.6967],[-73.93414,40.69634]]}},{"type":"Feature","properties":{"n":5,"s":16.7},"geometry":{"type":"LineString","coordinates":[[-73.93414,40.69634],[-73.93383,40.69618]]}},{"type":"Feature","properties":{"n":5,"s":16.7},"geometry":{"type":"LineString","coordinates":[[-73.93383,40.69618],[-73.93338,40.69593],[-73.93323,40.69585],[-73.93314,40.6958]]}},{"type":"Feature","properties":{"n":5,"s":16.7},"geometry":{"type":"LineString","coordinates":[[-73.93314,40.6958],[-73.93304,40.69574],[-73.93256,40.69547],[-73.93245,40.69541],[-73.93237,40.69536]]}},{"type":"Feature","properties":{"n":5,"s":16.7},"geometry":{"type":"LineString","coordinates":[[-73.93237,40.69536],[-73.93231,40.69533],[-73.93193,40.69511]]}},{"type":"Feature","properties":{"n":5,"s":16.7},"geometry":{"type":"LineString","coordinates":[[-73.93193,40.69511],[-73.93186,40.69508],[-73.93177,40.69503]]}},{"type":"Feature","properties":{"n":5,"s":16.7},"geometry":{"type":"LineString","coordinates":[[-73.93177,40.69503],[-73.93173,40.695],[-73.93156,40.69491],[-73.9315,40.69487],[-73.93144,40.69484]]}},{"type":"Feature","properties":{"n":3,"s":13.0},"geometry":{"type":"LineString","coordinates":[[-73.98799,40.74088],[-73.98791,40.74098],[-73.98754,40.7415],[-73.98751,40.74154]]}},{"type":"Feature","properties":{"n":3,"s":13.0},"geometry":{"type":"LineString","coordinates":[[-73.98751,40.74154],[-73.98747,40.7416],[-73.98715,40.74202],[-73.98709,40.7421],[-73.98704,40.74216]]}},{"type":"Feature","properties":{"n":3,"s":13.0},"geometry":{"type":"LineString","coordinates":[[-73.98704,40.74216],[-73.98701,40.7422],[-73.98664,40.74272],[-73.9866,40.74277]]}},{"type":"Feature","properties":{"n":4,"s":19.2},"geometry":{"type":"LineString","coordinates":[[-73.9866,40.74277],[-73.98655,40.74283],[-73.98619,40.74333],[-73.98614,40.74339]]}},{"type":"Feature","properties":{"n":5,"s":19.0},"geometry":{"type":"LineString","coordinates":[[-73.98614,40.74339],[-73.9861,40.74345],[-73.98574,40.74395],[-73.9857,40.74401]]}},{"type":"Feature","properties":{"n":4,"s":18.8},"geometry":{"type":"LineString","coordinates":[[-73.9857,40.74401],[-73.98565,40.74407],[-73.98549,40.74429],[-73.98537,40.74445],[-73.98529,40.74457],[-73.98527,40.74459],[-73.98524,40.74463]]}},{"type":"Feature","properties":{"n":4,"s":16.8},"geometry":{"type":"LineString","coordinates":[[-73.98524,40.74463],[-73.9852,40.74469],[-73.98484,40.74519],[-73.98479,40.74525]]}},{"type":"Feature","properties":{"n":4,"s":21.6},"geometry":{"type":"LineString","coordinates":[[-73.98479,40.74525],[-73.98476,40.7453],[-73.98464,40.74546],[-73.98439,40.7458],[-73.98435,40.74586]]}},{"type":"Feature","properties":{"n":29,"s":20.3},"geometry":{"type":"LineString","coordinates":[[-73.98344,40.7471],[-73.9834,40.74716],[-73.98302,40.74769],[-73.98296,40.74777]]}},{"type":"Feature","properties":{"n":9,"s":15.6},"geometry":{"type":"LineString","coordinates":[[-73.98296,40.74777],[-73.98304,40.7478],[-73.98344,40.74797],[-73.98375,40.74812],[-73.98443,40.74841],[-73.98455,40.74845]]}},{"type":"Feature","properties":{"n":9,"s":15.6},"geometry":{"type":"LineString","coordinates":[[-73.98455,40.74845],[-73.98468,40.74851],[-73.98495,40.74862],[-73.98742,40.74966],[-73.98765,40.74976],[-73.98775,40.7498]]}},{"type":"Feature","properties":{"n":3,"s":7.7},"geometry":{"type":"LineString","coordinates":[[-73.9864,40.7517],[-73.98654,40.75176],[-73.98719,40.75204],[-73.98732,40.7521],[-73.98735,40.75211],[-73.98749,40.75217],[-73.98754,40.75219]]}},{"type":"Feature","properties":{"n":3,"s":7.7},"geometry":{"type":"LineString","coordinates":[[-73.98754,40.75219],[-73.98756,40.7522],[-73.98763,40.75223],[-73.98912,40.75284],[-73.98924,40.7529]]}},{"type":"Feature","properties":{"n":3,"s":15.8},"geometry":{"type":"LineString","coordinates":[[-74.00794,40.74031],[-74.00796,40.74028],[-74.00797,40.74024],[-74.00798,40.74022],[-74.00798,40.7402],[-74.00798,40.74018],[-74.00804,40.7395],[-74.00804,40.73945],[-74.00805,40.73938]]}},{"type":"Feature","properties":{"n":3,"s":15.8},"geometry":{"type":"LineString","coordinates":[[-74.00805,40.73938],[-74.00806,40.73931],[-74.00808,40.73906],[-74.00809,40.73887],[-74.0081,40.73882],[-74.00811,40.73877]]}},{"type":"Feature","properties":{"n":3,"s":15.8},"geometry":{"type":"LineString","coordinates":[[-74.00811,40.73877],[-74.00812,40.73872],[-74.00816,40.73825],[-74.00817,40.73821],[-74.00817,40.73815]]}},{"type":"Feature","properties":{"n":4,"s":16.4},"geometry":{"type":"LineString","coordinates":[[-74.00817,40.73815],[-74.00818,40.7381],[-74.0082,40.73778],[-74.00821,40.73768],[-74.00822,40.73763],[-74.00822,40.73756]]}},{"type":"Feature","properties":{"n":5,"s":14.3},"geometry":{"type":"LineString","coordinates":[[-74.00822,40.73756],[-74.00811,40.73756],[-74.00659,40.73756],[-74.00657,40.73756],[-74.00648,40.73756]]}},{"type":"Feature","properties":{"n":5,"s":14.3},"geometry":{"type":"LineString","coordinates":[[-74.00648,40.73756],[-74.0064,40.73756],[-74.00582,40.73755],[-74.00571,40.73755]]}},{"type":"Feature","properties":{"n":19,"s":15.0},"geometry":{"type":"LineString","coordinates":[[-74.00571,40.73755],[-74.00572,40.73749],[-74.00577,40.73722]]}},{"type":"Feature","properties":{"n":18,"s":14.1},"geometry":{"type":"LineString","coordinates":[[-74.00577,40.73722],[-74.00576,40.73717],[-74.00575,40.73713],[-74.00572,40.73706],[-74.00567,40.737],[-74.00564,40.73697],[-74.0056,40.73695],[-74.00553,40.73688]]}},{"type":"Feature","properties":{"n":19,"s":13.7},"geometry":{"type":"LineString","coordinates":[[-74.00553,40.73688],[-74.00548,40.73684],[-74.00542,40.73679],[-74.00538,40.73674],[-74.00535,40.7367],[-74.00531,40.73661]]}},{"type":"Feature","properties":{"n":18,"s":14.1},"geometry":{"type":"LineString","coordinates":[[-74.00531,40.73661],[-74.00523,40.73633],[-74.00514,40.73602],[-74.00513,40.73597]]}},{"type":"Feature","properties":{"n":18,"s":14.1},"geometry":{"type":"LineString","coordinates":[[-74.00513,40.73597],[-74.00511,40.73591],[-74.00495,40.73536],[-74.00493,40.7353]]}},{"type":"Feature","properties":{"n":18,"s":14.1},"geometry":{"type":"LineString","coordinates":[[-74.00493,40.7353],[-74.00492,40.73526],[-74.00476,40.73471],[-74.00475,40.73465]]}},{"type":"Feature","properties":{"n":18,"s":14.1},"geometry":{"type":"LineString","coordinates":[[-74.00475,40.73465],[-74.00473,40.73461],[-74.00458,40.73406],[-74.00456,40.73401]]}},{"type":"Feature","properties":{"n":24,"s":13.8},"geometry":{"type":"LineString","coordinates":[[-73.98948,40.73015],[-73.98953,40.73009],[-73.98956,40.73004],[-73.98969,40.72986]]}},{"type":"Feature","properties":{"n":25,"s":13.5},"geometry":{"type":"LineString","coordinates":[[-73.98969,40.72986],[-73.98982,40.72968],[-73.98985,40.72964],[-73.9899,40.72957]]}},{"type":"Feature","properties":{"n":24,"s":14.2},"geometry":{"type":"LineString","coordinates":[[-73.9899,40.72957],[-73.98996,40.7295],[-73.98999,40.72945],[-73.99022,40.72913],[-73.99029,40.72904],[-73.99032,40.729],[-73.99037,40.72894]]}},{"type":"Feature","properties":{"n":24,"s":14.2},"geometry":{"type":"LineString","coordinates":[[-73.99037,40.72894],[-73.99041,40.72888],[-73.99044,40.72884],[-73.99059,40.72863],[-73.99071,40.72846],[-73.99074,40.72842],[-73.99079,40.72836]]}},{"type":"Feature","properties":{"n":24,"s":14.2},"geometry":{"type":"LineString","coordinates":[[-73.99079,40.72836],[-73.99084,40.72829],[-73.99085,40.72827],[-73.991,40.72806],[-73.99117,40.72783],[-73.99119,40.7278],[-73.99123,40.72775]]}},{"type":"Feature","properties":{"n":24,"s":14.2},"geometry":{"type":"LineString","coordinates":[[-73.99123,40.72775],[-73.99128,40.72769],[-73.99131,40.72765],[-73.99135,40.72759],[-73.99136,40.72757],[-73.99138,40.72755],[-73.99139,40.72752],[-73.9914,40.7275],[-73.99144,40.72738],[-73.9915,40.7272],[-73.99152,40.72715],[-73.99155,40.72709]]}},{"type":"Feature","properties":{"n":10,"s":9.5},"geometry":{"type":"LineString","coordinates":[[-73.9927,40.72409],[-73.99257,40.72406]]}},{"type":"Feature","properties":{"n":10,"s":9.5},"geometry":{"type":"LineString","coordinates":[[-73.99257,40.72406],[-73.99245,40.72402],[-73.99166,40.72377],[-73.99129,40.72366],[-73.99124,40.72365],[-73.99108,40.7236]]}},{"type":"Feature","properties":{"n":13,"s":12.9},"geometry":{"type":"LineString","coordinates":[[-73.9903,40.72337],[-73.99021,40.72335],[-73.98989,40.72325],[-73.98943,40.72311]]}},{"type":"Feature","properties":{"n":12,"s":12.9},"geometry":{"type":"LineString","coordinates":[[-73.98943,40.72311],[-73.98904,40.72299],[-73.98895,40.72296],[-73.98892,40.72295],[-73.98888,40.72294],[-73.98878,40.7229]]}},{"type":"Feature","properties":{"n":12,"s":26.0},"geometry":{"type":"LineString","coordinates":[[-73.95587,40.77623],[-73.95582,40.7763],[-73.95545,40.77682],[-73.95541,40.77687]]}},{"type":"Feature","properties":{"n":11,"s":26.6},"geometry":{"type":"LineString","coordinates":[[-73.95541,40.77687],[-73.95536,40.77693],[-73.95498,40.77745],[-73.95494,40.77751]]}},{"type":"Feature","properties":{"n":11,"s":26.6},"geometry":{"type":"LineString","coordinates":[[-73.95494,40.77751],[-73.95489,40.77757],[-73.95452,40.77809],[-73.95448,40.77814]]}},{"type":"Feature","properties":{"n":11,"s":26.6},"geometry":{"type":"LineString","coordinates":[[-73.95448,40.77814],[-73.95443,40.7782],[-73.95427,40.77842],[-73.95405,40.77873],[-73.95398,40.77883]]}},{"type":"Feature","properties":{"n":11,"s":26.6},"geometry":{"type":"LineString","coordinates":[[-73.95398,40.77883],[-73.95391,40.77892],[-73.95381,40.77906],[-73.95353,40.77944],[-73.95349,40.7795]]}},{"type":"Feature","properties":{"n":11,"s":26.6},"geometry":{"type":"LineString","coordinates":[[-73.95349,40.7795],[-73.95344,40.77956],[-73.95307,40.78007],[-73.95303,40.78013]]}},{"type":"Feature","properties":{"n":12,"s":26.4},"geometry":{"type":"LineString","coordinates":[[-73.95303,40.78013],[-73.95299,40.78018],[-73.95261,40.7807],[-73.95257,40.78075]]}},{"type":"Feature","properties":{"n":10,"s":28.0},"geometry":{"type":"LineString","coordinates":[[-73.95257,40.78075],[-73.95253,40.78081],[-73.95215,40.78133],[-73.95212,40.78138]]}},{"type":"Feature","properties":{"n":3,"s":27.5},"geometry":{"type":"LineString","coordinates":[[-73.94468,40.79157],[-73.94461,40.79167],[-73.94422,40.79219],[-73.94418,40.79225]]}},{"type":"Feature","properties":{"n":3,"s":27.5},"geometry":{"type":"LineString","coordinates":[[-73.94418,40.79225],[-73.94414,40.79231],[-73.94383,40.79272],[-73.94376,40.79282],[-73.94372,40.79287]]}},{"type":"Feature","properties":{"n":3,"s":27.5},"geometry":{"type":"LineString","coordinates":[[-73.94372,40.79287],[-73.94369,40.79292],[-73.94332,40.79343],[-73.94327,40.7935]]}},{"type":"Feature","properties":{"n":13,"s":18.4},"geometry":{"type":"LineString","coordinates":[[-73.97315,40.74855],[-73.97319,40.74849],[-73.97325,40.74841],[-73.9735,40.74806],[-73.97356,40.74798],[-73.9736,40.74793]]}},{"type":"Feature","properties":{"n":13,"s":18.4},"geometry":{"type":"LineString","coordinates":[[-73.9736,40.74793],[-73.97364,40.74786],[-73.97384,40.74759],[-73.974,40.74737],[-73.97406,40.74729]]}},{"type":"Feature","properties":{"n":3,"s":20.9},"geometry":{"type":"LineString","coordinates":[[-73.97406,40.74729],[-73.97392,40.74724],[-73.97329,40.74697],[-73.97321,40.74694]]}},{"type":"Feature","properties":{"n":8,"s":15.5},"geometry":{"type":"LineString","coordinates":[[-73.98816,40.73197],[-73.9882,40.73191],[-73.98823,40.73187],[-73.98854,40.73143],[-73.98858,40.73139],[-73.98862,40.73133]]}},{"type":"Feature","properties":{"n":8,"s":15.5},"geometry":{"type":"LineString","coordinates":[[-73.98862,40.73133],[-73.98866,40.73127],[-73.9887,40.73123],[-73.98899,40.73083],[-73.98902,40.73078],[-73.98906,40.73073]]}},{"type":"Feature","properties":{"n":25,"s":14.0},"geometry":{"type":"LineString","coordinates":[[-73.98906,40.73073],[-73.9891,40.73067],[-73.98913,40.73063],[-73.98916,40.73059],[-73.98941,40.73024],[-73.98945,40.7302],[-73.98948,40.73015]]}},{"type":"Feature","properties":{"n":5,"s":18.9},"geometry":{"type":"LineString","coordinates":[[-73.93529,40.69699],[-73.93508,40.69701],[-73.93401,40.69712]]}},{"type":"Feature","properties":{"n":5,"s":18.9},"geometry":{"type":"LineString","coordinates":[[-73.93401,40.69712],[-73.93294,40.69724],[-73.93283,40.69725]]}},{"type":"Feature","properties":{"n":5,"s":18.9},"geometry":{"type":"LineString","coordinates":[[-73.93283,40.69725],[-73.93269,40.69726],[-73.93241,40.6973],[-73.93227,40.69732]]}},{"type":"Feature","properties":{"n":7,"s":17.1},"geometry":{"type":"LineString","coordinates":[[-73.99167,40.72242],[-73.99164,40.72247],[-73.99162,40.72252],[-73.99154,40.72268],[-73.99131,40.72313],[-73.99115,40.72343],[-73.99113,40.72347],[-73.99111,40.72352],[-73.99108,40.7236]]}},{"type":"Feature","properties":{"n":3,"s":12.7},"geometry":{"type":"LineString","coordinates":[[-73.99108,40.7236],[-73.99103,40.72373]]}},{"type":"Feature","properties":{"n":5,"s":11.6},"geometry":{"type":"LineString","coordinates":[[-73.99103,40.72373],[-73.99118,40.72377],[-73.99124,40.72379]]}},{"type":"Feature","properties":{"n":7,"s":15.0},"geometry":{"type":"LineString","coordinates":[[-73.99124,40.72379],[-73.99141,40.72384],[-73.99199,40.72403],[-73.99231,40.72413],[-73.99239,40.72415],[-73.99253,40.7242]]}},{"type":"Feature","properties":{"n":18,"s":16.7},"geometry":{"type":"LineString","coordinates":[[-73.99175,40.72638],[-73.99185,40.72642]]}},{"type":"Feature","properties":{"n":18,"s":16.7},"geometry":{"type":"LineString","coordinates":[[-73.99185,40.72642],[-73.99195,40.72646],[-73.99198,40.72648],[-73.99315,40.72705],[-73.99345,40.72721],[-73.99349,40.72722],[-73.99354,40.72725],[-73.99362,40.72729]]}},{"type":"Feature","properties":{"n":20,"s":16.2},"geometry":{"type":"LineString","coordinates":[[-73.99362,40.72729],[-73.99374,40.72735],[-73.99419,40.72757],[-73.99465,40.7278],[-73.99475,40.72783]]}},{"type":"Feature","properties":{"n":21,"s":16.3},"geometry":{"type":"LineString","coordinates":[[-73.99475,40.72783],[-73.99486,40.72785],[-73.99487,40.72785],[-73.99552,40.72817],[-73.99559,40.7282]]}},{"type":"Feature","properties":{"n":21,"s":16.3},"geometry":{"type":"LineString","coordinates":[[-73.99559,40.7282],[-73.99566,40.72824],[-73.99579,40.7283],[-73.99611,40.72846],[-73.99633,40.72857],[-73.99709,40.72894],[-73.99716,40.72898],[-73.99752,40.72915],[-73.99779,40.72929],[-73.99787,40.72933]]}},{"type":"Feature","properties":{"n":3,"s":21.2},"geometry":{"type":"LineString","coordinates":[[-73.93289,40.80215],[-73.93167,40.80163],[-73.9309,40.80132],[-73.93074,40.80125],[-73.93068,40.80122],[-73.9306,40.8012],[-73.93052,40.80117],[-73.93042,40.80115],[-73.93032,40.80113],[-73.93022,40.80111],[-73.92998,40.80108],[-73.9299,40.80107],[-73.92983,40.80105],[-73.92976,40.80103],[-73.92968,40.80101],[-73.92958,40.80098],[-73.92948,40.80094],[-73.92936,40.80089],[-73.92906,40.8008]]}},{"type":"Feature","properties":{"n":3,"s":21.2},"geometry":{"type":"LineString","coordinates":[[-73.92906,40.8008],[-73.9287,40.80065],[-73.92774,40.80025],[-73.92637,40.79967],[-73.92506,40.79911],[-73.92493,40.79906],[-73.92455,40.79889],[-73.92407,40.79867],[-73.92379,40.79853],[-73.92356,40.79841],[-73.92322,40.79823]]}},{"type":"Feature","properties":{"n":3,"s":21.2},"geometry":{"type":"LineString","coordinates":[[-73.92322,40.79823],[-73.92314,40.79813],[-73.92289,40.79797],[-73.92266,40.79783],[-73.92255,40.79775],[-73.92244,40.79768],[-73.92224,40.79753],[-73.92213,40.79744],[-73.92193,40.79724]]}},{"type":"Feature","properties":{"n":3,"s":21.2},"geometry":{"type":"LineString","coordinates":[[-73.92193,40.79724],[-73.92187,40.79717],[-73.92182,40.7971],[-73.92179,40.79704],[-73.92175,40.79696],[-73.92172,40.79689],[-73.9217,40.79682],[-73.92169,40.79673],[-73.92168,40.79666],[-73.92169,40.79659],[-73.9217,40.79652],[-73.92171,40.79645],[-73.92173,40.79637],[-73.92176,40.79629],[-73.9218,40.79621],[-73.92184,40.79615],[-73.92256,40.7951],[-73.92334,40.79396],[-73.92361,40.79355],[-73.92376,40.79335],[-73.9239,40.79317],[-73.92404,40.79298],[-73.92418,40.7928],[-73.92432,40.79263],[-73.92446,40.79246],[-73.92463,40.79226],[-73.92484,40.79196]]}},{"type":"Feature","properties":{"n":3,"s":21.2},"geometry":{"type":"LineString","coordinates":[[-73.92484,40.79196],[-73.92659,40.79003]]}},{"type":"Feature","properties":{"n":3,"s":21.2},"geometry":{"type":"LineString","coordinates":[[-73.92659,40.79003],[-73.92938,40.78686],[-73.92954,40.78668],[-73.92964,40.78654],[-73.92972,40.78642],[-73.92981,40.78627],[-73.92988,40.78613],[-73.92995,40.78598],[-73.93002,40.78579],[-73.93007,40.78563],[-73.93011,40.78547],[-73.93013,40.78534],[-73.93015,40.78518],[-73.93016,40.78502],[-73.93016,40.78485],[-73.93015,40.7847],[-73.93013,40.78456],[-73.9301,40.78442],[-73.93006,40.78425],[-73.93,40.78407],[-73.92994,40.78392],[-73.92986,40.78376],[-73.92977,40.78361],[-73.92969,40.78348],[-73.92956,40.7833],[-73.92923,40.78288],[-73.92429,40.77639],[-73.92399,40.776],[-73.92385,40.77579],[-73.92367,40.77554],[-73.92317,40.77489],[-73.92303,40.77471],[-73.92287,40.77452],[-73.9227,40.77433],[-73.92253,40.77417],[-73.92235,40.774],[-73.92216,40.77384],[-73.92196,40.77368],[-73.92176,40.77353],[-73.92155,40.77337],[-73.9209,40.77294]]}},{"type":"Feature","properties":{"n":3,"s":24.0},"geometry":{"type":"LineString","coordinates":[[-73.91772,40.77043],[-73.91765,40.77048],[-73.91764,40.77049],[-73.91741,40.77069],[-73.91733,40.77075]]}},{"type":"Feature","properties":{"n":3,"s":24.6},"geometry":{"type":"LineString","coordinates":[[-73.91733,40.77075],[-73.91742,40.77082],[-73.91749,40.77088],[-73.91768,40.77108]]}},{"type":"Feature","properties":{"n":5,"s":34.6},"geometry":{"type":"LineString","coordinates":[[-73.91768,40.77108],[-73.91801,40.77131],[-73.91825,40.77147]]}},{"type":"Feature","properties":{"n":5,"s":13.6},"geometry":{"type":"LineString","coordinates":[[-73.98567,40.73823],[-73.98641,40.73854]]}},{"type":"Feature","properties":{"n":5,"s":13.6},"geometry":{"type":"LineString","coordinates":[[-73.98641,40.73854],[-73.98685,40.73872],[-73.98711,40.73883],[-73.98716,40.73885],[-73.98726,40.7389]]}},{"type":"Feature","properties":{"n":4,"s":13.2},"geometry":{"type":"LineString","coordinates":[[-73.98726,40.7389],[-73.98734,40.73893]]}},{"type":"Feature","properties":{"n":8,"s":15.3},"geometry":{"type":"LineString","coordinates":[[-73.98734,40.73893],[-73.98739,40.73888],[-73.9877,40.73844],[-73.98773,40.7384],[-73.98778,40.73834]]}},{"type":"Feature","properties":{"n":24,"s":15.5},"geometry":{"type":"LineString","coordinates":[[-73.98778,40.73834],[-73.98782,40.73829],[-73.98813,40.73785],[-73.98816,40.73781],[-73.9882,40.73775]]}},{"type":"Feature","properties":{"n":24,"s":15.5},"geometry":{"type":"LineString","coordinates":[[-73.9882,40.73775],[-73.98824,40.7377],[-73.98856,40.73727],[-73.98859,40.73723],[-73.98863,40.73717]]}},{"type":"Feature","properties":{"n":25,"s":15.3},"geometry":{"type":"LineString","coordinates":[[-73.98863,40.73717],[-73.98867,40.73712],[-73.98899,40.73668],[-73.98902,40.73664],[-73.98907,40.73657]]}},{"type":"Feature","properties":{"n":25,"s":15.3},"geometry":{"type":"LineString","coordinates":[[-73.98907,40.73657],[-73.9891,40.73653],[-73.98921,40.7364],[-73.9894,40.73613],[-73.98945,40.73607],[-73.9895,40.736]]}},{"type":"Feature","properties":{"n":25,"s":15.0},"geometry":{"type":"LineString","coordinates":[[-73.9895,40.736],[-73.98954,40.73594],[-73.98988,40.73549],[-73.9899,40.73546],[-73.98992,40.73543],[-73.98997,40.73536]]}},{"type":"Feature","properties":{"n":26,"s":14.8},"geometry":{"type":"LineString","coordinates":[[-73.98997,40.73536],[-73.99001,40.73531],[-73.99005,40.73526],[-73.99008,40.73523],[-73.99011,40.7352],[-73.99014,40.73517],[-73.99018,40.73514],[-73.99022,40.73511],[-73.99027,40.73507],[-73.99033,40.73504],[-73.99039,40.735],[-73.99045,40.73497],[-73.99057,40.73491],[-73.9906,40.73489],[-73.99065,40.73486],[-73.99069,40.73484],[-73.99071,40.73481],[-73.99074,40.73479]]}},{"type":"Feature","properties":{"n":30,"s":14.6},"geometry":{"type":"LineString","coordinates":[[-73.99074,40.73479],[-73.99076,40.73477],[-73.99078,40.73475],[-73.99079,40.73473],[-73.9908,40.7347],[-73.99081,40.73467],[-73.99083,40.7346],[-73.99086,40.73444],[-73.99095,40.73405],[-73.99095,40.73398]]}},{"type":"Feature","properties":{"n":30,"s":14.6},"geometry":{"type":"LineString","coordinates":[[-73.99095,40.73398],[-73.99096,40.73392],[-73.9911,40.73327],[-73.99111,40.73321]]}},{"type":"Feature","properties":{"n":26,"s":14.7},"geometry":{"type":"LineString","coordinates":[[-73.99111,40.73321],[-73.99113,40.73315],[-73.99117,40.73297],[-73.99127,40.73252],[-73.99129,40.73245]]}},{"type":"Feature","properties":{"n":26,"s":14.7},"geometry":{"type":"LineString","coordinates":[[-73.99129,40.73245],[-73.9913,40.7324],[-73.99135,40.73217],[-73.99142,40.73186],[-73.99144,40.73181],[-73.99145,40.73178],[-73.99145,40.73176],[-73.99146,40.73174]]}},{"type":"Feature","properties":{"n":7,"s":17.8},"geometry":{"type":"LineString","coordinates":[[-73.99146,40.73174],[-73.99148,40.73172],[-73.99149,40.7317],[-73.9915,40.73168],[-73.99184,40.73129],[-73.99186,40.73126],[-73.99188,40.73123],[-73.99192,40.73118]]}},{"type":"Feature","properties":{"n":10,"s":15.9},"geometry":{"type":"LineString","coordinates":[[-73.99192,40.73118],[-73.99197,40.73112],[-73.99233,40.7307],[-73.99237,40.73065],[-73.99241,40.7306]]}},{"type":"Feature","properties":{"n":10,"s":15.9},"geometry":{"type":"LineString","coordinates":[[-73.99241,40.7306],[-73.99246,40.73055],[-73.99276,40.73018],[-73.99284,40.73008]]}},{"type":"Feature","properties":{"n":10,"s":15.9},"geometry":{"type":"LineString","coordinates":[[-73.99284,40.73008],[-73.9929,40.73001],[-73.99316,40.72971],[-73.99322,40.72963],[-73.99326,40.72958]]}},{"type":"Feature","properties":{"n":11,"s":16.7},"geometry":{"type":"LineString","coordinates":[[-73.99326,40.72958],[-73.99331,40.72953],[-73.99348,40.72932],[-73.99369,40.72907],[-73.99375,40.72901]]}},{"type":"Feature","properties":{"n":10,"s":17.6},"geometry":{"type":"LineString","coordinates":[[-73.99375,40.72901],[-73.99379,40.72895],[-73.9942,40.72847],[-73.99425,40.72841]]}},{"type":"Feature","properties":{"n":8,"s":16.2},"geometry":{"type":"LineString","coordinates":[[-73.99425,40.72841],[-73.99429,40.72837],[-73.99468,40.72791],[-73.99471,40.72788],[-73.99475,40.72783]]}},{"type":"Feature","properties":{"n":7,"s":15.7},"geometry":{"type":"LineString","coordinates":[[-73.99475,40.72783],[-73.9948,40.72777],[-73.99509,40.72743],[-73.99522,40.72727],[-73.99527,40.72721]]}},{"type":"Feature","properties":{"n":7,"s":15.7},"geometry":{"type":"LineString","coordinates":[[-73.99527,40.72721],[-73.99532,40.72716],[-73.9958,40.72658],[-73.99583,40.72655],[-73.99585,40.72653]]}},{"type":"Feature","properties":{"n":6,"s":16.4},"geometry":{"type":"LineString","coordinates":[[-73.99585,40.72653],[-73.99589,40.72648],[-73.99609,40.72624],[-73.9961,40.72623],[-73.99622,40.72609],[-73.99637,40.72591],[-73.99665,40.72557],[-73.99671,40.7255]]}},{"type":"Feature","properties":{"n":4,"s":9.4},"geometry":{"type":"LineString","coordinates":[[-73.99671,40.7255],[-73.99684,40.72553],[-73.99699,40.72559],[-73.99725,40.72571],[-73.99749,40.72583],[-73.99757,40.72587]]}},{"type":"Feature","properties":{"n":4,"s":9.4},"geometry":{"type":"LineString","coordinates":[[-73.99757,40.72587],[-73.99764,40.72591],[-73.99824,40.7262],[-73.99831,40.72623]]}},{"type":"Feature","properties":{"n":4,"s":9.4},"geometry":{"type":"LineString","coordinates":[[-73.99831,40.72623],[-73.99838,40.72627],[-73.99868,40.72641],[-73.99907,40.72661]]}},{"type":"Feature","properties":{"n":4,"s":9.0},"geometry":{"type":"LineString","coordinates":[[-73.99907,40.72661],[-73.99917,40.72649]]}},{"type":"Feature","properties":{"n":4,"s":9.0},"geometry":{"type":"LineString","coordinates":[[-73.99917,40.72649],[-73.99923,40.72642],[-74.00006,40.72543],[-74.0001,40.72538]]}},{"type":"Feature","properties":{"n":4,"s":9.0},"geometry":{"type":"LineString","coordinates":[[-74.0001,40.72538],[-74.00014,40.72534],[-74.00109,40.72421],[-74.00113,40.72417]]}},{"type":"Feature","properties":{"n":4,"s":9.0},"geometry":{"type":"LineString","coordinates":[[-74.00113,40.72417],[-74.00116,40.72412],[-74.00211,40.72303],[-74.00213,40.723],[-74.00218,40.72294]]}},{"type":"Feature","properties":{"n":4,"s":18.0},"geometry":{"type":"LineString","coordinates":[[-74.00297,40.72199],[-74.00301,40.72195],[-74.00383,40.72099],[-74.00385,40.72096],[-74.00387,40.72093],[-74.0039,40.7209],[-74.00393,40.72087]]}},{"type":"Feature","properties":{"n":4,"s":13.2},"geometry":{"type":"LineString","coordinates":[[-74.00393,40.72087],[-74.00398,40.72091],[-74.00455,40.72132],[-74.00462,40.72137]]}},{"type":"Feature","properties":{"n":8,"s":25.6},"geometry":{"type":"LineString","coordinates":[[-74.00403,40.73823],[-74.00381,40.73841],[-74.00376,40.73846]]}},{"type":"Feature","properties":{"n":8,"s":25.6},"geometry":{"type":"LineString","coordinates":[[-74.00376,40.73846],[-74.00347,40.73871],[-74.0034,40.73877]]}},{"type":"Feature","properties":{"n":8,"s":25.6},"geometry":{"type":"LineString","coordinates":[[-74.0034,40.73877],[-74.00334,40.73882],[-74.00312,40.73901],[-74.00303,40.7391]]}},{"type":"Feature","properties":{"n":15,"s":23.9},"geometry":{"type":"LineString","coordinates":[[-73.98147,40.76826],[-73.98152,40.76845],[-73.98153,40.76847],[-73.98153,40.7685],[-73.98153,40.76852],[-73.98152,40.76855],[-73.9815,40.76859],[-73.98139,40.76882],[-73.98136,40.76889],[-73.98132,40.76894],[-73.9811,40.76924],[-73.98106,40.7693]]}},{"type":"Feature","properties":{"n":16,"s":23.2},"geometry":{"type":"LineString","coordinates":[[-73.98106,40.7693],[-73.98101,40.76935],[-73.98062,40.76986],[-73.98058,40.76992]]}},{"type":"Feature","properties":{"n":16,"s":23.2},"geometry":{"type":"LineString","coordinates":[[-73.98058,40.76992],[-73.98054,40.76998],[-73.98037,40.7702],[-73.98016,40.77048],[-73.98012,40.77054]]}},{"type":"Feature","properties":{"n":16,"s":23.2},"geometry":{"type":"LineString","coordinates":[[-73.98012,40.77054],[-73.98007,40.7706],[-73.97985,40.7709],[-73.9797,40.77111],[-73.97966,40.77116]]}},{"type":"Feature","properties":{"n":17,"s":23.3},"geometry":{"type":"LineString","coordinates":[[-73.97966,40.77116],[-73.97962,40.77122],[-73.97952,40.77135],[-73.97924,40.77173],[-73.9792,40.77179]]}},{"type":"Feature","properties":{"n":15,"s":23.9},"geometry":{"type":"LineString","coordinates":[[-73.9792,40.77179],[-73.97916,40.77185],[-73.97878,40.77236],[-73.97874,40.77242]]}},{"type":"Feature","properties":{"n":15,"s":23.9},"geometry":{"type":"LineString","coordinates":[[-73.97874,40.77242],[-73.97872,40.77245],[-73.97868,40.7725],[-73.97852,40.77273],[-73.97833,40.77298],[-73.97829,40.77304]]}},{"type":"Feature","properties":{"n":12,"s":26.1},"geometry":{"type":"LineString","coordinates":[[-73.97829,40.77304],[-73.97824,40.7731],[-73.97787,40.77361],[-73.97783,40.77366]]}},{"type":"Feature","properties":{"n":12,"s":26.1},"geometry":{"type":"LineString","coordinates":[[-73.97783,40.77366],[-73.97779,40.77372],[-73.97741,40.77424],[-73.97737,40.77429]]}},{"type":"Feature","properties":{"n":12,"s":26.1},"geometry":{"type":"LineString","coordinates":[[-73.97737,40.77429],[-73.97733,40.77435],[-73.97711,40.77466],[-73.97696,40.77486],[-73.97692,40.77492]]}},{"type":"Feature","properties":{"n":13,"s":26.0},"geometry":{"type":"LineString","coordinates":[[-73.97692,40.77492],[-73.97688,40.77498],[-73.97651,40.77549],[-73.97646,40.77554]]}},{"type":"Feature","properties":{"n":4,"s":15.1},"geometry":{"type":"LineString","coordinates":[[-73.99053,40.74028],[-73.99065,40.74033],[-73.99352,40.74154],[-73.99357,40.74156],[-73.99361,40.74158],[-73.99373,40.74163]]}},{"type":"Feature","properties":{"n":10,"s":16.0},"geometry":{"type":"LineString","coordinates":[[-73.98389,40.74648],[-73.9838,40.74644],[-73.98251,40.7459],[-73.98244,40.74587],[-73.98234,40.74583]]}},{"type":"Feature","properties":{"n":10,"s":16.0},"geometry":{"type":"LineString","coordinates":[[-73.98234,40.74583],[-73.98222,40.74578]]}},{"type":"Feature","properties":{"n":12,"s":21.6},"geometry":{"type":"LineString","coordinates":[[-73.98127,40.74705],[-73.98119,40.74713],[-73.98104,40.74734],[-73.98084,40.74762],[-73.98081,40.74766],[-73.98077,40.74772]]}},{"type":"Feature","properties":{"n":12,"s":21.6},"geometry":{"type":"LineString","coordinates":[[-73.98077,40.74772],[-73.98072,40.74777],[-73.98039,40.74824],[-73.98036,40.74828],[-73.98032,40.74834]]}},{"type":"Feature","properties":{"n":12,"s":21.6},"geometry":{"type":"LineString","coordinates":[[-73.98032,40.74834],[-73.98028,40.74839],[-73.97994,40.74886],[-73.97991,40.7489],[-73.97987,40.74896]]}},{"type":"Feature","properties":{"n":12,"s":21.6},"geometry":{"type":"LineString","coordinates":[[-73.97987,40.74896],[-73.97983,40.74901],[-73.97949,40.74947],[-73.97946,40.74951],[-73.97942,40.74956]]}},{"type":"Feature","properties":{"n":11,"s":22.3},"geometry":{"type":"LineString","coordinates":[[-73.97942,40.74956],[-73.97937,40.74963],[-73.97903,40.7501],[-73.97901,40.75014],[-73.97896,40.75019]]}},{"type":"Feature","properties":{"n":11,"s":22.3},"geometry":{"type":"LineString","coordinates":[[-73.97896,40.75019],[-73.97892,40.75025],[-73.9787,40.75055]]}},{"type":"Feature","properties":{"n":8,"s":23.0},"geometry":{"type":"LineString","coordinates":[[-73.9787,40.75055],[-73.97857,40.75069],[-73.97854,40.75073],[-73.97849,40.75081]]}},{"type":"Feature","properties":{"n":8,"s":23.0},"geometry":{"type":"LineString","coordinates":[[-73.97849,40.75081],[-73.97845,40.75085],[-73.97844,40.75087],[-73.97811,40.75132],[-73.97809,40.75136],[-73.97804,40.75142]]}},{"type":"Feature","properties":{"n":8,"s":23.0},"geometry":{"type":"LineString","coordinates":[[-73.97804,40.75142],[-73.97796,40.75137],[-73.97721,40.75107],[-73.97692,40.75094],[-73.97669,40.75084],[-73.97664,40.75082],[-73.97654,40.75078]]}},{"type":"Feature","properties":{"n":9,"s":22.6},"geometry":{"type":"LineString","coordinates":[[-73.97654,40.75078],[-73.97643,40.75074],[-73.97547,40.75033],[-73.97513,40.75019],[-73.97507,40.75017],[-73.97495,40.75012]]}},{"type":"Feature","properties":{"n":14,"s":32.8},"geometry":{"type":"LineString","coordinates":[[-73.98112,40.77928],[-73.98127,40.77934],[-73.98153,40.77946],[-73.98163,40.7795]]}},{"type":"Feature","properties":{"n":14,"s":32.8},"geometry":{"type":"LineString","coordinates":[[-73.98163,40.7795],[-73.98161,40.77957],[-73.98144,40.78018],[-73.98142,40.78025]]}},{"type":"Feature","properties":{"n":14,"s":32.8},"geometry":{"type":"LineString","coordinates":[[-73.98142,40.78025],[-73.9814,40.78031],[-73.98123,40.78092],[-73.98121,40.78099]]}},{"type":"Feature","properties":{"n":14,"s":32.8},"geometry":{"type":"LineString","coordinates":[[-73.98121,40.78099],[-73.98119,40.78106],[-73.981,40.78166],[-73.98098,40.78172]]}},{"type":"Feature","properties":{"n":14,"s":32.8},"geometry":{"type":"LineString","coordinates":[[-73.98098,40.78172],[-73.98096,40.78179],[-73.98075,40.78238],[-73.98072,40.78245]]}},{"type":"Feature","properties":{"n":14,"s":32.8},"geometry":{"type":"LineString","coordinates":[[-73.98072,40.78245],[-73.9807,40.78251],[-73.98063,40.78266],[-73.98042,40.78307],[-73.98039,40.78313]]}},{"type":"Feature","properties":{"n":14,"s":32.8},"geometry":{"type":"LineString","coordinates":[[-73.98039,40.78313],[-73.98036,40.78318],[-73.98035,40.78319],[-73.97996,40.78371],[-73.97988,40.78381]]}},{"type":"Feature","properties":{"n":12,"s":34.1},"geometry":{"type":"LineString","coordinates":[[-73.97988,40.78381],[-73.97981,40.78391],[-73.97942,40.78443],[-73.97938,40.78448]]}},{"type":"Feature","properties":{"n":12,"s":34.1},"geometry":{"type":"LineString","coordinates":[[-73.97938,40.78448],[-73.97933,40.78455],[-73.97895,40.78506],[-73.97891,40.78512]]}},{"type":"Feature","properties":{"n":12,"s":34.1},"geometry":{"type":"LineString","coordinates":[[-73.97891,40.78512],[-73.97886,40.78518],[-73.97848,40.7857],[-73.97844,40.78576]]}},{"type":"Feature","properties":{"n":12,"s":34.1},"geometry":{"type":"LineString","coordinates":[[-73.97844,40.78576],[-73.97839,40.78581],[-73.97824,40.78601],[-73.97801,40.78633],[-73.97797,40.78638]]}},{"type":"Feature","properties":{"n":12,"s":34.1},"geometry":{"type":"LineString","coordinates":[[-73.97797,40.78638],[-73.97793,40.78644],[-73.97755,40.78696],[-73.97751,40.78701]]}},{"type":"Feature","properties":{"n":12,"s":33.8},"geometry":{"type":"LineString","coordinates":[[-73.97751,40.78701],[-73.97746,40.78708],[-73.97704,40.78758],[-73.977,40.78763]]}},{"type":"Feature","properties":{"n":12,"s":33.8},"geometry":{"type":"LineString","coordinates":[[-73.977,40.78763],[-73.97695,40.78769],[-73.97651,40.78819],[-73.97643,40.78829]]}},{"type":"Feature","properties":{"n":12,"s":33.8},"geometry":{"type":"LineString","coordinates":[[-73.97643,40.78829],[-73.97635,40.78838],[-73.97592,40.78889],[-73.97588,40.78894]]}},{"type":"Feature","properties":{"n":12,"s":33.8},"geometry":{"type":"LineString","coordinates":[[-73.97588,40.78894],[-73.97583,40.789],[-73.97546,40.78951],[-73.97542,40.78956]]}},{"type":"Feature","properties":{"n":12,"s":33.8},"geometry":{"type":"LineString","coordinates":[[-73.97542,40.78956],[-73.97537,40.78962],[-73.97499,40.79014],[-73.97496,40.79018]]}},{"type":"Feature","properties":{"n":12,"s":33.8},"geometry":{"type":"LineString","coordinates":[[-73.97496,40.79018],[-73.97491,40.79024],[-73.97453,40.79076],[-73.97449,40.79081]]}},{"type":"Feature","properties":{"n":12,"s":33.8},"geometry":{"type":"LineString","coordinates":[[-73.97449,40.79081],[-73.97445,40.79087],[-73.97407,40.79138],[-73.97402,40.79145]]}},{"type":"Feature","properties":{"n":11,"s":34.7},"geometry":{"type":"LineString","coordinates":[[-73.97402,40.79145],[-73.97398,40.7915],[-73.97361,40.79201],[-73.97356,40.79206]]}},{"type":"Feature","properties":{"n":11,"s":34.7},"geometry":{"type":"LineString","coordinates":[[-73.97356,40.79206],[-73.97353,40.79212],[-73.97332,40.7924],[-73.97318,40.79259],[-73.97314,40.79264],[-73.9731,40.79269]]}},{"type":"Feature","properties":{"n":10,"s":36.1},"geometry":{"type":"LineString","coordinates":[[-73.9731,40.79269],[-73.97306,40.79274],[-73.97268,40.79326],[-73.97264,40.79332]]}},{"type":"Feature","properties":{"n":10,"s":36.1},"geometry":{"type":"LineString","coordinates":[[-73.97264,40.79332],[-73.9726,40.79337],[-73.9722,40.79388],[-73.97216,40.79393]]}},{"type":"Feature","properties":{"n":10,"s":36.1},"geometry":{"type":"LineString","coordinates":[[-73.97216,40.79393],[-73.97211,40.79399],[-73.97186,40.79433],[-73.97173,40.79453],[-73.97166,40.79461]]}},{"type":"Feature","properties":{"n":15,"s":31.4},"geometry":{"type":"LineString","coordinates":[[-73.97166,40.79461],[-73.9716,40.7947],[-73.9715,40.79485],[-73.97137,40.79507],[-73.97128,40.7952],[-73.97125,40.79525],[-73.97121,40.7953]]}},{"type":"Feature","properties":{"n":16,"s":31.4},"geometry":{"type":"LineString","coordinates":[[-73.97121,40.7953],[-73.97117,40.79535],[-73.97079,40.79587],[-73.97075,40.79592]]}},{"type":"Feature","properties":{"n":16,"s":31.4},"geometry":{"type":"LineString","coordinates":[[-73.97075,40.79592],[-73.9707,40.79599],[-73.97033,40.7965],[-73.97029,40.79656]]}},{"type":"Feature","properties":{"n":16,"s":31.4},"geometry":{"type":"LineString","coordinates":[[-73.97029,40.79656],[-73.97024,40.79661],[-73.96986,40.79712],[-73.96982,40.79718]]}},{"type":"Feature","properties":{"n":16,"s":31.4},"geometry":{"type":"LineString","coordinates":[[-73.96982,40.79718],[-73.96977,40.79724],[-73.96939,40.79775],[-73.96935,40.7978]]}},{"type":"Feature","properties":{"n":16,"s":31.4},"geometry":{"type":"LineString","coordinates":[[-73.96935,40.7978],[-73.96931,40.79786],[-73.96894,40.79838],[-73.9689,40.79843]]}},{"type":"Feature","properties":{"n":16,"s":31.4},"geometry":{"type":"LineString","coordinates":[[-73.9689,40.79843],[-73.96885,40.7985],[-73.96849,40.79902],[-73.96845,40.79907]]}},{"type":"Feature","properties":{"n":15,"s":31.6},"geometry":{"type":"LineString","coordinates":[[-73.96845,40.79907],[-73.96842,40.79914],[-73.96813,40.79968],[-73.96811,40.79974]]}},{"type":"Feature","properties":{"n":15,"s":31.6},"geometry":{"type":"LineString","coordinates":[[-73.96811,40.79974],[-73.96808,40.79981],[-73.96792,40.80026],[-73.96788,40.8004],[-73.96787,40.80047]]}},{"type":"Feature","properties":{"n":13,"s":32.4},"geometry":{"type":"LineString","coordinates":[[-73.96787,40.80047],[-73.96786,40.80054],[-73.96778,40.80118],[-73.96776,40.8013]]}},{"type":"Feature","properties":{"n":13,"s":32.4},"geometry":{"type":"LineString","coordinates":[[-73.96776,40.8013],[-73.96776,40.80144],[-73.96771,40.80202],[-73.9677,40.80209],[-73.96769,40.80216]]}},{"type":"Feature","properties":{"n":13,"s":32.4},"geometry":{"type":"LineString","coordinates":[[-73.96769,40.80216],[-73.96768,40.80223],[-73.96764,40.80248],[-73.9676,40.80261],[-73.96753,40.80276],[-73.96751,40.80283],[-73.96748,40.80289]]}},{"type":"Feature","properties":{"n":13,"s":32.4},"geometry":{"type":"LineString","coordinates":[[-73.96748,40.80289],[-73.96745,40.80296],[-73.96708,40.80347],[-73.96704,40.80353]]}},{"type":"Feature","properties":{"n":13,"s":32.4},"geometry":{"type":"LineString","coordinates":[[-73.96704,40.80353],[-73.96699,40.80359],[-73.96666,40.80404],[-73.9666,40.80413]]}},{"type":"Feature","properties":{"n":11,"s":34.2},"geometry":{"type":"LineString","coordinates":[[-73.9666,40.80413],[-73.96654,40.80422],[-73.96636,40.80449],[-73.96617,40.80474],[-73.96613,40.80479]]}},{"type":"Feature","properties":{"n":11,"s":34.2},"geometry":{"type":"LineString","coordinates":[[-73.96613,40.80479],[-73.96608,40.80485],[-73.96593,40.80505],[-73.96571,40.80536],[-73.96567,40.80541]]}},{"type":"Feature","properties":{"n":12,"s":32.5},"geometry":{"type":"LineString","coordinates":[[-73.96567,40.80541],[-73.96562,40.80548],[-73.96525,40.80599],[-73.96525,40.806],[-73.96522,40.80604]]}},{"type":"Feature","properties":{"n":12,"s":32.5},"geometry":{"type":"LineString","coordinates":[[-73.96522,40.80604],[-73.96517,40.80611],[-73.9648,40.80662],[-73.96476,40.80667]]}},{"type":"Feature","properties":{"n":12,"s":32.5},"geometry":{"type":"LineString","coordinates":[[-73.96476,40.80667],[-73.96471,40.80673],[-73.96453,40.80698],[-73.96448,40.80706],[-73.96434,40.80725],[-73.9643,40.8073]]}},{"type":"Feature","properties":{"n":12,"s":32.5},"geometry":{"type":"LineString","coordinates":[[-73.9643,40.8073],[-73.96426,40.80736],[-73.96387,40.80789],[-73.9638,40.80799]]}},{"type":"Feature","properties":{"n":10,"s":33.8},"geometry":{"type":"LineString","coordinates":[[-73.9638,40.80799],[-73.96373,40.80808],[-73.96323,40.80878],[-73.9632,40.80881],[-73.96291,40.80923],[-73.96286,40.80929]]}},{"type":"Feature","properties":{"n":10,"s":33.8},"geometry":{"type":"LineString","coordinates":[[-73.96286,40.80929],[-73.96282,40.80934],[-73.96244,40.80987],[-73.9624,40.80993]]}},{"type":"Feature","properties":{"n":10,"s":33.8},"geometry":{"type":"LineString","coordinates":[[-73.9624,40.80993],[-73.96236,40.80997],[-73.96204,40.8104],[-73.96196,40.8105]]}},{"type":"Feature","properties":{"n":10,"s":33.8},"geometry":{"type":"LineString","coordinates":[[-73.96196,40.8105],[-73.9619,40.8106],[-73.96153,40.81111],[-73.96149,40.81117]]}},{"type":"Feature","properties":{"n":10,"s":33.8},"geometry":{"type":"LineString","coordinates":[[-73.96149,40.81117],[-73.96144,40.81123],[-73.96139,40.8113],[-73.9613,40.8114],[-73.96128,40.81144],[-73.96122,40.8115],[-73.96106,40.81172],[-73.961,40.81179]]}},{"type":"Feature","properties":{"n":10,"s":33.8},"geometry":{"type":"LineString","coordinates":[[-73.961,40.81179],[-73.96095,40.81186],[-73.96054,40.81241]]}},{"type":"Feature","properties":{"n":10,"s":33.8},"geometry":{"type":"LineString","coordinates":[[-73.96054,40.81241],[-73.95963,40.81364],[-73.95956,40.81374]]}},{"type":"Feature","properties":{"n":9,"s":36.0},"geometry":{"type":"LineString","coordinates":[[-73.95956,40.81374],[-73.9595,40.81382],[-73.95927,40.81417],[-73.95906,40.81446],[-73.95892,40.81466],[-73.95883,40.81477],[-73.95867,40.81498],[-73.95863,40.81504]]}},{"type":"Feature","properties":{"n":9,"s":36.0},"geometry":{"type":"LineString","coordinates":[[-73.95863,40.81504],[-73.95859,40.8151],[-73.95858,40.8151],[-73.95854,40.81517]]}},{"type":"Feature","properties":{"n":9,"s":36.0},"geometry":{"type":"LineString","coordinates":[[-73.95854,40.81517],[-73.9583,40.81548],[-73.95821,40.81561]]}},{"type":"Feature","properties":{"n":9,"s":36.0},"geometry":{"type":"LineString","coordinates":[[-73.95821,40.81561],[-73.95813,40.81573],[-73.95793,40.81601],[-73.95777,40.81623],[-73.95773,40.81628]]}},{"type":"Feature","properties":{"n":9,"s":36.0},"geometry":{"type":"LineString","coordinates":[[-73.95773,40.81628],[-73.95768,40.81636],[-73.95728,40.8169]]}},{"type":"Feature","properties":{"n":9,"s":36.0},"geometry":{"type":"LineString","coordinates":[[-73.95728,40.8169],[-73.9569,40.81743],[-73.95684,40.81751]]}},{"type":"Feature","properties":{"n":9,"s":36.0},"geometry":{"type":"LineString","coordinates":[[-73.95684,40.81751],[-73.9568,40.81757],[-73.9564,40.81811],[-73.95636,40.81816]]}},{"type":"Feature","properties":{"n":9,"s":36.0},"geometry":{"type":"LineString","coordinates":[[-73.95636,40.81816],[-73.95633,40.81821],[-73.95595,40.8187],[-73.95591,40.81876]]}},{"type":"Feature","properties":{"n":9,"s":36.0},"geometry":{"type":"LineString","coordinates":[[-73.95591,40.81876],[-73.95586,40.81882],[-73.95546,40.81939]]}},{"type":"Feature","properties":{"n":9,"s":36.0},"geometry":{"type":"LineString","coordinates":[[-73.95546,40.81939],[-73.95505,40.81996],[-73.95497,40.82007]]}},{"type":"Feature","properties":{"n":9,"s":36.0},"geometry":{"type":"LineString","coordinates":[[-73.95497,40.82007],[-73.95491,40.82017],[-73.95456,40.82069],[-73.95452,40.82075]]}},{"type":"Feature","properties":{"n":9,"s":36.0},"geometry":{"type":"LineString","coordinates":[[-73.95452,40.82075],[-73.95449,40.82079],[-73.9541,40.82132],[-73.95407,40.82136]]}},{"type":"Feature","properties":{"n":9,"s":36.0},"geometry":{"type":"LineString","coordinates":[[-73.95407,40.82136],[-73.95402,40.82143],[-73.95364,40.82193],[-73.9536,40.82199]]}},{"type":"Feature","properties":{"n":9,"s":36.0},"geometry":{"type":"LineString","coordinates":[[-73.9536,40.82199],[-73.95355,40.82206],[-73.95317,40.82256],[-73.95313,40.82261]]}},{"type":"Feature","properties":{"n":8,"s":36.6},"geometry":{"type":"LineString","coordinates":[[-73.95313,40.82261],[-73.95308,40.82267],[-73.95271,40.82318],[-73.95268,40.82323]]}},{"type":"Feature","properties":{"n":8,"s":36.6},"geometry":{"type":"LineString","coordinates":[[-73.95268,40.82323],[-73.95263,40.82329],[-73.95226,40.8238],[-73.95222,40.82385]]}},{"type":"Feature","properties":{"n":8,"s":36.6},"geometry":{"type":"LineString","coordinates":[[-73.95222,40.82385],[-73.95217,40.82392],[-73.9518,40.82443],[-73.95176,40.82449]]}},{"type":"Feature","properties":{"n":8,"s":36.6},"geometry":{"type":"LineString","coordinates":[[-73.95176,40.82449],[-73.95172,40.82455],[-73.95135,40.82505],[-73.95131,40.8251]]}},{"type":"Feature","properties":{"n":8,"s":36.6},"geometry":{"type":"LineString","coordinates":[[-73.95131,40.8251],[-73.95126,40.82517],[-73.9509,40.82567],[-73.95086,40.82572]]}},{"type":"Feature","properties":{"n":7,"s":37.5},"geometry":{"type":"LineString","coordinates":[[-73.95086,40.82572],[-73.95081,40.82579],[-73.95044,40.8263],[-73.95036,40.8264]]}},{"type":"Feature","properties":{"n":7,"s":37.5},"geometry":{"type":"LineString","coordinates":[[-73.95036,40.8264],[-73.95028,40.82651],[-73.9499,40.82702],[-73.94987,40.82707]]}},{"type":"Feature","properties":{"n":7,"s":37.5},"geometry":{"type":"LineString","coordinates":[[-73.94987,40.82707],[-73.94982,40.82713],[-73.94946,40.82764],[-73.94942,40.8277]]}},{"type":"Feature","properties":{"n":6,"s":42.3},"geometry":{"type":"LineString","coordinates":[[-73.94942,40.8277],[-73.94937,40.82776],[-73.949,40.82827],[-73.94896,40.82832]]}},{"type":"Feature","properties":{"n":6,"s":42.3},"geometry":{"type":"LineString","coordinates":[[-73.94896,40.82832],[-73.94891,40.82838],[-73.94855,40.82889],[-73.94851,40.82895]]}},{"type":"Feature","properties":{"n":6,"s":42.3},"geometry":{"type":"LineString","coordinates":[[-73.94851,40.82895],[-73.94846,40.82901],[-73.9481,40.82951],[-73.94806,40.82957]]}},{"type":"Feature","properties":{"n":6,"s":42.3},"geometry":{"type":"LineString","coordinates":[[-73.94806,40.82957],[-73.94802,40.82962],[-73.94763,40.83014],[-73.9476,40.83018]]}},{"type":"Feature","properties":{"n":6,"s":42.3},"geometry":{"type":"LineString","coordinates":[[-73.9476,40.83018],[-73.94756,40.83024],[-73.94718,40.83074],[-73.94713,40.8308]]}},{"type":"Feature","properties":{"n":6,"s":42.3},"geometry":{"type":"LineString","coordinates":[[-73.94713,40.8308],[-73.94708,40.83087],[-73.94672,40.83137],[-73.94667,40.83144]]}},{"type":"Feature","properties":{"n":6,"s":42.3},"geometry":{"type":"LineString","coordinates":[[-73.94667,40.83144],[-73.94663,40.83149],[-73.94658,40.83156],[-73.94581,40.83264],[-73.94575,40.83273]]}},{"type":"Feature","properties":{"n":6,"s":42.3},"geometry":{"type":"LineString","coordinates":[[-73.94575,40.83273],[-73.94567,40.83284],[-73.94559,40.83295],[-73.94528,40.83335],[-73.94525,40.8334]]}},{"type":"Feature","properties":{"n":6,"s":42.3},"geometry":{"type":"LineString","coordinates":[[-73.94525,40.8334],[-73.9452,40.83347],[-73.94483,40.83396],[-73.94479,40.83403]]}},{"type":"Feature","properties":{"n":6,"s":42.3},"geometry":{"type":"LineString","coordinates":[[-73.94479,40.83403],[-73.94474,40.83409],[-73.94437,40.83459],[-73.94433,40.83465]]}},{"type":"Feature","properties":{"n":5,"s":44.5},"geometry":{"type":"LineString","coordinates":[[-73.94433,40.83465],[-73.94427,40.83472],[-73.94391,40.83521],[-73.94387,40.83527]]}},{"type":"Feature","properties":{"n":3,"s":43.8},"geometry":{"type":"LineString","coordinates":[[-73.94387,40.83527],[-73.94395,40.83531],[-73.94408,40.83536]]}},{"type":"Feature","properties":{"n":3,"s":43.8},"geometry":{"type":"LineString","coordinates":[[-73.94408,40.83536],[-73.94418,40.8354],[-73.94424,40.83542],[-73.94434,40.83548],[-73.94442,40.83554],[-73.94451,40.83563],[-73.94457,40.83572],[-73.94462,40.83582],[-73.94465,40.83592],[-73.94467,40.83603],[-73.94466,40.83614],[-73.94464,40.83622],[-73.9446,40.83632],[-73.9446,40.83633],[-73.94457,40.83638]]}},{"type":"Feature","properties":{"n":3,"s":43.8},"geometry":{"type":"LineString","coordinates":[[-73.94457,40.83638],[-73.94455,40.83645],[-73.94432,40.83702],[-73.9443,40.83708]]}},{"type":"Feature","properties":{"n":3,"s":43.8},"geometry":{"type":"LineString","coordinates":[[-73.9443,40.83708],[-73.94427,40.83715],[-73.94404,40.83772],[-73.94402,40.83779]]}},{"type":"Feature","properties":{"n":3,"s":43.8},"geometry":{"type":"LineString","coordinates":[[-73.94402,40.83779],[-73.94399,40.83785],[-73.94377,40.83842],[-73.94375,40.83846]]}},{"type":"Feature","properties":{"n":3,"s":43.8},"geometry":{"type":"LineString","coordinates":[[-73.94375,40.83846],[-73.94372,40.83855],[-73.94351,40.83906],[-73.94349,40.83911],[-73.94347,40.83917]]}},{"type":"Feature","properties":{"n":3,"s":43.8},"geometry":{"type":"LineString","coordinates":[[-73.94347,40.83917],[-73.94343,40.83926],[-73.9433,40.83961],[-73.94311,40.8401],[-73.94307,40.84019]]}},{"type":"Feature","properties":{"n":3,"s":43.8},"geometry":{"type":"LineString","coordinates":[[-73.94307,40.84019],[-73.94305,40.84024],[-73.94303,40.84029],[-73.94291,40.8406],[-73.94285,40.84075],[-73.94271,40.8411],[-73.94265,40.84125],[-73.94248,40.84167],[-73.94233,40.84205],[-73.94232,40.84208],[-73.9423,40.84212],[-73.94228,40.84215]]}},{"type":"Feature","properties":{"n":3,"s":43.8},"geometry":{"type":"LineString","coordinates":[[-73.94228,40.84215],[-73.94225,40.84224],[-73.94221,40.84234],[-73.94204,40.84276],[-73.94202,40.84282]]}},{"type":"Feature","properties":{"n":3,"s":43.8},"geometry":{"type":"LineString","coordinates":[[-73.94202,40.84282],[-73.94199,40.84288],[-73.94193,40.84302],[-73.94189,40.8431],[-73.94184,40.84318],[-73.9418,40.84324],[-73.94168,40.84339],[-73.94163,40.84345]]}},{"type":"Feature","properties":{"n":3,"s":43.8},"geometry":{"type":"LineString","coordinates":[[-73.94163,40.84345],[-73.94158,40.84351],[-73.94119,40.844],[-73.94115,40.84405]]}},{"type":"Feature","properties":{"n":4,"s":11.7},"geometry":{"type":"LineString","coordinates":[[-73.95285,40.71406],[-73.95275,40.71406],[-73.95256,40.71406],[-73.95214,40.71407],[-73.95174,40.71407],[-73.95163,40.71407]]}},{"type":"Feature","properties":{"n":6,"s":11.2},"geometry":{"type":"LineString","coordinates":[[-73.95163,40.71407],[-73.95152,40.71407],[-73.95119,40.71407],[-73.95003,40.71408],[-73.94951,40.71408],[-73.94946,40.71408],[-73.94937,40.71408]]}},{"type":"Feature","properties":{"n":5,"s":11.3},"geometry":{"type":"LineString","coordinates":[[-73.94937,40.71408],[-73.9493,40.71409],[-73.94922,40.71409],[-73.94915,40.7141],[-73.94813,40.71418],[-73.94781,40.71421],[-73.94772,40.71422]]}},{"type":"Feature","properties":{"n":4,"s":10.5},"geometry":{"type":"LineString","coordinates":[[-73.94772,40.71422],[-73.94771,40.71414],[-73.94761,40.71355],[-73.9476,40.71348]]}},{"type":"Feature","properties":{"n":4,"s":10.5},"geometry":{"type":"LineString","coordinates":[[-73.9476,40.71348],[-73.94759,40.71342],[-73.94749,40.71284],[-73.94748,40.71277]]}},{"type":"Feature","properties":{"n":4,"s":10.5},"geometry":{"type":"LineString","coordinates":[[-73.94748,40.71277],[-73.94747,40.71271],[-73.94738,40.71213],[-73.94737,40.71206]]}},{"type":"Feature","properties":{"n":4,"s":10.5},"geometry":{"type":"LineString","coordinates":[[-73.94737,40.71206],[-73.94736,40.71201],[-73.94726,40.71141],[-73.94724,40.71132]]}},{"type":"Feature","properties":{"n":4,"s":10.5},"geometry":{"type":"LineString","coordinates":[[-73.94724,40.71132],[-73.94723,40.71124],[-73.94712,40.71067],[-73.9471,40.71059]]}},{"type":"Feature","properties":{"n":4,"s":10.5},"geometry":{"type":"LineString","coordinates":[[-73.9471,40.71059],[-73.94709,40.71053],[-73.94698,40.70995],[-73.94697,40.70989]]}},{"type":"Feature","properties":{"n":4,"s":10.5},"geometry":{"type":"LineString","coordinates":[[-73.94697,40.70989],[-73.94696,40.70983],[-73.94686,40.70925],[-73.94685,40.70918]]}},{"type":"Feature","properties":{"n":4,"s":10.5},"geometry":{"type":"LineString","coordinates":[[-73.94685,40.70918],[-73.94684,40.70912],[-73.9468,40.70892],[-73.94674,40.70858],[-73.94674,40.70855],[-73.94676,40.70847]]}},{"type":"Feature","properties":{"n":12,"s":26.1},"geometry":{"type":"LineString","coordinates":[[-73.99915,40.75459],[-73.99908,40.75469],[-73.99896,40.75484],[-73.9987,40.7552],[-73.99866,40.75526]]}},{"type":"Feature","properties":{"n":12,"s":26.1},"geometry":{"type":"LineString","coordinates":[[-73.99866,40.75526],[-73.99862,40.75532],[-73.99851,40.75546],[-73.99845,40.75553],[-73.99826,40.75581],[-73.99821,40.75587]]}},{"type":"Feature","properties":{"n":13,"s":25.2},"geometry":{"type":"LineString","coordinates":[[-73.99821,40.75587],[-73.99817,40.75593],[-73.99811,40.75601],[-73.99803,40.75612],[-73.99798,40.75619],[-73.9978,40.75643],[-73.99777,40.75648]]}},{"type":"Feature","properties":{"n":13,"s":25.2},"geometry":{"type":"LineString","coordinates":[[-73.99777,40.75648],[-73.99771,40.75656],[-73.99735,40.75705],[-73.99732,40.75709]]}},{"type":"Feature","properties":{"n":13,"s":25.2},"geometry":{"type":"LineString","coordinates":[[-73.99732,40.75709],[-73.99726,40.75717],[-73.9969,40.75767],[-73.99685,40.75774]]}},{"type":"Feature","properties":{"n":14,"s":24.3},"geometry":{"type":"LineString","coordinates":[[-73.99685,40.75774],[-73.9968,40.75781],[-73.99679,40.75782],[-73.99669,40.75796],[-73.99646,40.75828],[-73.99641,40.75835]]}},{"type":"Feature","properties":{"n":14,"s":24.3},"geometry":{"type":"LineString","coordinates":[[-73.99641,40.75835],[-73.99636,40.7584],[-73.99626,40.75854],[-73.99617,40.75867],[-73.996,40.7589],[-73.99594,40.75898]]}},{"type":"Feature","properties":{"n":14,"s":24.3},"geometry":{"type":"LineString","coordinates":[[-73.99594,40.75898],[-73.99588,40.75906],[-73.99583,40.75914],[-73.99554,40.75953],[-73.99547,40.75963]]}},{"type":"Feature","properties":{"n":15,"s":22.5},"geometry":{"type":"LineString","coordinates":[[-73.99547,40.75963],[-73.99539,40.75974],[-73.99502,40.76025],[-73.99497,40.76031]]}},{"type":"Feature","properties":{"n":5,"s":18.4},"geometry":{"type":"LineString","coordinates":[[-73.9527,40.77656],[-73.95274,40.77651],[-73.95298,40.77617],[-73.95312,40.77598],[-73.95317,40.77592]]}},{"type":"Feature","properties":{"n":6,"s":19.3},"geometry":{"type":"LineString","coordinates":[[-73.95317,40.77592],[-73.9532,40.77588],[-73.95351,40.77546],[-73.95359,40.77536],[-73.95364,40.77529]]}},{"type":"Feature","properties":{"n":8,"s":18.6},"geometry":{"type":"LineString","coordinates":[[-73.95364,40.77529],[-73.95368,40.77524],[-73.95381,40.77506],[-73.95406,40.77472],[-73.9541,40.77467]]}},{"type":"Feature","properties":{"n":6,"s":19.7},"geometry":{"type":"LineString","coordinates":[[-73.95507,40.77335],[-73.95514,40.77325],[-73.9553,40.77303],[-73.95545,40.77283],[-73.95553,40.77272],[-73.95557,40.77266]]}},{"type":"Feature","properties":{"n":7,"s":19.3},"geometry":{"type":"LineString","coordinates":[[-73.95557,40.77266],[-73.95561,40.77261],[-73.95599,40.77209],[-73.95603,40.77204]]}},{"type":"Feature","properties":{"n":7,"s":18.7},"geometry":{"type":"LineString","coordinates":[[-73.95603,40.77204],[-73.95607,40.77198],[-73.95624,40.77174],[-73.95636,40.77158],[-73.95645,40.77146],[-73.95649,40.77141]]}},{"type":"Feature","properties":{"n":8,"s":19.3},"geometry":{"type":"LineString","coordinates":[[-73.95888,40.76814],[-73.95892,40.76808],[-73.9592,40.76769],[-73.9593,40.76756],[-73.95934,40.7675]]}},{"type":"Feature","properties":{"n":8,"s":19.3},"geometry":{"type":"LineString","coordinates":[[-73.95934,40.7675],[-73.95938,40.76745],[-73.95949,40.76729],[-73.95974,40.76693],[-73.95978,40.76687]]}},{"type":"Feature","properties":{"n":8,"s":19.3},"geometry":{"type":"LineString","coordinates":[[-73.95978,40.76687],[-73.95982,40.76682],[-73.96011,40.76641],[-73.96019,40.7663],[-73.96023,40.76624]]}},{"type":"Feature","properties":{"n":8,"s":19.3},"geometry":{"type":"LineString","coordinates":[[-73.96023,40.76624],[-73.96027,40.76619],[-73.96051,40.76585],[-73.96064,40.76568],[-73.96069,40.76562]]}},{"type":"Feature","properties":{"n":8,"s":19.3},"geometry":{"type":"LineString","coordinates":[[-73.96069,40.76562],[-73.96073,40.76556],[-73.9611,40.76505],[-73.96114,40.76499]]}},{"type":"Feature","properties":{"n":8,"s":19.3},"geometry":{"type":"LineString","coordinates":[[-73.96114,40.76499],[-73.96119,40.76493],[-73.96121,40.7649]]}},{"type":"Feature","properties":{"n":8,"s":19.3},"geometry":{"type":"LineString","coordinates":[[-73.96121,40.7649],[-73.96137,40.76468],[-73.96146,40.76457],[-73.96156,40.76442],[-73.96161,40.76437]]}},{"type":"Feature","properties":{"n":9,"s":23.1},"geometry":{"type":"LineString","coordinates":[[-73.96161,40.76437],[-73.96165,40.76431],[-73.9619,40.76397],[-73.96201,40.7638],[-73.96206,40.76374]]}},{"type":"Feature","properties":{"n":9,"s":23.1},"geometry":{"type":"LineString","coordinates":[[-73.96206,40.76374],[-73.9621,40.76369],[-73.96218,40.76358],[-73.96247,40.76317],[-73.96251,40.76311]]}},{"type":"Feature","properties":{"n":10,"s":22.9},"geometry":{"type":"LineString","coordinates":[[-73.96251,40.76311],[-73.96255,40.76306],[-73.96283,40.7627],[-73.96294,40.76255],[-73.96298,40.7625]]}},{"type":"Feature","properties":{"n":13,"s":21.7},"geometry":{"type":"LineString","coordinates":[[-73.96298,40.7625],[-73.96303,40.76244],[-73.9634,40.76192],[-73.96344,40.76187]]}},{"type":"Feature","properties":{"n":13,"s":21.7},"geometry":{"type":"LineString","coordinates":[[-73.96344,40.76187],[-73.96348,40.76181],[-73.9637,40.76152],[-73.96372,40.76149],[-73.96386,40.7613],[-73.9639,40.76124]]}},{"type":"Feature","properties":{"n":14,"s":23.4},"geometry":{"type":"LineString","coordinates":[[-73.9639,40.76124],[-73.96394,40.76118],[-73.96405,40.76103]]}},{"type":"Feature","properties":{"n":11,"s":20.8},"geometry":{"type":"LineString","coordinates":[[-73.96531,40.75932],[-73.96538,40.75922],[-73.96557,40.75896],[-73.96576,40.7587],[-73.9658,40.75865]]}},{"type":"Feature","properties":{"n":12,"s":21.4},"geometry":{"type":"LineString","coordinates":[[-73.9658,40.75865],[-73.96584,40.75858],[-73.96621,40.75808],[-73.96625,40.75803]]}},{"type":"Feature","properties":{"n":12,"s":21.4},"geometry":{"type":"LineString","coordinates":[[-73.96625,40.75803],[-73.96631,40.75795],[-73.9666,40.75753],[-73.96666,40.75744],[-73.9667,40.75738]]}},{"type":"Feature","properties":{"n":12,"s":21.4},"geometry":{"type":"LineString","coordinates":[[-73.9667,40.75738],[-73.96674,40.75733],[-73.96684,40.75719],[-73.96701,40.75697],[-73.96712,40.75682],[-73.96717,40.75676]]}},{"type":"Feature","properties":{"n":12,"s":21.4},"geometry":{"type":"LineString","coordinates":[[-73.96717,40.75676],[-73.96721,40.75671],[-73.96751,40.7563],[-73.96759,40.75619],[-73.96762,40.75615]]}},{"type":"Feature","properties":{"n":14,"s":20.1},"geometry":{"type":"LineString","coordinates":[[-73.96762,40.75615],[-73.96766,40.75608],[-73.96802,40.75557],[-73.96807,40.7555]]}},{"type":"Feature","properties":{"n":15,"s":20.7},"geometry":{"type":"LineString","coordinates":[[-73.96807,40.7555],[-73.96811,40.75545],[-73.96825,40.75525],[-73.96838,40.75506],[-73.96848,40.75493],[-73.96852,40.75488]]}},{"type":"Feature","properties":{"n":14,"s":18.4},"geometry":{"type":"LineString","coordinates":[[-73.96852,40.75488],[-73.96856,40.75482],[-73.96868,40.75466],[-73.96893,40.75431],[-73.96898,40.75425]]}},{"type":"Feature","properties":{"n":12,"s":18.9},"geometry":{"type":"LineString","coordinates":[[-73.96898,40.75425],[-73.96902,40.7542],[-73.9693,40.7538],[-73.96939,40.75368],[-73.96943,40.75362]]}},{"type":"Feature","properties":{"n":12,"s":18.9},"geometry":{"type":"LineString","coordinates":[[-73.96943,40.75362],[-73.96947,40.75357],[-73.96985,40.75306],[-73.96989,40.753]]}},{"type":"Feature","properties":{"n":12,"s":18.9},"geometry":{"type":"LineString","coordinates":[[-73.96989,40.753],[-73.96993,40.75294],[-73.9702,40.75257],[-73.97026,40.7525],[-73.9703,40.75243],[-73.97034,40.75238]]}},{"type":"Feature","properties":{"n":11,"s":18.1},"geometry":{"type":"LineString","coordinates":[[-73.97034,40.75238],[-73.97039,40.75231],[-73.97076,40.75181],[-73.9708,40.75175]]}},{"type":"Feature","properties":{"n":11,"s":18.1},"geometry":{"type":"LineString","coordinates":[[-73.9708,40.75175],[-73.97084,40.7517],[-73.97111,40.75133],[-73.97122,40.75118],[-73.97126,40.75112]]}},{"type":"Feature","properties":{"n":11,"s":18.1},"geometry":{"type":"LineString","coordinates":[[-73.97126,40.75112],[-73.9713,40.75107],[-73.97149,40.7508],[-73.97158,40.75068],[-73.97167,40.75056],[-73.97171,40.7505]]}},{"type":"Feature","properties":{"n":11,"s":18.1},"geometry":{"type":"LineString","coordinates":[[-73.97171,40.7505],[-73.97175,40.75044],[-73.97192,40.75021],[-73.9721,40.74997],[-73.97213,40.74993],[-73.9722,40.74983]]}},{"type":"Feature","properties":{"n":11,"s":18.1},"geometry":{"type":"LineString","coordinates":[[-73.9722,40.74983],[-73.97228,40.74973],[-73.97235,40.74963],[-73.97243,40.74953],[-73.9725,40.74943],[-73.97266,40.74922],[-73.9727,40.74916]]}},{"type":"Feature","properties":{"n":12,"s":18.2},"geometry":{"type":"LineString","coordinates":[[-73.9727,40.74916],[-73.97275,40.7491],[-73.97299,40.74876],[-73.97311,40.74861],[-73.97315,40.74855]]}},{"type":"Feature","properties":{"n":3,"s":15.7},"geometry":{"type":"LineString","coordinates":[[-73.97382,40.73834],[-73.97434,40.73762],[-73.9745,40.73742]]}},{"type":"Feature","properties":{"n":3,"s":15.7},"geometry":{"type":"LineString","coordinates":[[-73.9745,40.73742],[-73.97471,40.73722],[-73.97476,40.73716],[-73.97478,40.73713],[-73.97483,40.73707]]}},{"type":"Feature","properties":{"n":3,"s":15.7},"geometry":{"type":"LineString","coordinates":[[-73.97483,40.73707],[-73.97488,40.73701],[-73.9749,40.73698]]}},{"type":"Feature","properties":{"n":3,"s":15.7},"geometry":{"type":"LineString","coordinates":[[-73.9749,40.73698],[-73.97497,40.73686],[-73.97501,40.73677],[-73.97505,40.73667],[-73.97508,40.73657],[-73.97511,40.73647],[-73.97513,40.73638],[-73.97514,40.7363],[-73.97515,40.73623],[-73.97516,40.73616],[-73.97516,40.73608],[-73.97517,40.73603],[-73.97517,40.73597],[-73.97516,40.73591]]}},{"type":"Feature","properties":{"n":3,"s":15.7},"geometry":{"type":"LineString","coordinates":[[-73.97516,40.73591],[-73.97516,40.73588],[-73.97515,40.73584],[-73.97514,40.73573],[-73.97512,40.73564],[-73.97512,40.73559],[-73.97514,40.73546]]}},{"type":"Feature","properties":{"n":3,"s":15.7},"geometry":{"type":"LineString","coordinates":[[-73.97514,40.73546],[-73.97514,40.7353],[-73.97514,40.73525],[-73.97487,40.7342]]}},{"type":"Feature","properties":{"n":3,"s":15.7},"geometry":{"type":"LineString","coordinates":[[-73.97487,40.7342],[-73.97457,40.73299],[-73.97456,40.73296],[-73.97455,40.73292],[-73.97453,40.73289],[-73.97452,40.73285],[-73.97444,40.73274]]}},{"type":"Feature","properties":{"n":3,"s":15.7},"geometry":{"type":"LineString","coordinates":[[-73.97444,40.73274],[-73.9744,40.73257],[-73.9744,40.73256],[-73.97439,40.73251],[-73.97436,40.73239]]}},{"type":"Feature","properties":{"n":3,"s":15.7},"geometry":{"type":"LineString","coordinates":[[-73.97436,40.73239],[-73.97437,40.73229],[-73.97437,40.73223],[-73.97409,40.73111],[-73.97408,40.73108],[-73.97406,40.731]]}},{"type":"Feature","properties":{"n":3,"s":15.7},"geometry":{"type":"LineString","coordinates":[[-73.97406,40.731],[-73.97405,40.73097],[-73.97405,40.73093],[-73.97406,40.73086],[-73.97407,40.73081],[-73.97409,40.73076],[-73.9741,40.73071],[-73.97412,40.73067],[-73.97413,40.73064],[-73.97418,40.73053]]}},{"type":"Feature","properties":{"n":3,"s":15.7},"geometry":{"type":"LineString","coordinates":[[-73.97418,40.73053],[-73.97433,40.73032],[-73.97456,40.73],[-73.97468,40.72983],[-73.97473,40.72977]]}},{"type":"Feature","properties":{"n":3,"s":15.7},"geometry":{"type":"LineString","coordinates":[[-73.97473,40.72977],[-73.97476,40.72972],[-73.97486,40.72959],[-73.97514,40.7292],[-73.97519,40.72914]]}},{"type":"Feature","properties":{"n":3,"s":15.7},"geometry":{"type":"LineString","coordinates":[[-73.97519,40.72914],[-73.97523,40.72908],[-73.97543,40.72881],[-73.97563,40.72853],[-73.97568,40.72844]]}},{"type":"Feature","properties":{"n":3,"s":15.7},"geometry":{"type":"LineString","coordinates":[[-73.97568,40.72844],[-73.97574,40.72835],[-73.97597,40.72803],[-73.97613,40.72781],[-73.97617,40.72775]]}},{"type":"Feature","properties":{"n":3,"s":15.7},"geometry":{"type":"LineString","coordinates":[[-73.97617,40.72775],[-73.97621,40.72769],[-73.97635,40.7275],[-73.97637,40.72747],[-73.97643,40.72739],[-73.97657,40.7272],[-73.9766,40.72715],[-73.97664,40.72709]]}},{"type":"Feature","properties":{"n":3,"s":15.7},"geometry":{"type":"LineString","coordinates":[[-73.97664,40.72709],[-73.97668,40.72704],[-73.97671,40.72699],[-73.97687,40.72676],[-73.97705,40.72652],[-73.97708,40.72646]]}},{"type":"Feature","properties":{"n":3,"s":15.7},"geometry":{"type":"LineString","coordinates":[[-73.97708,40.72646],[-73.97713,40.7264],[-73.9773,40.7262],[-73.97744,40.72601],[-73.97745,40.72598],[-73.97749,40.72594],[-73.97754,40.72588]]}},{"type":"Feature","properties":{"n":6,"s":14.2},"geometry":{"type":"LineString","coordinates":[[-73.99997,40.73469],[-73.99986,40.7347],[-73.99944,40.73476],[-73.99925,40.73479],[-73.99897,40.73483],[-73.99894,40.73484],[-73.99891,40.73484],[-73.99889,40.73484],[-73.99886,40.73484],[-73.99884,40.73483],[-73.9988,40.73482],[-73.99877,40.73481],[-73.99871,40.73479]]}},{"type":"Feature","properties":{"n":5,"s":13.6},"geometry":{"type":"LineString","coordinates":[[-73.99871,40.73479],[-73.99859,40.73474],[-73.99566,40.73351],[-73.99561,40.73348],[-73.99552,40.73345]]}},{"type":"Feature","properties":{"n":5,"s":13.6},"geometry":{"type":"LineString","coordinates":[[-73.99552,40.73345],[-73.99538,40.73339],[-73.99397,40.7328],[-73.9939,40.73277],[-73.99382,40.73273]]}},{"type":"Feature","properties":{"n":7,"s":21.1},"geometry":{"type":"LineString","coordinates":[[-73.96432,40.75639],[-73.96419,40.75634],[-73.96323,40.75593],[-73.96235,40.75557],[-73.9622,40.7555],[-73.96211,40.75546]]}},{"type":"Feature","properties":{"n":7,"s":21.1},"geometry":{"type":"LineString","coordinates":[[-73.96211,40.75546],[-73.96209,40.75547],[-73.96207,40.75549],[-73.96205,40.7555],[-73.96167,40.75601],[-73.96162,40.75607]]}},{"type":"Feature","properties":{"n":6,"s":22.3},"geometry":{"type":"LineString","coordinates":[[-73.96162,40.75607],[-73.96158,40.75612],[-73.96121,40.75663],[-73.96117,40.75669]]}},{"type":"Feature","properties":{"n":6,"s":22.3},"geometry":{"type":"LineString","coordinates":[[-73.96117,40.75669],[-73.96112,40.75675],[-73.96074,40.75728],[-73.96067,40.75737]]}},{"type":"Feature","properties":{"n":6,"s":22.3},"geometry":{"type":"LineString","coordinates":[[-73.96067,40.75737],[-73.96062,40.75745],[-73.96022,40.75799],[-73.96018,40.75804]]}},{"type":"Feature","properties":{"n":6,"s":22.3},"geometry":{"type":"LineString","coordinates":[[-73.96018,40.75804],[-73.96014,40.7581],[-73.95977,40.75861],[-73.95972,40.75867]]}},{"type":"Feature","properties":{"n":6,"s":22.3},"geometry":{"type":"LineString","coordinates":[[-73.95972,40.75867],[-73.95968,40.75873],[-73.95931,40.75924],[-73.95927,40.7593]]}},{"type":"Feature","properties":{"n":6,"s":22.3},"geometry":{"type":"LineString","coordinates":[[-73.95927,40.7593],[-73.95922,40.75936],[-73.95905,40.75959],[-73.95885,40.75986],[-73.95881,40.75991]]}},{"type":"Feature","properties":{"n":6,"s":22.3},"geometry":{"type":"LineString","coordinates":[[-73.95881,40.75991],[-73.95877,40.75998],[-73.9587,40.76006],[-73.9584,40.76048],[-73.95836,40.76054]]}},{"type":"Feature","properties":{"n":6,"s":22.3},"geometry":{"type":"LineString","coordinates":[[-73.95836,40.76054],[-73.95831,40.7606],[-73.9579,40.76118]]}},{"type":"Feature","properties":{"n":6,"s":22.3},"geometry":{"type":"LineString","coordinates":[[-73.9579,40.76118],[-73.95785,40.76126],[-73.95749,40.76174],[-73.95745,40.7618]]}},{"type":"Feature","properties":{"n":6,"s":22.3},"geometry":{"type":"LineString","coordinates":[[-73.95745,40.7618],[-73.95744,40.76181],[-73.95741,40.76186],[-73.95703,40.76237],[-73.95699,40.76242]]}},{"type":"Feature","properties":{"n":6,"s":22.3},"geometry":{"type":"LineString","coordinates":[[-73.95699,40.76242],[-73.95695,40.76248],[-73.95658,40.76299],[-73.95653,40.76305]]}},{"type":"Feature","properties":{"n":6,"s":22.3},"geometry":{"type":"LineString","coordinates":[[-73.95653,40.76305],[-73.95649,40.76312],[-73.95612,40.76362],[-73.95608,40.76367]]}},{"type":"Feature","properties":{"n":6,"s":22.3},"geometry":{"type":"LineString","coordinates":[[-73.95608,40.76367],[-73.95604,40.76373],[-73.95586,40.76397],[-73.95566,40.76424],[-73.95562,40.7643]]}},{"type":"Feature","properties":{"n":6,"s":24.3},"geometry":{"type":"LineString","coordinates":[[-73.95562,40.7643],[-73.95558,40.76436],[-73.9552,40.76487],[-73.95517,40.76492]]}},{"type":"Feature","properties":{"n":6,"s":24.3},"geometry":{"type":"LineString","coordinates":[[-73.95517,40.76492],[-73.95512,40.76499],[-73.95489,40.76529],[-73.95476,40.76548],[-73.95471,40.76554]]}},{"type":"Feature","properties":{"n":6,"s":24.3},"geometry":{"type":"LineString","coordinates":[[-73.95471,40.76554],[-73.95466,40.76561],[-73.95429,40.76612],[-73.95424,40.76618]]}},{"type":"Feature","properties":{"n":6,"s":24.3},"geometry":{"type":"LineString","coordinates":[[-73.95424,40.76618],[-73.9542,40.76624],[-73.95381,40.76677],[-73.95375,40.76686]]}},{"type":"Feature","properties":{"n":5,"s":25.0},"geometry":{"type":"LineString","coordinates":[[-73.95375,40.76686],[-73.95368,40.76696],[-73.95356,40.76712],[-73.95341,40.76732],[-73.95329,40.76748],[-73.95325,40.76754]]}},{"type":"Feature","properties":{"n":4,"s":20.9},"geometry":{"type":"LineString","coordinates":[[-74.00506,40.723],[-74.00504,40.72306],[-74.00493,40.72329],[-74.00485,40.7235],[-74.00483,40.72356],[-74.0048,40.72363]]}},{"type":"Feature","properties":{"n":4,"s":20.9},"geometry":{"type":"LineString","coordinates":[[-74.0048,40.72363],[-74.00476,40.72371],[-74.00475,40.72375],[-74.00461,40.7241],[-74.00458,40.72417]]}},{"type":"Feature","properties":{"n":3,"s":13.5},"geometry":{"type":"LineString","coordinates":[[-74.00274,40.73373],[-74.00283,40.73382],[-74.00296,40.73421],[-74.00297,40.73425]]}},{"type":"Feature","properties":{"n":4,"s":15.9},"geometry":{"type":"LineString","coordinates":[[-73.99227,40.72526],[-73.99217,40.72523]]}},{"type":"Feature","properties":{"n":9,"s":17.3},"geometry":{"type":"LineString","coordinates":[[-73.97494,40.74608],[-73.97499,40.74601],[-73.97514,40.74581],[-73.97526,40.74565],[-73.97535,40.74552],[-73.9754,40.74546]]}},{"type":"Feature","properties":{"n":9,"s":19.7},"geometry":{"type":"LineString","coordinates":[[-73.9754,40.74546],[-73.97545,40.74539],[-73.97561,40.74517],[-73.97582,40.74488],[-73.97589,40.74479]]}},{"type":"Feature","properties":{"n":13,"s":18.5},"geometry":{"type":"LineString","coordinates":[[-73.97589,40.74479],[-73.97596,40.74469],[-73.97607,40.74454],[-73.97621,40.74435],[-73.97633,40.74418],[-73.97638,40.74411]]}},{"type":"Feature","properties":{"n":12,"s":19.2},"geometry":{"type":"LineString","coordinates":[[-73.97638,40.74411],[-73.97643,40.74405],[-73.97651,40.74394],[-73.97678,40.74357],[-73.97682,40.7435]]}},{"type":"Feature","properties":{"n":13,"s":18.9},"geometry":{"type":"LineString","coordinates":[[-73.97682,40.7435],[-73.97686,40.74345],[-73.97724,40.74294],[-73.97728,40.74289]]}},{"type":"Feature","properties":{"n":14,"s":18.0},"geometry":{"type":"LineString","coordinates":[[-73.98184,40.73661],[-73.98189,40.73654],[-73.98209,40.73627],[-73.98219,40.73613],[-73.98223,40.73608],[-73.98227,40.73602]]}},{"type":"Feature","properties":{"n":14,"s":17.8},"geometry":{"type":"LineString","coordinates":[[-73.98227,40.73602],[-73.98231,40.73596],[-73.98252,40.73567],[-73.98262,40.73554],[-73.98266,40.73549],[-73.98269,40.73543]]}},{"type":"Feature","properties":{"n":13,"s":18.6},"geometry":{"type":"LineString","coordinates":[[-73.98269,40.73543],[-73.98274,40.73538],[-73.98295,40.73508],[-73.98305,40.73495],[-73.98308,40.7349],[-73.98312,40.73485]]}},{"type":"Feature","properties":{"n":13,"s":18.6},"geometry":{"type":"LineString","coordinates":[[-73.98312,40.73485],[-73.98316,40.73479],[-73.98332,40.73458],[-73.98339,40.73448],[-73.98347,40.73437],[-73.9835,40.73432],[-73.98355,40.73426]]}},{"type":"Feature","properties":{"n":13,"s":18.6},"geometry":{"type":"LineString","coordinates":[[-73.98355,40.73426],[-73.98359,40.73421],[-73.98381,40.7339],[-73.98392,40.73375],[-73.98397,40.73368],[-73.9842,40.73336],[-73.98436,40.73314],[-73.9844,40.7331],[-73.98444,40.73303]]}},{"type":"Feature","properties":{"n":13,"s":18.6},"geometry":{"type":"LineString","coordinates":[[-73.98444,40.73303],[-73.98448,40.73298],[-73.9846,40.73281],[-73.98483,40.7325],[-73.98488,40.73243],[-73.98494,40.73235]]}},{"type":"Feature","properties":{"n":12,"s":19.0},"geometry":{"type":"LineString","coordinates":[[-73.98494,40.73235],[-73.98501,40.73226],[-73.98528,40.73188],[-73.98532,40.73182],[-73.98537,40.73176],[-73.9854,40.73171],[-73.98544,40.73167]]}},{"type":"Feature","properties":{"n":13,"s":18.7},"geometry":{"type":"LineString","coordinates":[[-73.98544,40.73167],[-73.98548,40.7316],[-73.98573,40.73126],[-73.98584,40.73112],[-73.98587,40.73107],[-73.98591,40.73102]]}},{"type":"Feature","properties":{"n":15,"s":17.3},"geometry":{"type":"LineString","coordinates":[[-73.98591,40.73102],[-73.98595,40.73096],[-73.9863,40.73048],[-73.98634,40.73044],[-73.98637,40.73038]]}},{"type":"Feature","properties":{"n":14,"s":17.3},"geometry":{"type":"LineString","coordinates":[[-73.98637,40.73038],[-73.98642,40.73032],[-73.98674,40.72988],[-73.98677,40.72984],[-73.98681,40.72978]]}},{"type":"Feature","properties":{"n":14,"s":17.0},"geometry":{"type":"LineString","coordinates":[[-73.98681,40.72978],[-73.98685,40.72972],[-73.98716,40.7293],[-73.98719,40.72926],[-73.98723,40.7292]]}},{"type":"Feature","properties":{"n":13,"s":17.5},"geometry":{"type":"LineString","coordinates":[[-73.98723,40.7292],[-73.98728,40.72913],[-73.98756,40.72876],[-73.98763,40.72866],[-73.98767,40.7286]]}},{"type":"Feature","properties":{"n":3,"s":17.6},"geometry":{"type":"LineString","coordinates":[[-74.00144,40.72762],[-74.00137,40.72758],[-74.00074,40.72727],[-74.00067,40.72724]]}},{"type":"Feature","properties":{"n":4,"s":26.3},"geometry":{"type":"LineString","coordinates":[[-73.95325,40.76754],[-73.9532,40.7676],[-73.95309,40.76775],[-73.95294,40.76797],[-73.95283,40.76812],[-73.95279,40.76817]]}},{"type":"Feature","properties":{"n":4,"s":26.3},"geometry":{"type":"LineString","coordinates":[[-73.95279,40.76817],[-73.95275,40.76823],[-73.95237,40.76875],[-73.95233,40.76881]]}},{"type":"Feature","properties":{"n":4,"s":26.3},"geometry":{"type":"LineString","coordinates":[[-73.95233,40.76881],[-73.95229,40.76887],[-73.95191,40.76939],[-73.95187,40.76945]]}},{"type":"Feature","properties":{"n":4,"s":26.3},"geometry":{"type":"LineString","coordinates":[[-73.95187,40.76945],[-73.95183,40.7695],[-73.95145,40.77003],[-73.9514,40.77009]]}},{"type":"Feature","properties":{"n":4,"s":26.3},"geometry":{"type":"LineString","coordinates":[[-73.9514,40.77009],[-73.95137,40.77014],[-73.95134,40.77017],[-73.95098,40.77066],[-73.95094,40.77072]]}},{"type":"Feature","properties":{"n":4,"s":26.3},"geometry":{"type":"LineString","coordinates":[[-73.95094,40.77072],[-73.9509,40.77077],[-73.95075,40.77098],[-73.95051,40.7713],[-73.95044,40.7714]]}},{"type":"Feature","properties":{"n":4,"s":26.3},"geometry":{"type":"LineString","coordinates":[[-73.95044,40.7714],[-73.95037,40.77149],[-73.9501,40.77185],[-73.94998,40.77202],[-73.94994,40.77208]]}},{"type":"Feature","properties":{"n":4,"s":26.3},"geometry":{"type":"LineString","coordinates":[[-73.94994,40.77208],[-73.94989,40.77214],[-73.94951,40.77266],[-73.94947,40.77271]]}},{"type":"Feature","properties":{"n":4,"s":26.3},"geometry":{"type":"LineString","coordinates":[[-73.94947,40.77271],[-73.94943,40.77277],[-73.94905,40.77329],[-73.94901,40.77334]]}},{"type":"Feature","properties":{"n":3,"s":24.3},"geometry":{"type":"LineString","coordinates":[[-73.94901,40.77334],[-73.94897,40.7734],[-73.94858,40.77393],[-73.94855,40.77398]]}},{"type":"Feature","properties":{"n":3,"s":24.3},"geometry":{"type":"LineString","coordinates":[[-73.94855,40.77398],[-73.94851,40.77403],[-73.94812,40.77456],[-73.94808,40.77461]]}},{"type":"Feature","properties":{"n":3,"s":24.3},"geometry":{"type":"LineString","coordinates":[[-73.94808,40.77461],[-73.94804,40.77467],[-73.94766,40.77519],[-73.94762,40.77524]]}},{"type":"Feature","properties":{"n":21,"s":22.0},"geometry":{"type":"LineString","coordinates":[[-73.98296,40.74777],[-73.98289,40.74786],[-73.98255,40.74832],[-73.98251,40.74838],[-73.98248,40.74843]]}},{"type":"Feature","properties":{"n":22,"s":21.8},"geometry":{"type":"LineString","coordinates":[[-73.98248,40.74843],[-73.98243,40.74849],[-73.98207,40.74899],[-73.98202,40.74905]]}},{"type":"Feature","properties":{"n":22,"s":21.8},"geometry":{"type":"LineString","coordinates":[[-73.98202,40.74905],[-73.98198,40.74911],[-73.98161,40.74961],[-73.98157,40.74966]]}},{"type":"Feature","properties":{"n":21,"s":22.0},"geometry":{"type":"LineString","coordinates":[[-73.98157,40.74966],[-73.98152,40.74973],[-73.98119,40.75019],[-73.98116,40.75023],[-73.98112,40.75028]]}},{"type":"Feature","properties":{"n":20,"s":22.0},"geometry":{"type":"LineString","coordinates":[[-73.98112,40.75028],[-73.98108,40.75035],[-73.98071,40.75086],[-73.98068,40.75091]]}},{"type":"Feature","properties":{"n":19,"s":22.2},"geometry":{"type":"LineString","coordinates":[[-73.98068,40.75091],[-73.98064,40.75096],[-73.98032,40.7514],[-73.98027,40.75148],[-73.98022,40.75154]]}},{"type":"Feature","properties":{"n":21,"s":20.8},"geometry":{"type":"LineString","coordinates":[[-73.98022,40.75154],[-73.98019,40.75158],[-73.98008,40.75173],[-73.97986,40.75203],[-73.97982,40.75209],[-73.97978,40.75214]]}},{"type":"Feature","properties":{"n":21,"s":20.8},"geometry":{"type":"LineString","coordinates":[[-73.97978,40.75214],[-73.97973,40.75221],[-73.97936,40.75272],[-73.97929,40.75281]]}},{"type":"Feature","properties":{"n":19,"s":23.4},"geometry":{"type":"LineString","coordinates":[[-73.97605,40.75724],[-73.976,40.7573],[-73.97569,40.75772],[-73.97564,40.7578],[-73.97559,40.75786]]}},{"type":"Feature","properties":{"n":18,"s":23.9},"geometry":{"type":"LineString","coordinates":[[-73.97559,40.75786],[-73.97555,40.75792],[-73.97526,40.75832],[-73.97517,40.75844],[-73.97513,40.75849]]}},{"type":"Feature","properties":{"n":16,"s":24.8},"geometry":{"type":"LineString","coordinates":[[-73.97513,40.75849],[-73.97509,40.75854],[-73.97473,40.75905],[-73.97468,40.75911]]}},{"type":"Feature","properties":{"n":16,"s":24.8},"geometry":{"type":"LineString","coordinates":[[-73.97468,40.75911],[-73.97464,40.75918],[-73.97436,40.75955],[-73.9743,40.75964],[-73.97427,40.75968],[-73.97423,40.75973]]}},{"type":"Feature","properties":{"n":17,"s":23.9},"geometry":{"type":"LineString","coordinates":[[-73.97423,40.75973],[-73.97418,40.7598],[-73.97397,40.76009],[-73.97381,40.76031],[-73.97377,40.76037]]}},{"type":"Feature","properties":{"n":21,"s":23.0},"geometry":{"type":"LineString","coordinates":[[-73.97377,40.76037],[-73.97373,40.76042],[-73.97359,40.76061],[-73.97356,40.76065],[-73.97336,40.76093],[-73.97331,40.761]]}},{"type":"Feature","properties":{"n":18,"s":24.1},"geometry":{"type":"LineString","coordinates":[[-73.97331,40.761],[-73.97327,40.76106],[-73.97293,40.76151],[-73.9729,40.76156],[-73.97286,40.76162]]}},{"type":"Feature","properties":{"n":13,"s":26.7},"geometry":{"type":"LineString","coordinates":[[-73.97286,40.76162],[-73.97281,40.76168],[-73.97243,40.7622],[-73.97237,40.76229]]}},{"type":"Feature","properties":{"n":14,"s":25.9},"geometry":{"type":"LineString","coordinates":[[-73.97237,40.76229],[-73.97229,40.7624],[-73.97194,40.76286],[-73.97191,40.76291],[-73.97187,40.76297]]}},{"type":"Feature","properties":{"n":13,"s":26.7},"geometry":{"type":"LineString","coordinates":[[-73.97187,40.76297],[-73.97183,40.76303],[-73.97145,40.76354],[-73.97142,40.76359]]}},{"type":"Feature","properties":{"n":22,"s":25.2},"geometry":{"type":"LineString","coordinates":[[-73.97142,40.76359],[-73.97138,40.76365],[-73.97131,40.76375],[-73.97113,40.764],[-73.97106,40.76409],[-73.97101,40.76417],[-73.97095,40.76424]]}},{"type":"Feature","properties":{"n":24,"s":24.6},"geometry":{"type":"LineString","coordinates":[[-73.97095,40.76424],[-73.97092,40.76428],[-73.97054,40.76479],[-73.9705,40.76484]]}},{"type":"Feature","properties":{"n":25,"s":24.2},"geometry":{"type":"LineString","coordinates":[[-73.9705,40.76484],[-73.97045,40.76491],[-73.97008,40.76541],[-73.97008,40.76542],[-73.97004,40.76547]]}},{"type":"Feature","properties":{"n":24,"s":24.6},"geometry":{"type":"LineString","coordinates":[[-73.97004,40.76547],[-73.97,40.76553],[-73.96962,40.76604],[-73.96958,40.76609]]}},{"type":"Feature","properties":{"n":24,"s":24.6},"geometry":{"type":"LineString","coordinates":[[-73.96958,40.76609],[-73.96954,40.76615],[-73.96917,40.76666],[-73.96916,40.76667],[-73.96913,40.76672]]}},{"type":"Feature","properties":{"n":17,"s":25.8},"geometry":{"type":"LineString","coordinates":[[-73.96913,40.76672],[-73.96908,40.76678],[-73.96871,40.76729],[-73.96866,40.76736]]}},{"type":"Feature","properties":{"n":20,"s":24.0},"geometry":{"type":"LineString","coordinates":[[-73.96866,40.76736],[-73.96863,40.7674],[-73.96825,40.76792],[-73.96821,40.76797]]}},{"type":"Feature","properties":{"n":20,"s":24.0},"geometry":{"type":"LineString","coordinates":[[-73.96821,40.76797],[-73.96817,40.76804],[-73.9678,40.76855],[-73.96776,40.7686]]}},{"type":"Feature","properties":{"n":20,"s":24.0},"geometry":{"type":"LineString","coordinates":[[-73.96776,40.7686],[-73.96772,40.76865],[-73.96734,40.76918],[-73.9673,40.76923]]}},{"type":"Feature","properties":{"n":18,"s":25.4},"geometry":{"type":"LineString","coordinates":[[-73.9673,40.76923],[-73.96726,40.76929],[-73.96689,40.7698],[-73.96685,40.76985]]}},{"type":"Feature","properties":{"n":17,"s":25.5},"geometry":{"type":"LineString","coordinates":[[-73.96685,40.76985],[-73.96681,40.76991],[-73.96643,40.77043],[-73.96639,40.77048]]}},{"type":"Feature","properties":{"n":17,"s":25.5},"geometry":{"type":"LineString","coordinates":[[-73.96639,40.77048],[-73.96635,40.77053],[-73.96597,40.77104],[-73.96593,40.77111]]}},{"type":"Feature","properties":{"n":16,"s":26.1},"geometry":{"type":"LineString","coordinates":[[-73.96593,40.77111],[-73.96589,40.77115],[-73.9655,40.77169],[-73.96543,40.77178]]}},{"type":"Feature","properties":{"n":16,"s":26.1},"geometry":{"type":"LineString","coordinates":[[-73.96543,40.77178],[-73.96536,40.77188],[-73.96497,40.77241],[-73.96494,40.77246]]}},{"type":"Feature","properties":{"n":16,"s":26.1},"geometry":{"type":"LineString","coordinates":[[-73.96494,40.77246],[-73.96489,40.77253],[-73.96451,40.77305],[-73.96447,40.7731]]}},{"type":"Feature","properties":{"n":16,"s":26.1},"geometry":{"type":"LineString","coordinates":[[-73.96447,40.7731],[-73.96443,40.77316],[-73.96405,40.77368],[-73.96401,40.77374]]}},{"type":"Feature","properties":{"n":16,"s":26.1},"geometry":{"type":"LineString","coordinates":[[-73.96401,40.77374],[-73.96396,40.7738],[-73.9636,40.77432],[-73.96356,40.77438]]}},{"type":"Feature","properties":{"n":16,"s":26.1},"geometry":{"type":"LineString","coordinates":[[-73.96356,40.77438],[-73.96352,40.77444],[-73.96314,40.77495],[-73.96309,40.77502]]}},{"type":"Feature","properties":{"n":16,"s":26.1},"geometry":{"type":"LineString","coordinates":[[-73.96309,40.77502],[-73.96305,40.77507],[-73.96267,40.77559],[-73.96263,40.77564]]}},{"type":"Feature","properties":{"n":16,"s":26.1},"geometry":{"type":"LineString","coordinates":[[-73.96263,40.77564],[-73.96259,40.77571],[-73.9622,40.77624],[-73.96213,40.77633]]}},{"type":"Feature","properties":{"n":15,"s":26.5},"geometry":{"type":"LineString","coordinates":[[-73.96213,40.77633],[-73.96207,40.77643],[-73.96166,40.77695],[-73.96163,40.777]]}},{"type":"Feature","properties":{"n":15,"s":26.5},"geometry":{"type":"LineString","coordinates":[[-73.96163,40.777],[-73.96158,40.77707],[-73.9612,40.77759],[-73.96117,40.77764]]}},{"type":"Feature","properties":{"n":15,"s":26.5},"geometry":{"type":"LineString","coordinates":[[-73.96117,40.77764],[-73.96112,40.7777],[-73.96074,40.77822],[-73.9607,40.77827]]}},{"type":"Feature","properties":{"n":15,"s":26.5},"geometry":{"type":"LineString","coordinates":[[-73.9607,40.77827],[-73.96066,40.77833],[-73.96027,40.77886],[-73.96024,40.77891]]}},{"type":"Feature","properties":{"n":15,"s":26.5},"geometry":{"type":"LineString","coordinates":[[-73.96024,40.77891],[-73.96019,40.77897],[-73.95981,40.77949],[-73.95977,40.77954]]}},{"type":"Feature","properties":{"n":16,"s":25.8},"geometry":{"type":"LineString","coordinates":[[-73.95977,40.77954],[-73.95973,40.7796],[-73.95935,40.78012],[-73.95931,40.78017]]}},{"type":"Feature","properties":{"n":16,"s":25.8},"geometry":{"type":"LineString","coordinates":[[-73.95931,40.78017],[-73.95926,40.78024],[-73.95888,40.78076],[-73.9588,40.78086]]}},{"type":"Feature","properties":{"n":15,"s":27.7},"geometry":{"type":"LineString","coordinates":[[-73.9588,40.78086],[-73.95873,40.78096],[-73.95835,40.78147],[-73.95831,40.78153]]}},{"type":"Feature","properties":{"n":15,"s":27.7},"geometry":{"type":"LineString","coordinates":[[-73.95831,40.78153],[-73.95827,40.78159],[-73.9579,40.78211],[-73.95786,40.78217]]}},{"type":"Feature","properties":{"n":9,"s":29.0},"geometry":{"type":"LineString","coordinates":[[-73.94718,40.7968],[-73.94729,40.79685],[-73.94805,40.79717],[-73.94868,40.79743],[-73.9488,40.79748]]}},{"type":"Feature","properties":{"n":10,"s":28.0},"geometry":{"type":"LineString","coordinates":[[-73.9488,40.79748],[-73.94892,40.79753],[-73.9494,40.79773],[-73.95184,40.79878],[-73.95193,40.79881]]}},{"type":"Feature","properties":{"n":10,"s":28.0},"geometry":{"type":"LineString","coordinates":[[-73.95193,40.79881],[-73.95208,40.79888]]}},{"type":"Feature","properties":{"n":10,"s":28.0},"geometry":{"type":"LineString","coordinates":[[-73.95208,40.79888],[-73.95217,40.79891],[-73.95232,40.79898],[-73.95244,40.79903]]}},{"type":"Feature","properties":{"n":9,"s":29.0},"geometry":{"type":"LineString","coordinates":[[-73.95244,40.79903],[-73.95244,40.79909],[-73.95247,40.79978],[-73.95247,40.79986]]}},{"type":"Feature","properties":{"n":9,"s":29.0},"geometry":{"type":"LineString","coordinates":[[-73.95247,40.79986],[-73.95248,40.79993],[-73.95251,40.80061],[-73.95251,40.80069]]}},{"type":"Feature","properties":{"n":9,"s":29.0},"geometry":{"type":"LineString","coordinates":[[-73.95251,40.80069],[-73.95252,40.80077],[-73.95255,40.80146],[-73.95255,40.80153]]}},{"type":"Feature","properties":{"n":9,"s":29.0},"geometry":{"type":"LineString","coordinates":[[-73.95255,40.80153],[-73.95256,40.80162],[-73.95259,40.8023],[-73.95259,40.80237]]}},{"type":"Feature","properties":{"n":9,"s":29.0},"geometry":{"type":"LineString","coordinates":[[-73.95259,40.80237],[-73.95258,40.80244],[-73.95259,40.80272],[-73.9526,40.80275],[-73.95261,40.80277],[-73.95262,40.80279],[-73.95269,40.80286]]}},{"type":"Feature","properties":{"n":14,"s":26.8},"geometry":{"type":"LineString","coordinates":[[-73.95269,40.80286],[-73.95251,40.8031],[-73.95244,40.80318]]}},{"type":"Feature","properties":{"n":13,"s":27.8},"geometry":{"type":"LineString","coordinates":[[-73.95244,40.80318],[-73.95237,40.80329],[-73.95233,40.80335],[-73.9522,40.80351],[-73.95199,40.80381],[-73.95195,40.80387]]}},{"type":"Feature","properties":{"n":6,"s":32.8},"geometry":{"type":"LineString","coordinates":[[-73.95195,40.80387],[-73.95203,40.8039],[-73.95211,40.80393]]}},{"type":"Feature","properties":{"n":6,"s":32.8},"geometry":{"type":"LineString","coordinates":[[-73.95211,40.80393],[-73.95222,40.80398],[-73.95258,40.80413],[-73.95273,40.8042]]}},{"type":"Feature","properties":{"n":6,"s":32.8},"geometry":{"type":"LineString","coordinates":[[-73.95273,40.8042],[-73.95274,40.80428],[-73.95275,40.80453],[-73.95277,40.8049],[-73.95277,40.80496],[-73.95277,40.80503]]}},{"type":"Feature","properties":{"n":6,"s":32.8},"geometry":{"type":"LineString","coordinates":[[-73.95277,40.80503],[-73.95277,40.80512],[-73.95278,40.80533],[-73.95279,40.80556],[-73.95279,40.80579],[-73.9528,40.80588]]}},{"type":"Feature","properties":{"n":6,"s":32.8},"geometry":{"type":"LineString","coordinates":[[-73.9528,40.80588],[-73.9528,40.80595],[-73.95285,40.80664],[-73.95286,40.80671]]}},{"type":"Feature","properties":{"n":6,"s":32.8},"geometry":{"type":"LineString","coordinates":[[-73.95286,40.80671],[-73.95286,40.80679],[-73.95287,40.80701],[-73.95289,40.80724],[-73.95289,40.80738],[-73.9529,40.80744],[-73.9529,40.80755]]}},{"type":"Feature","properties":{"n":6,"s":32.8},"geometry":{"type":"LineString","coordinates":[[-73.9529,40.80755],[-73.95291,40.80762],[-73.95292,40.80777]]}},{"type":"Feature","properties":{"n":6,"s":32.3},"geometry":{"type":"LineString","coordinates":[[-73.95292,40.80777],[-73.95293,40.80795],[-73.95295,40.80832],[-73.95296,40.8084]]}},{"type":"Feature","properties":{"n":6,"s":32.3},"geometry":{"type":"LineString","coordinates":[[-73.95296,40.8084],[-73.95296,40.80848],[-73.95297,40.80868],[-73.95298,40.80881],[-73.95299,40.80895],[-73.953,40.80916],[-73.95301,40.80924]]}},{"type":"Feature","properties":{"n":6,"s":32.3},"geometry":{"type":"LineString","coordinates":[[-73.95301,40.80924],[-73.95301,40.80933],[-73.95304,40.80992],[-73.95304,40.81007]]}},{"type":"Feature","properties":{"n":5,"s":32.7},"geometry":{"type":"LineString","coordinates":[[-73.95304,40.81007],[-73.95304,40.81011],[-73.95304,40.81012],[-73.95304,40.81015],[-73.95303,40.81017],[-73.95302,40.81019],[-73.953,40.81021],[-73.95288,40.81038],[-73.95285,40.81041],[-73.95281,40.81047],[-73.95278,40.81051],[-73.95265,40.81068],[-73.95259,40.81077]]}},{"type":"Feature","properties":{"n":5,"s":32.7},"geometry":{"type":"LineString","coordinates":[[-73.95259,40.81077],[-73.95251,40.81087],[-73.95231,40.81115],[-73.95214,40.81139],[-73.9521,40.81144]]}},{"type":"Feature","properties":{"n":5,"s":32.7},"geometry":{"type":"LineString","coordinates":[[-73.9521,40.81144],[-73.95204,40.8115],[-73.9517,40.81182],[-73.95156,40.81196],[-73.9515,40.81202]]}},{"type":"Feature","properties":{"n":5,"s":32.7},"geometry":{"type":"LineString","coordinates":[[-73.9515,40.81202],[-73.95144,40.81208],[-73.95099,40.81252],[-73.95096,40.81254],[-73.95093,40.81258]]}},{"type":"Feature","properties":{"n":5,"s":32.7},"geometry":{"type":"LineString","coordinates":[[-73.95093,40.81258],[-73.95087,40.81264],[-73.95073,40.81278],[-73.95038,40.81312],[-73.95035,40.81316]]}},{"type":"Feature","properties":{"n":5,"s":32.7},"geometry":{"type":"LineString","coordinates":[[-73.95035,40.81316],[-73.9503,40.81322],[-73.9502,40.81335],[-73.94992,40.81372],[-73.94988,40.81377],[-73.94986,40.8138],[-73.94984,40.81383],[-73.94962,40.8141],[-73.94955,40.8142],[-73.94946,40.81433],[-73.9494,40.81442],[-73.94919,40.81474],[-73.94907,40.81494],[-73.94902,40.81502],[-73.94885,40.81532],[-73.94883,40.81537],[-73.94877,40.81551],[-73.94872,40.8156],[-73.9487,40.81565],[-73.94868,40.81569]]}},{"type":"Feature","properties":{"n":5,"s":32.7},"geometry":{"type":"LineString","coordinates":[[-73.94868,40.81569],[-73.94865,40.81576],[-73.94838,40.81633],[-73.94836,40.81637]]}},{"type":"Feature","properties":{"n":5,"s":32.7},"geometry":{"type":"LineString","coordinates":[[-73.94836,40.81637],[-73.94832,40.81644],[-73.94822,40.81666],[-73.94805,40.81702],[-73.94801,40.81712]]}},{"type":"Feature","properties":{"n":5,"s":32.7},"geometry":{"type":"LineString","coordinates":[[-73.94801,40.81712],[-73.94796,40.81722],[-73.94794,40.81727],[-73.94786,40.81743],[-73.94769,40.8178],[-73.94767,40.81785]]}},{"type":"Feature","properties":{"n":5,"s":32.7},"geometry":{"type":"LineString","coordinates":[[-73.94767,40.81785],[-73.94763,40.81792],[-73.94754,40.81813],[-73.94738,40.81847],[-73.94735,40.81854]]}},{"type":"Feature","properties":{"n":5,"s":32.7},"geometry":{"type":"LineString","coordinates":[[-73.94735,40.81854],[-73.94732,40.81859],[-73.94712,40.81903],[-73.94706,40.81915],[-73.94703,40.81922]]}},{"type":"Feature","properties":{"n":5,"s":32.7},"geometry":{"type":"LineString","coordinates":[[-73.94703,40.81922],[-73.947,40.81928],[-73.94692,40.81947],[-73.94674,40.81985],[-73.94671,40.8199]]}},{"type":"Feature","properties":{"n":5,"s":32.7},"geometry":{"type":"LineString","coordinates":[[-73.94671,40.8199],[-73.94668,40.81997],[-73.94643,40.82051],[-73.9464,40.82058]]}},{"type":"Feature","properties":{"n":5,"s":32.7},"geometry":{"type":"LineString","coordinates":[[-73.9464,40.82058],[-73.94637,40.82063],[-73.94628,40.82083],[-73.94624,40.82092],[-73.94621,40.82099],[-73.94619,40.82103],[-73.94612,40.82117],[-73.94611,40.82121],[-73.94608,40.82126]]}},{"type":"Feature","properties":{"n":5,"s":32.7},"geometry":{"type":"LineString","coordinates":[[-73.94608,40.82126],[-73.94605,40.82133],[-73.94595,40.82154],[-73.94515,40.82327],[-73.94494,40.82373],[-73.94492,40.82376],[-73.94486,40.8239],[-73.94483,40.82394],[-73.94481,40.82397],[-73.94476,40.82404]]}},{"type":"Feature","properties":{"n":5,"s":32.7},"geometry":{"type":"LineString","coordinates":[[-73.94476,40.82404],[-73.94469,40.82414],[-73.94455,40.82433],[-73.94452,40.82437],[-73.9443,40.82467],[-73.94427,40.82471]]}},{"type":"Feature","properties":{"n":5,"s":32.7},"geometry":{"type":"LineString","coordinates":[[-73.94427,40.82471],[-73.94423,40.82475],[-73.94401,40.82505],[-73.94386,40.82526],[-73.94381,40.82533]]}},{"type":"Feature","properties":{"n":5,"s":32.7},"geometry":{"type":"LineString","coordinates":[[-73.94381,40.82533],[-73.94377,40.82539],[-73.94361,40.82561],[-73.94355,40.82569],[-73.94355,40.8257],[-73.9434,40.8259],[-73.94336,40.82596]]}},{"type":"Feature","properties":{"n":5,"s":32.7},"geometry":{"type":"LineString","coordinates":[[-73.94336,40.82596],[-73.94334,40.82602],[-73.94316,40.8264],[-73.94308,40.82659],[-73.94306,40.82665]]}},{"type":"Feature","properties":{"n":5,"s":32.7},"geometry":{"type":"LineString","coordinates":[[-73.94306,40.82665],[-73.94303,40.82671],[-73.9428,40.82729],[-73.94278,40.82734]]}},{"type":"Feature","properties":{"n":5,"s":32.7},"geometry":{"type":"LineString","coordinates":[[-73.94278,40.82734],[-73.94276,40.82741],[-73.94274,40.82745],[-73.94259,40.82782],[-73.94254,40.82795],[-73.94253,40.82798],[-73.9425,40.82805]]}},{"type":"Feature","properties":{"n":5,"s":32.7},"geometry":{"type":"LineString","coordinates":[[-73.9425,40.82805],[-73.94248,40.82811],[-73.94226,40.82865],[-73.94222,40.82874]]}},{"type":"Feature","properties":{"n":4,"s":35.5},"geometry":{"type":"LineString","coordinates":[[-73.94222,40.82874],[-73.9422,40.82881],[-73.94211,40.82901],[-73.94204,40.82919],[-73.94201,40.82926],[-73.94197,40.82938],[-73.94194,40.82945]]}},{"type":"Feature","properties":{"n":4,"s":35.5},"geometry":{"type":"LineString","coordinates":[[-73.94194,40.82945],[-73.94193,40.82948],[-73.94192,40.8295],[-73.94185,40.82968],[-73.94169,40.83009],[-73.94167,40.83016]]}},{"type":"Feature","properties":{"n":4,"s":35.5},"geometry":{"type":"LineString","coordinates":[[-73.94167,40.83016],[-73.94165,40.8302],[-73.9415,40.83057],[-73.94141,40.83078],[-73.94137,40.83089]]}},{"type":"Feature","properties":{"n":4,"s":35.5},"geometry":{"type":"LineString","coordinates":[[-73.94137,40.83089],[-73.94133,40.831],[-73.94121,40.83135],[-73.94113,40.83161],[-73.94112,40.83162],[-73.94108,40.83176],[-73.94101,40.83196],[-73.94098,40.83208],[-73.9409,40.83231],[-73.94088,40.83237]]}},{"type":"Feature","properties":{"n":4,"s":35.5},"geometry":{"type":"LineString","coordinates":[[-73.94088,40.83237],[-73.94086,40.83245],[-73.94067,40.83304],[-73.94065,40.8331]]}},{"type":"Feature","properties":{"n":4,"s":35.5},"geometry":{"type":"LineString","coordinates":[[-73.94065,40.8331],[-73.94062,40.83317],[-73.94038,40.83373],[-73.94036,40.83379]]}},{"type":"Feature","properties":{"n":4,"s":35.5},"geometry":{"type":"LineString","coordinates":[[-73.94036,40.83379],[-73.94033,40.83386],[-73.94007,40.83443],[-73.94005,40.83449]]}},{"type":"Feature","properties":{"n":4,"s":35.5},"geometry":{"type":"LineString","coordinates":[[-73.94005,40.83449],[-73.94002,40.83456],[-73.93986,40.83492],[-73.93979,40.83508]]}},{"type":"Feature","properties":{"n":4,"s":35.5},"geometry":{"type":"LineString","coordinates":[[-73.93979,40.83508],[-73.93978,40.83511],[-73.93979,40.83513],[-73.9398,40.83516],[-73.93981,40.83517],[-73.93983,40.83519],[-73.93986,40.83521],[-73.93987,40.83521],[-73.94009,40.83531],[-73.9402,40.83536]]}},{"type":"Feature","properties":{"n":4,"s":35.5},"geometry":{"type":"LineString","coordinates":[[-73.93934,40.83658],[-73.93943,40.83667],[-73.93984,40.83684],[-73.93999,40.83691],[-73.94014,40.83697]]}},{"type":"Feature","properties":{"n":4,"s":35.5},"geometry":{"type":"LineString","coordinates":[[-73.94014,40.83697],[-73.94012,40.83704],[-73.94001,40.83765],[-73.93999,40.83771]]}},{"type":"Feature","properties":{"n":4,"s":35.5},"geometry":{"type":"LineString","coordinates":[[-73.93999,40.83771],[-73.93998,40.83779],[-73.93993,40.83805],[-73.9399,40.83819],[-73.93986,40.83842],[-73.93986,40.83844],[-73.93985,40.83851]]}},{"type":"Feature","properties":{"n":4,"s":35.5},"geometry":{"type":"LineString","coordinates":[[-73.93985,40.83851],[-73.93984,40.83866]]}},{"type":"Feature","properties":{"n":3,"s":34.7},"geometry":{"type":"LineString","coordinates":[[-73.93984,40.83866],[-73.93984,40.83878],[-73.93986,40.83892],[-73.93988,40.83904],[-73.93989,40.83922],[-73.9399,40.83934],[-73.93991,40.83944],[-73.9399,40.83949],[-73.93988,40.83957]]}},{"type":"Feature","properties":{"n":3,"s":34.7},"geometry":{"type":"LineString","coordinates":[[-73.93988,40.83957],[-73.93986,40.83966],[-73.93969,40.84021],[-73.93968,40.84026]]}},{"type":"Feature","properties":{"n":3,"s":34.7},"geometry":{"type":"LineString","coordinates":[[-73.93968,40.84026],[-73.93965,40.84034],[-73.9395,40.84087],[-73.93947,40.84096]]}},{"type":"Feature","properties":{"n":3,"s":34.7},"geometry":{"type":"LineString","coordinates":[[-73.93947,40.84096],[-73.93946,40.84104],[-73.93942,40.84119],[-73.93939,40.84131],[-73.93941,40.84137],[-73.93945,40.84143]]}},{"type":"Feature","properties":{"n":4,"s":39.7},"geometry":{"type":"LineString","coordinates":[[-73.93945,40.84143],[-73.93934,40.84161],[-73.9393,40.84167],[-73.9393,40.84168]]}},{"type":"Feature","properties":{"n":4,"s":39.7},"geometry":{"type":"LineString","coordinates":[[-73.9393,40.84168],[-73.93928,40.84174],[-73.93925,40.84183]]}},{"type":"Feature","properties":{"n":3,"s":40.3},"geometry":{"type":"LineString","coordinates":[[-73.93925,40.84183],[-73.93924,40.84186],[-73.93924,40.84205],[-73.93926,40.84208]]}},{"type":"Feature","properties":{"n":3,"s":40.3},"geometry":{"type":"LineString","coordinates":[[-73.93926,40.84208],[-73.93926,40.84209],[-73.93927,40.84216],[-73.93926,40.84234],[-73.93926,40.84238],[-73.93925,40.84245]]}},{"type":"Feature","properties":{"n":3,"s":40.3},"geometry":{"type":"LineString","coordinates":[[-73.93925,40.84245],[-73.93925,40.84252],[-73.93918,40.84315],[-73.93918,40.84322]]}},{"type":"Feature","properties":{"n":3,"s":40.3},"geometry":{"type":"LineString","coordinates":[[-73.93918,40.84322],[-73.93916,40.8433],[-73.9391,40.8436],[-73.93904,40.84388],[-73.93903,40.84394]]}},{"type":"Feature","properties":{"n":3,"s":40.3},"geometry":{"type":"LineString","coordinates":[[-73.93903,40.84394],[-73.93901,40.84402],[-73.93893,40.84435],[-73.93888,40.84462],[-73.93887,40.84469]]}},{"type":"Feature","properties":{"n":3,"s":40.3},"geometry":{"type":"LineString","coordinates":[[-73.93887,40.84469],[-73.93884,40.84477],[-73.93876,40.84511],[-73.93872,40.84525],[-73.93869,40.84537],[-73.93868,40.84543]]}},{"type":"Feature","properties":{"n":5,"s":19.2},"geometry":{"type":"LineString","coordinates":[[-73.99253,40.75348],[-73.99239,40.75342],[-73.99156,40.75307],[-73.98981,40.75234],[-73.98969,40.75229]]}},{"type":"Feature","properties":{"n":5,"s":19.2},"geometry":{"type":"LineString","coordinates":[[-73.98969,40.75229],[-73.98956,40.75224],[-73.98777,40.75148],[-73.98769,40.75144]]}},{"type":"Feature","properties":{"n":10,"s":16.0},"geometry":{"type":"LineString","coordinates":[[-73.98769,40.75144],[-73.98751,40.75137],[-73.98696,40.75114],[-73.98683,40.75108]]}},{"type":"Feature","properties":{"n":11,"s":17.4},"geometry":{"type":"LineString","coordinates":[[-73.98683,40.75108],[-73.98673,40.75104],[-73.98614,40.75079],[-73.98446,40.75008],[-73.98404,40.7499],[-73.98376,40.74979],[-73.98362,40.74973]]}},{"type":"Feature","properties":{"n":7,"s":20.3},"geometry":{"type":"LineString","coordinates":[[-73.98362,40.74973],[-73.9835,40.74968],[-73.98212,40.7491],[-73.98202,40.74905]]}},{"type":"Feature","properties":{"n":8,"s":20.4},"geometry":{"type":"LineString","coordinates":[[-73.98202,40.74905],[-73.98192,40.74901],[-73.98066,40.74848],[-73.98059,40.74845],[-73.9805,40.74841]]}},{"type":"Feature","properties":{"n":9,"s":20.8},"geometry":{"type":"LineString","coordinates":[[-73.9805,40.74841],[-73.98037,40.74836],[-73.98032,40.74834]]}},{"type":"Feature","properties":{"n":9,"s":20.8},"geometry":{"type":"LineString","coordinates":[[-73.98032,40.74834],[-73.98022,40.7483],[-73.98018,40.74828],[-73.97932,40.74791],[-73.97896,40.74776],[-73.97889,40.74773],[-73.9788,40.7477]]}},{"type":"Feature","properties":{"n":8,"s":20.4},"geometry":{"type":"LineString","coordinates":[[-73.9788,40.7477],[-73.97868,40.74765],[-73.97782,40.74728],[-73.97738,40.7471],[-73.97732,40.74707],[-73.97719,40.74701]]}},{"type":"Feature","properties":{"n":4,"s":17.0},"geometry":{"type":"LineString","coordinates":[[-73.97447,40.76229],[-73.97451,40.76224],[-73.97476,40.7619],[-73.97488,40.76173],[-73.97493,40.76168]]}},{"type":"Feature","properties":{"n":3,"s":16.8},"geometry":{"type":"LineString","coordinates":[[-73.97493,40.76168],[-73.97497,40.76162],[-73.9751,40.76144],[-73.97529,40.76118],[-73.97534,40.7611],[-73.97538,40.76105]]}},{"type":"Feature","properties":{"n":5,"s":16.9},"geometry":{"type":"LineString","coordinates":[[-73.97538,40.76105],[-73.97542,40.76099],[-73.97579,40.76047],[-73.97584,40.76041]]}},{"type":"Feature","properties":{"n":6,"s":16.8},"geometry":{"type":"LineString","coordinates":[[-73.97584,40.76041],[-73.97587,40.76037],[-73.97625,40.75986],[-73.97629,40.7598]]}},{"type":"Feature","properties":{"n":7,"s":16.6},"geometry":{"type":"LineString","coordinates":[[-73.97629,40.7598],[-73.97633,40.75974],[-73.9767,40.75923],[-73.97674,40.75918]]}},{"type":"Feature","properties":{"n":5,"s":17.6},"geometry":{"type":"LineString","coordinates":[[-73.97674,40.75918],[-73.97679,40.75911],[-73.97716,40.75861],[-73.97721,40.75854]]}},{"type":"Feature","properties":{"n":6,"s":17.2},"geometry":{"type":"LineString","coordinates":[[-73.97721,40.75854],[-73.97725,40.75849],[-73.97761,40.75798],[-73.97766,40.75791]]}},{"type":"Feature","properties":{"n":6,"s":17.2},"geometry":{"type":"LineString","coordinates":[[-73.97766,40.75791],[-73.97771,40.75785],[-73.97803,40.7574],[-73.97807,40.75734],[-73.97811,40.75728]]}},{"type":"Feature","properties":{"n":7,"s":17.1},"geometry":{"type":"LineString","coordinates":[[-73.97811,40.75728],[-73.97815,40.75723],[-73.97852,40.75671],[-73.97856,40.75666]]}},{"type":"Feature","properties":{"n":7,"s":17.1},"geometry":{"type":"LineString","coordinates":[[-73.97856,40.75666],[-73.9786,40.7566],[-73.97898,40.75609],[-73.97902,40.75604]]}},{"type":"Feature","properties":{"n":10,"s":17.0},"geometry":{"type":"LineString","coordinates":[[-73.97902,40.75604],[-73.97907,40.75597],[-73.97945,40.75547],[-73.97949,40.75541]]}},{"type":"Feature","properties":{"n":11,"s":16.1},"geometry":{"type":"LineString","coordinates":[[-73.97949,40.75541],[-73.97953,40.75535],[-73.97989,40.75485],[-73.97994,40.75478]]}},{"type":"Feature","properties":{"n":12,"s":18.3},"geometry":{"type":"LineString","coordinates":[[-73.97994,40.75478],[-73.97998,40.75473],[-73.98013,40.75453],[-73.98035,40.75422],[-73.98039,40.75417]]}},{"type":"Feature","properties":{"n":13,"s":17.7},"geometry":{"type":"LineString","coordinates":[[-73.98039,40.75417],[-73.98044,40.7541],[-73.98081,40.75358],[-73.98088,40.75348]]}},{"type":"Feature","properties":{"n":11,"s":17.8},"geometry":{"type":"LineString","coordinates":[[-73.98088,40.75348],[-73.98094,40.75339],[-73.98113,40.75314],[-73.98133,40.75289],[-73.98138,40.75282]]}},{"type":"Feature","properties":{"n":11,"s":18.0},"geometry":{"type":"LineString","coordinates":[[-73.98138,40.75282],[-73.98142,40.75276],[-73.98178,40.75227],[-73.98182,40.7522]]}},{"type":"Feature","properties":{"n":11,"s":18.0},"geometry":{"type":"LineString","coordinates":[[-73.98182,40.7522],[-73.98187,40.75214],[-73.98219,40.75169],[-73.98223,40.75165],[-73.98228,40.75158]]}},{"type":"Feature","properties":{"n":11,"s":18.0},"geometry":{"type":"LineString","coordinates":[[-73.98228,40.75158],[-73.98232,40.75153],[-73.98267,40.75103],[-73.98273,40.75096]]}},{"type":"Feature","properties":{"n":11,"s":18.0},"geometry":{"type":"LineString","coordinates":[[-73.98273,40.75096],[-73.98277,40.75089],[-73.98312,40.75041],[-73.98317,40.75034]]}},{"type":"Feature","properties":{"n":11,"s":18.0},"geometry":{"type":"LineString","coordinates":[[-73.98317,40.75034],[-73.98323,40.75027],[-73.98358,40.74979],[-73.98362,40.74973]]}},{"type":"Feature","properties":{"n":14,"s":16.9},"geometry":{"type":"LineString","coordinates":[[-73.98362,40.74973],[-73.98367,40.74966],[-73.98403,40.74916],[-73.98407,40.7491]]}},{"type":"Feature","properties":{"n":15,"s":17.0},"geometry":{"type":"LineString","coordinates":[[-73.98407,40.7491],[-73.98411,40.74905],[-73.98449,40.74853],[-73.98455,40.74845]]}},{"type":"Feature","properties":{"n":12,"s":16.5},"geometry":{"type":"LineString","coordinates":[[-73.98455,40.74845],[-73.98462,40.74835],[-73.98499,40.74783],[-73.98504,40.74777]]}},{"type":"Feature","properties":{"n":15,"s":16.0},"geometry":{"type":"LineString","coordinates":[[-73.98504,40.74777],[-73.98508,40.74771],[-73.98524,40.74749],[-73.98545,40.74721],[-73.98549,40.74715]]}},{"type":"Feature","properties":{"n":14,"s":16.5},"geometry":{"type":"LineString","coordinates":[[-73.98549,40.74715],[-73.98553,40.7471],[-73.9859,40.74659],[-73.98594,40.74653]]}},{"type":"Feature","properties":{"n":19,"s":15.7},"geometry":{"type":"LineString","coordinates":[[-73.98594,40.74653],[-73.98598,40.74648],[-73.98631,40.74604],[-73.98635,40.74597],[-73.98639,40.74592]]}},{"type":"Feature","properties":{"n":20,"s":15.5},"geometry":{"type":"LineString","coordinates":[[-73.98639,40.74592],[-73.98644,40.74586],[-73.98659,40.74566],[-73.9868,40.74536],[-73.98685,40.7453]]}},{"type":"Feature","properties":{"n":19,"s":15.9},"geometry":{"type":"LineString","coordinates":[[-73.98685,40.7453],[-73.98687,40.74526],[-73.98689,40.74524],[-73.98725,40.74474],[-73.9873,40.74468]]}},{"type":"Feature","properties":{"n":26,"s":15.2},"geometry":{"type":"LineString","coordinates":[[-73.9873,40.74468],[-73.98734,40.74463],[-73.98771,40.74412],[-73.98775,40.74407]]}},{"type":"Feature","properties":{"n":28,"s":15.5},"geometry":{"type":"LineString","coordinates":[[-73.98775,40.74407],[-73.98779,40.744],[-73.98795,40.74378],[-73.98811,40.74356],[-73.98815,40.74351],[-73.98819,40.74346]]}},{"type":"Feature","properties":{"n":26,"s":14.9},"geometry":{"type":"LineString","coordinates":[[-73.98819,40.74346],[-73.98824,40.74339],[-73.98832,40.74328]]}},{"type":"Feature","properties":{"n":17,"s":15.7},"geometry":{"type":"LineString","coordinates":[[-73.98832,40.74328],[-73.98839,40.74313],[-73.98842,40.74306],[-73.98844,40.74301],[-73.98853,40.74286],[-73.98858,40.7428]]}},{"type":"Feature","properties":{"n":17,"s":15.7},"geometry":{"type":"LineString","coordinates":[[-73.98858,40.7428],[-73.98862,40.74273],[-73.98892,40.74232],[-73.98893,40.7423],[-73.98894,40.74227],[-73.98895,40.74225],[-73.98895,40.74222],[-73.98895,40.7422],[-73.98895,40.74218],[-73.98895,40.74216],[-73.98894,40.74212],[-73.98894,40.74209],[-73.98894,40.74205],[-73.98894,40.74202],[-73.98897,40.7419],[-73.989,40.74178],[-73.98908,40.74149],[-73.98914,40.74136]]}},{"type":"Feature","properties":{"n":17,"s":15.6},"geometry":{"type":"LineString","coordinates":[[-73.98914,40.74136],[-73.98916,40.74129],[-73.98918,40.74125],[-73.98927,40.74095],[-73.98928,40.74094],[-73.98936,40.74085],[-73.98937,40.74084],[-73.98942,40.74068],[-73.98943,40.74066],[-73.98944,40.74062]]}},{"type":"Feature","properties":{"n":16,"s":15.8},"geometry":{"type":"LineString","coordinates":[[-73.98944,40.74062],[-73.98945,40.7406],[-73.98947,40.74056],[-73.98952,40.74038],[-73.98952,40.74034],[-73.98946,40.74024],[-73.98945,40.74023],[-73.98953,40.73998],[-73.98955,40.73992],[-73.98956,40.73989],[-73.98956,40.73987]]}},{"type":"Feature","properties":{"n":17,"s":17.3},"geometry":{"type":"LineString","coordinates":[[-73.98956,40.73987],[-73.98958,40.7398],[-73.98959,40.73977],[-73.98963,40.73964],[-73.98972,40.7393],[-73.98973,40.73924],[-73.98975,40.73917]]}},{"type":"Feature","properties":{"n":18,"s":16.9},"geometry":{"type":"LineString","coordinates":[[-73.98975,40.73917],[-73.98967,40.73913],[-73.98827,40.73855],[-73.98794,40.73841],[-73.98791,40.73839],[-73.98787,40.73838],[-73.98778,40.73834]]}},{"type":"Feature","properties":{"n":20,"s":13.3},"geometry":{"type":"LineString","coordinates":[[-73.99146,40.73174],[-73.99136,40.7317],[-73.99109,40.73159],[-73.99075,40.73144],[-73.99059,40.73138],[-73.99054,40.73135],[-73.99039,40.73129]]}},{"type":"Feature","properties":{"n":20,"s":13.3},"geometry":{"type":"LineString","coordinates":[[-73.99039,40.73129],[-73.99025,40.73123],[-73.98926,40.73081],[-73.98918,40.73078],[-73.98906,40.73073]]}},{"type":"Feature","properties":{"n":4,"s":15.5},"geometry":{"type":"LineString","coordinates":[[-73.9792,40.77179],[-73.97905,40.77174],[-73.979,40.77173],[-73.97895,40.77172],[-73.97888,40.77171],[-73.97881,40.7717],[-73.97875,40.7717],[-73.97868,40.77171],[-73.97861,40.77171],[-73.97855,40.77172],[-73.97848,40.77173],[-73.97826,40.77179],[-73.9782,40.7718],[-73.97813,40.77181],[-73.97807,40.77181],[-73.97801,40.7718],[-73.97796,40.77179],[-73.97789,40.77178],[-73.97781,40.77176],[-73.97766,40.77171]]}},{"type":"Feature","properties":{"n":4,"s":15.5},"geometry":{"type":"LineString","coordinates":[[-73.97766,40.77171],[-73.97762,40.77168],[-73.97717,40.77139],[-73.97699,40.77127],[-73.97681,40.77117],[-73.97613,40.77079],[-73.97595,40.77068],[-73.97578,40.77058],[-73.97561,40.77048],[-73.97474,40.7699],[-73.97437,40.76965],[-73.97427,40.7696],[-73.97417,40.76954],[-73.97409,40.76949],[-73.974,40.76944],[-73.97383,40.76935],[-73.97368,40.76928],[-73.97356,40.76924],[-73.97344,40.76919],[-73.97336,40.76916],[-73.97326,40.76913],[-73.97315,40.76909],[-73.97271,40.76897],[-73.97236,40.76888]]}},{"type":"Feature","properties":{"n":4,"s":15.5},"geometry":{"type":"LineString","coordinates":[[-73.97236,40.76888],[-73.97218,40.76881],[-73.9719,40.76874],[-73.97179,40.76871],[-73.97166,40.76867],[-73.97155,40.76863],[-73.97146,40.76859],[-73.97136,40.76855],[-73.97123,40.76849],[-73.9711,40.76842],[-73.97099,40.76836],[-73.97088,40.7683],[-73.97078,40.76825],[-73.97067,40.7682],[-73.97056,40.76815],[-73.97038,40.76807],[-73.97028,40.76803]]}},{"type":"Feature","properties":{"n":4,"s":15.5},"geometry":{"type":"LineString","coordinates":[[-73.97028,40.76803],[-73.97017,40.76798],[-73.96971,40.7678],[-73.96877,40.7674],[-73.96866,40.76736]]}},{"type":"Feature","properties":{"n":3,"s":17.6},"geometry":{"type":"LineString","coordinates":[[-73.9588,40.78086],[-73.9587,40.78082],[-73.95863,40.78079],[-73.9574,40.78027],[-73.9573,40.78022]]}},{"type":"Feature","properties":{"n":3,"s":17.6},"geometry":{"type":"LineString","coordinates":[[-73.9573,40.78022],[-73.95712,40.78015]]}},{"type":"Feature","properties":{"n":7,"s":21.3},"geometry":{"type":"LineString","coordinates":[[-73.95712,40.78015],[-73.95704,40.78025],[-73.95667,40.78077],[-73.95662,40.78082]]}},{"type":"Feature","properties":{"n":7,"s":21.3},"geometry":{"type":"LineString","coordinates":[[-73.95662,40.78082],[-73.95658,40.78088],[-73.95621,40.7814],[-73.95617,40.78145]]}},{"type":"Feature","properties":{"n":7,"s":21.3},"geometry":{"type":"LineString","coordinates":[[-73.95617,40.78145],[-73.95613,40.78151],[-73.9561,40.78154],[-73.95575,40.78202],[-73.95571,40.78208]]}},{"type":"Feature","properties":{"n":7,"s":21.3},"geometry":{"type":"LineString","coordinates":[[-73.95571,40.78208],[-73.95567,40.78214],[-73.95529,40.78265],[-73.95525,40.7827]]}},{"type":"Feature","properties":{"n":7,"s":21.3},"geometry":{"type":"LineString","coordinates":[[-73.95525,40.7827],[-73.95521,40.78276],[-73.95484,40.78328],[-73.95479,40.78334]]}},{"type":"Feature","properties":{"n":7,"s":21.3},"geometry":{"type":"LineString","coordinates":[[-73.95479,40.78334],[-73.95475,40.78339],[-73.95435,40.7839],[-73.95432,40.78395]]}},{"type":"Feature","properties":{"n":6,"s":22.3},"geometry":{"type":"LineString","coordinates":[[-73.95432,40.78395],[-73.95428,40.78401],[-73.95392,40.78453],[-73.95388,40.78459]]}},{"type":"Feature","properties":{"n":6,"s":22.3},"geometry":{"type":"LineString","coordinates":[[-73.95388,40.78459],[-73.95384,40.78465],[-73.95346,40.78516],[-73.95342,40.78521]]}},{"type":"Feature","properties":{"n":4,"s":24.8},"geometry":{"type":"LineString","coordinates":[[-73.95342,40.78521],[-73.95338,40.78527],[-73.953,40.78579],[-73.95296,40.78585]]}},{"type":"Feature","properties":{"n":4,"s":24.8},"geometry":{"type":"LineString","coordinates":[[-73.95296,40.78585],[-73.95292,40.7859],[-73.95252,40.78641],[-73.95244,40.78651]]}},{"type":"Feature","properties":{"n":4,"s":23.0},"geometry":{"type":"LineString","coordinates":[[-73.95244,40.78651],[-73.95237,40.78661],[-73.95219,40.78684],[-73.95197,40.78712],[-73.95193,40.78717]]}},{"type":"Feature","properties":{"n":4,"s":23.0},"geometry":{"type":"LineString","coordinates":[[-73.95193,40.78717],[-73.95189,40.78723],[-73.95147,40.7878]]}},{"type":"Feature","properties":{"n":4,"s":23.0},"geometry":{"type":"LineString","coordinates":[[-73.95147,40.7878],[-73.95101,40.78844]]}},{"type":"Feature","properties":{"n":4,"s":23.0},"geometry":{"type":"LineString","coordinates":[[-73.95101,40.78844],[-73.95055,40.78905]]}},{"type":"Feature","properties":{"n":4,"s":23.0},"geometry":{"type":"LineString","coordinates":[[-73.95055,40.78905],[-73.95025,40.78947],[-73.95009,40.78968]]}},{"type":"Feature","properties":{"n":4,"s":23.0},"geometry":{"type":"LineString","coordinates":[[-73.95009,40.78968],[-73.94968,40.79026],[-73.94964,40.79031]]}},{"type":"Feature","properties":{"n":3,"s":23.8},"geometry":{"type":"LineString","coordinates":[[-73.94964,40.79031],[-73.94959,40.79037],[-73.94922,40.79088],[-73.94918,40.79094]]}},{"type":"Feature","properties":{"n":3,"s":23.8},"geometry":{"type":"LineString","coordinates":[[-73.94918,40.79094],[-73.94913,40.791],[-73.94876,40.79151],[-73.94872,40.79157]]}},{"type":"Feature","properties":{"n":18,"s":21.7},"geometry":{"type":"LineString","coordinates":[[-73.98176,40.76768],[-73.98168,40.7677],[-73.98163,40.7677],[-73.98143,40.76775],[-73.9814,40.76776],[-73.98138,40.76776],[-73.98136,40.76777],[-73.98133,40.76776],[-73.98127,40.76775],[-73.98123,40.76773],[-73.98119,40.76772],[-73.98078,40.7676]]}},{"type":"Feature","properties":{"n":19,"s":21.4},"geometry":{"type":"LineString","coordinates":[[-73.98078,40.7676],[-73.97967,40.76713],[-73.9796,40.7671],[-73.97919,40.76692],[-73.97908,40.76688]]}},{"type":"Feature","properties":{"n":19,"s":21.4},"geometry":{"type":"LineString","coordinates":[[-73.97908,40.76688],[-73.97895,40.76682],[-73.97764,40.76627],[-73.9771,40.76604],[-73.97679,40.76591],[-73.97672,40.76588],[-73.97642,40.76575],[-73.97637,40.76573],[-73.97624,40.76568]]}},{"type":"Feature","properties":{"n":19,"s":21.4},"geometry":{"type":"LineString","coordinates":[[-73.97624,40.76568],[-73.97612,40.76563],[-73.97383,40.76466],[-73.97376,40.76463],[-73.9737,40.7646],[-73.97366,40.76457]]}},{"type":"Feature","properties":{"n":19,"s":21.4},"geometry":{"type":"LineString","coordinates":[[-73.97366,40.76457],[-73.97359,40.76453],[-73.97355,40.7645],[-73.9735,40.76448],[-73.97314,40.76432],[-73.97303,40.76428]]}},{"type":"Feature","properties":{"n":19,"s":21.4},"geometry":{"type":"LineString","coordinates":[[-73.97303,40.76428],[-73.9729,40.76422],[-73.97212,40.76389],[-73.97153,40.76364],[-73.97142,40.76359]]}},{"type":"Feature","properties":{"n":7,"s":21.7},"geometry":{"type":"LineString","coordinates":[[-73.96913,40.76672],[-73.96903,40.76668],[-73.96902,40.76667],[-73.96778,40.76615],[-73.96772,40.76613],[-73.96761,40.76609]]}},{"type":"Feature","properties":{"n":7,"s":21.7},"geometry":{"type":"LineString","coordinates":[[-73.96761,40.76609],[-73.96743,40.76601]]}},{"type":"Feature","properties":{"n":9,"s":21.2},"geometry":{"type":"LineString","coordinates":[[-73.96743,40.76601],[-73.96739,40.76607],[-73.96705,40.76654],[-73.96702,40.76658],[-73.96697,40.76664]]}},{"type":"Feature","properties":{"n":9,"s":21.2},"geometry":{"type":"LineString","coordinates":[[-73.96697,40.76664],[-73.96693,40.76669],[-73.96659,40.76717],[-73.96656,40.76721],[-73.96652,40.76726]]}},{"type":"Feature","properties":{"n":9,"s":21.2},"geometry":{"type":"LineString","coordinates":[[-73.96652,40.76726],[-73.96648,40.76732],[-73.96614,40.76779],[-73.96611,40.76783],[-73.96607,40.76789]]}},{"type":"Feature","properties":{"n":9,"s":21.2},"geometry":{"type":"LineString","coordinates":[[-73.96607,40.76789],[-73.96603,40.76794],[-73.96565,40.76846],[-73.96561,40.76851]]}},{"type":"Feature","properties":{"n":11,"s":19.5},"geometry":{"type":"LineString","coordinates":[[-73.96561,40.76851],[-73.96557,40.76857],[-73.9652,40.76908],[-73.96516,40.76914]]}},{"type":"Feature","properties":{"n":11,"s":19.5},"geometry":{"type":"LineString","coordinates":[[-73.96516,40.76914],[-73.96511,40.76919],[-73.96474,40.76971],[-73.9647,40.76976]]}},{"type":"Feature","properties":{"n":9,"s":21.2},"geometry":{"type":"LineString","coordinates":[[-73.9647,40.76976],[-73.96465,40.76982],[-73.96425,40.77032],[-73.96421,40.77039]]}},{"type":"Feature","properties":{"n":10,"s":22.8},"geometry":{"type":"LineString","coordinates":[[-73.96421,40.77039],[-73.96417,40.77043],[-73.96379,40.77097],[-73.96372,40.77106]]}},{"type":"Feature","properties":{"n":7,"s":24.7},"geometry":{"type":"LineString","coordinates":[[-73.96372,40.77106],[-73.96365,40.77116],[-73.96328,40.77171],[-73.96324,40.77176]]}},{"type":"Feature","properties":{"n":7,"s":24.7},"geometry":{"type":"LineString","coordinates":[[-73.96324,40.77176],[-73.9632,40.77181],[-73.96282,40.77233],[-73.96278,40.77239]]}},{"type":"Feature","properties":{"n":7,"s":24.7},"geometry":{"type":"LineString","coordinates":[[-73.96278,40.77239],[-73.96274,40.77245],[-73.96236,40.77297],[-73.96232,40.77302]]}},{"type":"Feature","properties":{"n":7,"s":24.7},"geometry":{"type":"LineString","coordinates":[[-73.96232,40.77302],[-73.96227,40.77308],[-73.9619,40.7736],[-73.96185,40.77366]]}},{"type":"Feature","properties":{"n":7,"s":24.7},"geometry":{"type":"LineString","coordinates":[[-73.96185,40.77366],[-73.96181,40.77372],[-73.96143,40.77424],[-73.96139,40.7743]]}},{"type":"Feature","properties":{"n":7,"s":24.7},"geometry":{"type":"LineString","coordinates":[[-73.96139,40.7743],[-73.96134,40.77436],[-73.96097,40.77488],[-73.96093,40.77492]]}},{"type":"Feature","properties":{"n":7,"s":24.7},"geometry":{"type":"LineString","coordinates":[[-73.96093,40.77492],[-73.96089,40.77499],[-73.9605,40.77552],[-73.96043,40.77561]]}},{"type":"Feature","properties":{"n":6,"s":25.2},"geometry":{"type":"LineString","coordinates":[[-73.96043,40.77561],[-73.96036,40.77571],[-73.95997,40.77624],[-73.95993,40.77629]]}},{"type":"Feature","properties":{"n":6,"s":25.2},"geometry":{"type":"LineString","coordinates":[[-73.95993,40.77629],[-73.95989,40.77635],[-73.95951,40.77688],[-73.95947,40.77693]]}},{"type":"Feature","properties":{"n":6,"s":25.2},"geometry":{"type":"LineString","coordinates":[[-73.95947,40.77693],[-73.95942,40.77699],[-73.95905,40.77751],[-73.95901,40.77756]]}},{"type":"Feature","properties":{"n":6,"s":25.2},"geometry":{"type":"LineString","coordinates":[[-73.95901,40.77756],[-73.95896,40.77762],[-73.95858,40.77814],[-73.95854,40.7782]]}},{"type":"Feature","properties":{"n":7,"s":24.3},"geometry":{"type":"LineString","coordinates":[[-73.95854,40.7782],[-73.9585,40.77826],[-73.95812,40.77878],[-73.95808,40.77883]]}},{"type":"Feature","properties":{"n":7,"s":24.3},"geometry":{"type":"LineString","coordinates":[[-73.95808,40.77883],[-73.95804,40.77889],[-73.95766,40.77941],[-73.95762,40.77946]]}},{"type":"Feature","properties":{"n":6,"s":25.2},"geometry":{"type":"LineString","coordinates":[[-73.95762,40.77946],[-73.95757,40.77952],[-73.95718,40.78005],[-73.95712,40.78015]]}},{"type":"Feature","properties":{"n":19,"s":14.4},"geometry":{"type":"LineString","coordinates":[[-74.00455,40.74213],[-74.00459,40.74203],[-74.00467,40.74189],[-74.00479,40.74169],[-74.00482,40.74164]]}},{"type":"Feature","properties":{"n":19,"s":14.4},"geometry":{"type":"LineString","coordinates":[[-74.00482,40.74164],[-74.00487,40.74158],[-74.0049,40.74153],[-74.00504,40.74132],[-74.00506,40.74122],[-74.00511,40.74095],[-74.00514,40.74085]]}},{"type":"Feature","properties":{"n":3,"s":18.6},"geometry":{"type":"LineString","coordinates":[[-73.9514,40.77009],[-73.95145,40.77003],[-73.95183,40.7695],[-73.95187,40.76945]]}},{"type":"Feature","properties":{"n":6,"s":18.9},"geometry":{"type":"LineString","coordinates":[[-73.95187,40.76945],[-73.95191,40.76939],[-73.95229,40.76887],[-73.95233,40.76881]]}},{"type":"Feature","properties":{"n":5,"s":17.9},"geometry":{"type":"LineString","coordinates":[[-73.95233,40.76881],[-73.95237,40.76875],[-73.95275,40.76823],[-73.95279,40.76817]]}},{"type":"Feature","properties":{"n":5,"s":17.9},"geometry":{"type":"LineString","coordinates":[[-73.95279,40.76817],[-73.95283,40.76812],[-73.95294,40.76797],[-73.95309,40.76775],[-73.9532,40.7676],[-73.95325,40.76754]]}},{"type":"Feature","properties":{"n":5,"s":17.9},"geometry":{"type":"LineString","coordinates":[[-73.95325,40.76754],[-73.95329,40.76748],[-73.95341,40.76732],[-73.95356,40.76712],[-73.95368,40.76696],[-73.95375,40.76686]]}},{"type":"Feature","properties":{"n":5,"s":17.9},"geometry":{"type":"LineString","coordinates":[[-73.95375,40.76686],[-73.95381,40.76677],[-73.9542,40.76624],[-73.95424,40.76618]]}},{"type":"Feature","properties":{"n":5,"s":17.9},"geometry":{"type":"LineString","coordinates":[[-73.95424,40.76618],[-73.95429,40.76612],[-73.95466,40.76561],[-73.95471,40.76554]]}},{"type":"Feature","properties":{"n":5,"s":16.8},"geometry":{"type":"LineString","coordinates":[[-73.95471,40.76554],[-73.95476,40.76548],[-73.95489,40.76529],[-73.95512,40.76499],[-73.95517,40.76492]]}},{"type":"Feature","properties":{"n":5,"s":16.8},"geometry":{"type":"LineString","coordinates":[[-73.95517,40.76492],[-73.9552,40.76487],[-73.95558,40.76436],[-73.95562,40.7643]]}},{"type":"Feature","properties":{"n":5,"s":16.8},"geometry":{"type":"LineString","coordinates":[[-73.95562,40.7643],[-73.95566,40.76424],[-73.95586,40.76397],[-73.95604,40.76373],[-73.95608,40.76367]]}},{"type":"Feature","properties":{"n":5,"s":16.8},"geometry":{"type":"LineString","coordinates":[[-73.95608,40.76367],[-73.95612,40.76362],[-73.95649,40.76312],[-73.95653,40.76305]]}},{"type":"Feature","properties":{"n":5,"s":16.8},"geometry":{"type":"LineString","coordinates":[[-73.95653,40.76305],[-73.95658,40.76299],[-73.95695,40.76248],[-73.95699,40.76242]]}},{"type":"Feature","properties":{"n":5,"s":16.8},"geometry":{"type":"LineString","coordinates":[[-73.95699,40.76242],[-73.95703,40.76237],[-73.95741,40.76186],[-73.95744,40.76181],[-73.95745,40.7618]]}},{"type":"Feature","properties":{"n":5,"s":16.8},"geometry":{"type":"LineString","coordinates":[[-73.95745,40.7618],[-73.95749,40.76174],[-73.95785,40.76126],[-73.9579,40.76118]]}},{"type":"Feature","properties":{"n":3,"s":17.4},"geometry":{"type":"LineString","coordinates":[[-73.97099,40.75838],[-73.97111,40.75843],[-73.97173,40.75868],[-73.97216,40.75887],[-73.97233,40.75894],[-73.97239,40.75897],[-73.97253,40.75903]]}},{"type":"Feature","properties":{"n":3,"s":17.4},"geometry":{"type":"LineString","coordinates":[[-73.97253,40.75903],[-73.9727,40.7591]]}},{"type":"Feature","properties":{"n":3,"s":14.5},"geometry":{"type":"LineString","coordinates":[[-73.97674,40.75918],[-73.97686,40.75923],[-73.97785,40.75964],[-73.978,40.75971],[-73.97808,40.75974],[-73.97947,40.76033],[-73.97983,40.76047],[-73.97997,40.76052]]}},{"type":"Feature","properties":{"n":3,"s":13.7},"geometry":{"type":"LineString","coordinates":[[-73.97997,40.76052],[-73.98011,40.76058],[-73.98077,40.76086],[-73.98136,40.76111],[-73.98158,40.7612],[-73.98166,40.76124],[-73.98231,40.76152],[-73.98268,40.76167],[-73.98281,40.76172]]}},{"type":"Feature","properties":{"n":3,"s":17.8},"geometry":{"type":"LineString","coordinates":[[-73.98164,40.72449],[-73.98159,40.72456],[-73.98125,40.72502],[-73.98121,40.72507]]}},{"type":"Feature","properties":{"n":3,"s":25.1},"geometry":{"type":"LineString","coordinates":[[-73.98121,40.72507],[-73.98129,40.72511],[-73.98236,40.72556],[-73.98343,40.72601],[-73.98353,40.72605]]}},{"type":"Feature","properties":{"n":10,"s":21.4},"geometry":{"type":"LineString","coordinates":[[-73.98353,40.72605],[-73.98348,40.72612],[-73.98313,40.72661],[-73.98309,40.72667]]}},{"type":"Feature","properties":{"n":10,"s":21.4},"geometry":{"type":"LineString","coordinates":[[-73.98309,40.72667],[-73.98305,40.72673],[-73.98274,40.72716],[-73.98272,40.72718],[-73.9827,40.72721],[-73.98265,40.72727]]}},{"type":"Feature","properties":{"n":8,"s":21.3},"geometry":{"type":"LineString","coordinates":[[-73.98265,40.72727],[-73.98261,40.72733],[-73.98259,40.72736],[-73.9823,40.72776],[-73.98227,40.7278],[-73.98224,40.72785]]}},{"type":"Feature","properties":{"n":9,"s":20.5},"geometry":{"type":"LineString","coordinates":[[-73.98224,40.72785],[-73.98219,40.72791],[-73.98217,40.72794],[-73.98215,40.72797],[-73.98206,40.72808],[-73.98182,40.7284],[-73.98179,40.72845]]}},{"type":"Feature","properties":{"n":8,"s":22.0},"geometry":{"type":"LineString","coordinates":[[-73.98179,40.72845],[-73.98175,40.7285],[-73.98158,40.72873],[-73.98136,40.72904],[-73.98132,40.72909]]}},{"type":"Feature","properties":{"n":8,"s":22.0},"geometry":{"type":"LineString","coordinates":[[-73.98132,40.72909],[-73.98129,40.72914],[-73.9809,40.72967],[-73.98086,40.72973]]}},{"type":"Feature","properties":{"n":10,"s":21.9},"geometry":{"type":"LineString","coordinates":[[-73.98086,40.72973],[-73.98081,40.72979],[-73.98041,40.73033],[-73.98036,40.73041]]}},{"type":"Feature","properties":{"n":8,"s":13.3},"geometry":{"type":"LineString","coordinates":[[-73.98911,40.74222],[-73.98915,40.74216],[-73.9893,40.74196],[-73.98933,40.74191],[-73.98952,40.74165],[-73.9896,40.74155]]}},{"type":"Feature","properties":{"n":3,"s":12.7},"geometry":{"type":"LineString","coordinates":[[-73.9896,40.74155],[-73.98948,40.7415],[-73.98921,40.74139],[-73.98914,40.74136]]}},{"type":"Feature","properties":{"n":10,"s":13.8},"geometry":{"type":"LineString","coordinates":[[-73.98878,40.7229],[-73.98859,40.72285]]}},{"type":"Feature","properties":{"n":7,"s":9.3},"geometry":{"type":"LineString","coordinates":[[-73.98859,40.72285],[-73.98847,40.72281],[-73.9882,40.72273],[-73.98807,40.72269],[-73.98801,40.72267],[-73.98792,40.72264]]}},{"type":"Feature","properties":{"n":7,"s":9.3},"geometry":{"type":"LineString","coordinates":[[-73.98792,40.72264],[-73.98784,40.72262],[-73.98736,40.72247],[-73.98725,40.72244],[-73.98716,40.72241]]}},{"type":"Feature","properties":{"n":4,"s":26.8},"geometry":{"type":"LineString","coordinates":[[-74.00478,40.70841],[-74.005,40.70868],[-74.00509,40.70877],[-74.00515,40.70885],[-74.00519,40.70889],[-74.00525,40.70894],[-74.00531,40.70899],[-74.00539,40.70904],[-74.00549,40.7091]]}},{"type":"Feature","properties":{"n":4,"s":26.8},"geometry":{"type":"LineString","coordinates":[[-74.00549,40.7091],[-74.00539,40.70917],[-74.00512,40.70942]]}},{"type":"Feature","properties":{"n":4,"s":26.8},"geometry":{"type":"LineString","coordinates":[[-74.00512,40.70942],[-74.00505,40.70948],[-74.00486,40.70963],[-74.00482,40.70966]]}},{"type":"Feature","properties":{"n":5,"s":24.7},"geometry":{"type":"LineString","coordinates":[[-74.00482,40.70966],[-74.00491,40.70974],[-74.00543,40.71023],[-74.00555,40.71035],[-74.00559,40.71039],[-74.00562,40.71041]]}},{"type":"Feature","properties":{"n":5,"s":24.7},"geometry":{"type":"LineString","coordinates":[[-74.00562,40.71041],[-74.00565,40.71044],[-74.00599,40.71076],[-74.00606,40.71083],[-74.00608,40.71085],[-74.00645,40.7112],[-74.00648,40.71123]]}},{"type":"Feature","properties":{"n":5,"s":24.7},"geometry":{"type":"LineString","coordinates":[[-74.00648,40.71123],[-74.00652,40.71127],[-74.00677,40.71151],[-74.0069,40.71164],[-74.00697,40.7117]]}},{"type":"Feature","properties":{"n":4,"s":26.8},"geometry":{"type":"LineString","coordinates":[[-74.00697,40.7117],[-74.00707,40.71179]]}},{"type":"Feature","properties":{"n":7,"s":23.5},"geometry":{"type":"LineString","coordinates":[[-74.00707,40.71179],[-74.00719,40.71176],[-74.00749,40.71168],[-74.00755,40.71167],[-74.00761,40.71167],[-74.00767,40.71167],[-74.00771,40.71168],[-74.00777,40.7117],[-74.00784,40.71173]]}},{"type":"Feature","properties":{"n":7,"s":23.5},"geometry":{"type":"LineString","coordinates":[[-74.00784,40.71173],[-74.0079,40.71177],[-74.00799,40.71184],[-74.00805,40.7119],[-74.0081,40.71195],[-74.00813,40.71199]]}},{"type":"Feature","properties":{"n":5,"s":27.0},"geometry":{"type":"LineString","coordinates":[[-74.00813,40.71199],[-74.00815,40.712],[-74.00818,40.71203],[-74.0082,40.71204],[-74.00823,40.71206],[-74.00888,40.71236],[-74.0092,40.71251],[-74.00956,40.71268],[-74.00963,40.71271]]}},{"type":"Feature","properties":{"n":4,"s":32.3},"geometry":{"type":"LineString","coordinates":[[-74.00753,40.71543],[-74.00763,40.71548],[-74.00766,40.71549],[-74.00874,40.71598],[-74.00884,40.71603]]}},{"type":"Feature","properties":{"n":3,"s":38.1},"geometry":{"type":"LineString","coordinates":[[-74.00884,40.71603],[-74.00892,40.71607],[-74.00913,40.71616],[-74.00919,40.71619]]}},{"type":"Feature","properties":{"n":3,"s":38.1},"geometry":{"type":"LineString","coordinates":[[-74.00919,40.71619],[-74.00918,40.71627],[-74.00912,40.71685],[-74.00911,40.71693]]}},{"type":"Feature","properties":{"n":3,"s":38.1},"geometry":{"type":"LineString","coordinates":[[-74.00911,40.71693],[-74.0091,40.717],[-74.00907,40.71722],[-74.00906,40.71728]]}},{"type":"Feature","properties":{"n":3,"s":38.1},"geometry":{"type":"LineString","coordinates":[[-74.00906,40.71728],[-74.00905,40.71734],[-74.009,40.7176]]}},{"type":"Feature","properties":{"n":3,"s":38.1},"geometry":{"type":"LineString","coordinates":[[-74.009,40.7176],[-74.00895,40.71787],[-74.00894,40.71793]]}},{"type":"Feature","properties":{"n":3,"s":38.1},"geometry":{"type":"LineString","coordinates":[[-74.00894,40.71793],[-74.00893,40.71801],[-74.00888,40.71827]]}},{"type":"Feature","properties":{"n":3,"s":38.1},"geometry":{"type":"LineString","coordinates":[[-74.00888,40.71827],[-74.00886,40.71839],[-74.00882,40.71864]]}},{"type":"Feature","properties":{"n":3,"s":38.1},"geometry":{"type":"LineString","coordinates":[[-74.00882,40.71864],[-74.00875,40.71903]]}},{"type":"Feature","properties":{"n":3,"s":38.1},"geometry":{"type":"LineString","coordinates":[[-74.00875,40.71903],[-74.00871,40.71924],[-74.0087,40.7193]]}},{"type":"Feature","properties":{"n":3,"s":38.1},"geometry":{"type":"LineString","coordinates":[[-74.0087,40.7193],[-74.00869,40.71937],[-74.00859,40.7199],[-74.00858,40.71997]]}},{"type":"Feature","properties":{"n":4,"s":30.4},"geometry":{"type":"LineString","coordinates":[[-74.00858,40.71997],[-74.00857,40.72002],[-74.00848,40.72055],[-74.00847,40.72061]]}},{"type":"Feature","properties":{"n":4,"s":30.4},"geometry":{"type":"LineString","coordinates":[[-74.00847,40.72061],[-74.00845,40.72074],[-74.00842,40.72089],[-74.00835,40.72127],[-74.00834,40.72133]]}},{"type":"Feature","properties":{"n":3,"s":38.1},"geometry":{"type":"LineString","coordinates":[[-74.00834,40.72133],[-74.00829,40.72141],[-74.00821,40.72188],[-74.0082,40.72198]]}},{"type":"Feature","properties":{"n":3,"s":38.1},"geometry":{"type":"LineString","coordinates":[[-74.0082,40.72198],[-74.00819,40.72204],[-74.00818,40.7221],[-74.00808,40.72256],[-74.00807,40.72264]]}},{"type":"Feature","properties":{"n":3,"s":38.1},"geometry":{"type":"LineString","coordinates":[[-74.00807,40.72264],[-74.00805,40.72271],[-74.00804,40.72277],[-74.008,40.72306],[-74.00798,40.72316],[-74.00797,40.72328]]}},{"type":"Feature","properties":{"n":3,"s":38.1},"geometry":{"type":"LineString","coordinates":[[-74.00797,40.72328],[-74.00796,40.72338],[-74.00795,40.72357],[-74.00795,40.72366]]}},{"type":"Feature","properties":{"n":3,"s":38.1},"geometry":{"type":"LineString","coordinates":[[-74.00795,40.72366],[-74.00793,40.72376]]}},{"type":"Feature","properties":{"n":3,"s":38.1},"geometry":{"type":"LineString","coordinates":[[-74.00793,40.72376],[-74.00791,40.72385],[-74.00788,40.72396],[-74.00786,40.72403],[-74.00784,40.72412],[-74.00776,40.72458],[-74.00766,40.72513],[-74.00765,40.72519]]}},{"type":"Feature","properties":{"n":3,"s":38.1},"geometry":{"type":"LineString","coordinates":[[-74.00765,40.72519],[-74.00765,40.72525],[-74.00757,40.72578],[-74.00755,40.72585]]}},{"type":"Feature","properties":{"n":5,"s":29.0},"geometry":{"type":"LineString","coordinates":[[-74.00695,40.72949],[-74.00694,40.72956],[-74.00687,40.73003],[-74.00685,40.73017],[-74.00684,40.73022]]}},{"type":"Feature","properties":{"n":4,"s":33.5},"geometry":{"type":"LineString","coordinates":[[-74.00684,40.73022],[-74.00683,40.73029],[-74.00673,40.73088],[-74.00672,40.73094]]}},{"type":"Feature","properties":{"n":4,"s":33.5},"geometry":{"type":"LineString","coordinates":[[-74.00672,40.73094],[-74.00671,40.73102],[-74.00666,40.73133],[-74.00661,40.73161],[-74.0066,40.73167]]}},{"type":"Feature","properties":{"n":5,"s":30.4},"geometry":{"type":"LineString","coordinates":[[-74.0066,40.73167],[-74.00659,40.73174],[-74.0065,40.73238],[-74.00649,40.73242]]}},{"type":"Feature","properties":{"n":5,"s":30.4},"geometry":{"type":"LineString","coordinates":[[-74.00649,40.73242],[-74.00648,40.73249],[-74.00641,40.73287],[-74.00639,40.73302],[-74.00638,40.73307]]}},{"type":"Feature","properties":{"n":3,"s":38.1},"geometry":{"type":"LineString","coordinates":[[-74.00593,40.73586],[-74.00592,40.73592],[-74.00587,40.73625],[-74.00583,40.73646],[-74.00582,40.73653]]}},{"type":"Feature","properties":{"n":5,"s":29.0},"geometry":{"type":"LineString","coordinates":[[-74.00582,40.73653],[-74.00579,40.7366],[-74.00577,40.73664],[-74.00575,40.73668],[-74.0057,40.73672],[-74.00565,40.73677],[-74.00558,40.73684],[-74.00553,40.73688]]}},{"type":"Feature","properties":{"n":4,"s":34.8},"geometry":{"type":"LineString","coordinates":[[-74.00553,40.73688],[-74.00547,40.73693],[-74.00527,40.73711],[-74.00485,40.73749],[-74.00478,40.73755]]}},{"type":"Feature","properties":{"n":6,"s":27.2},"geometry":{"type":"LineString","coordinates":[[-74.00478,40.73755],[-74.0047,40.73762],[-74.0045,40.7378],[-74.00419,40.73808],[-74.00414,40.73813]]}},{"type":"Feature","properties":{"n":7,"s":26.1},"geometry":{"type":"LineString","coordinates":[[-74.00414,40.73813],[-74.00408,40.73819],[-74.00403,40.73823]]}},{"type":"Feature","properties":{"n":17,"s":14.7},"geometry":{"type":"LineString","coordinates":[[-74.00443,40.74229],[-74.00447,40.74224],[-74.0045,40.7422],[-74.00455,40.74213]]}},{"type":"Feature","properties":{"n":14,"s":15.8},"geometry":{"type":"LineString","coordinates":[[-74.00514,40.74085],[-74.00516,40.74076],[-74.00523,40.74052],[-74.00525,40.74042],[-74.00529,40.7401],[-74.0053,40.74003]]}},{"type":"Feature","properties":{"n":19,"s":14.2},"geometry":{"type":"LineString","coordinates":[[-74.0053,40.74003],[-74.00532,40.73996],[-74.00539,40.73949],[-74.00541,40.73941]]}},{"type":"Feature","properties":{"n":19,"s":14.2},"geometry":{"type":"LineString","coordinates":[[-74.00541,40.73941],[-74.00542,40.73934],[-74.00547,40.73905],[-74.0055,40.73881],[-74.00551,40.73876]]}},{"type":"Feature","properties":{"n":18,"s":14.5},"geometry":{"type":"LineString","coordinates":[[-74.00551,40.73876],[-74.00552,40.73871],[-74.0056,40.7382],[-74.00561,40.73814]]}},{"type":"Feature","properties":{"n":18,"s":14.5},"geometry":{"type":"LineString","coordinates":[[-74.00561,40.73814],[-74.00562,40.73809],[-74.00566,40.73785],[-74.00569,40.73768],[-74.0057,40.73761],[-74.00571,40.73755]]}},{"type":"Feature","properties":{"n":4,"s":35.1},"geometry":{"type":"LineString","coordinates":[[-73.88967,40.73891],[-73.88884,40.73876],[-73.88823,40.73864]]}},{"type":"Feature","properties":{"n":4,"s":35.1},"geometry":{"type":"LineString","coordinates":[[-73.88823,40.73864],[-73.88732,40.73846]]}},{"type":"Feature","properties":{"n":4,"s":35.1},"geometry":{"type":"LineString","coordinates":[[-73.88732,40.73846],[-73.88724,40.73844],[-73.8864,40.73828]]}},{"type":"Feature","properties":{"n":4,"s":35.1},"geometry":{"type":"LineString","coordinates":[[-73.8864,40.73828],[-73.88614,40.73823],[-73.88591,40.73819],[-73.8856,40.73813],[-73.88549,40.73811]]}},{"type":"Feature","properties":{"n":4,"s":35.1},"geometry":{"type":"LineString","coordinates":[[-73.88549,40.73811],[-73.88539,40.73809],[-73.8849,40.738],[-73.88411,40.73785],[-73.88315,40.73767],[-73.88287,40.73762]]}},{"type":"Feature","properties":{"n":4,"s":35.1},"geometry":{"type":"LineString","coordinates":[[-73.88287,40.73762],[-73.88253,40.73755],[-73.88235,40.73752],[-73.88225,40.7375]]}},{"type":"Feature","properties":{"n":4,"s":35.1},"geometry":{"type":"LineString","coordinates":[[-73.88225,40.7375],[-73.88158,40.73737]]}},{"type":"Feature","properties":{"n":4,"s":35.1},"geometry":{"type":"LineString","coordinates":[[-73.88158,40.73737],[-73.88123,40.73731],[-73.8811,40.73728]]}},{"type":"Feature","properties":{"n":4,"s":35.1},"geometry":{"type":"LineString","coordinates":[[-73.8811,40.73728],[-73.88036,40.73714]]}},{"type":"Feature","properties":{"n":4,"s":35.1},"geometry":{"type":"LineString","coordinates":[[-73.88036,40.73714],[-73.88004,40.73708],[-73.87951,40.73698],[-73.87943,40.73697]]}},{"type":"Feature","properties":{"n":4,"s":35.1},"geometry":{"type":"LineString","coordinates":[[-73.87943,40.73697],[-73.87936,40.73695],[-73.87849,40.73679],[-73.87839,40.73677],[-73.87828,40.73674],[-73.87817,40.73671],[-73.87808,40.73668],[-73.878,40.73666],[-73.87794,40.73663],[-73.87783,40.73659]]}},{"type":"Feature","properties":{"n":4,"s":35.1},"geometry":{"type":"LineString","coordinates":[[-73.87783,40.73659],[-73.87772,40.73654],[-73.87756,40.73646],[-73.87744,40.73638],[-73.87694,40.73603]]}},{"type":"Feature","properties":{"n":4,"s":35.1},"geometry":{"type":"LineString","coordinates":[[-73.87694,40.73603],[-73.87628,40.73555],[-73.8762,40.7355]]}},{"type":"Feature","properties":{"n":4,"s":35.1},"geometry":{"type":"LineString","coordinates":[[-73.8762,40.7355],[-73.87611,40.73543],[-73.8759,40.73529],[-73.87575,40.73518]]}},{"type":"Feature","properties":{"n":4,"s":35.1},"geometry":{"type":"LineString","coordinates":[[-73.87575,40.73518],[-73.87556,40.73508],[-73.87542,40.735],[-73.87533,40.73499],[-73.87511,40.73494]]}},{"type":"Feature","properties":{"n":4,"s":35.1},"geometry":{"type":"LineString","coordinates":[[-73.87511,40.73494],[-73.87478,40.73477],[-73.87468,40.73473]]}},{"type":"Feature","properties":{"n":4,"s":35.1},"geometry":{"type":"LineString","coordinates":[[-73.87468,40.73473],[-73.87456,40.73468],[-73.87436,40.73461],[-73.87432,40.73459],[-73.87404,40.73449],[-73.87373,40.7344],[-73.87359,40.73437]]}},{"type":"Feature","properties":{"n":4,"s":35.1},"geometry":{"type":"LineString","coordinates":[[-73.87359,40.73437],[-73.87339,40.73431],[-73.87313,40.73423]]}},{"type":"Feature","properties":{"n":4,"s":35.1},"geometry":{"type":"LineString","coordinates":[[-73.87313,40.73423],[-73.87243,40.73394],[-73.87209,40.73377]]}},{"type":"Feature","properties":{"n":4,"s":35.1},"geometry":{"type":"LineString","coordinates":[[-73.87209,40.73377],[-73.87144,40.73357],[-73.87101,40.73345],[-73.87088,40.73341],[-73.87073,40.73338],[-73.87057,40.73332]]}},{"type":"Feature","properties":{"n":4,"s":35.1},"geometry":{"type":"LineString","coordinates":[[-73.87057,40.73332],[-73.87037,40.73326]]}},{"type":"Feature","properties":{"n":3,"s":35.4},"geometry":{"type":"LineString","coordinates":[[-73.87037,40.73326],[-73.87024,40.73322],[-73.87004,40.73316]]}},{"type":"Feature","properties":{"n":3,"s":35.4},"geometry":{"type":"LineString","coordinates":[[-73.87004,40.73316],[-73.86978,40.7331],[-73.86952,40.73302],[-73.86925,40.73293],[-73.86905,40.73285],[-73.86884,40.73277],[-73.86858,40.73266],[-73.86826,40.73251]]}},{"type":"Feature","properties":{"n":3,"s":35.4},"geometry":{"type":"LineString","coordinates":[[-73.86826,40.73251],[-73.86819,40.73247],[-73.86798,40.73237],[-73.86793,40.73234],[-73.86772,40.73223],[-73.86753,40.73212],[-73.86733,40.73201],[-73.86715,40.7319]]}},{"type":"Feature","properties":{"n":3,"s":35.4},"geometry":{"type":"LineString","coordinates":[[-73.86715,40.7319],[-73.86706,40.73183],[-73.86677,40.73166]]}},{"type":"Feature","properties":{"n":3,"s":35.4},"geometry":{"type":"LineString","coordinates":[[-73.86677,40.73166],[-73.86616,40.73131],[-73.86582,40.73116],[-73.86486,40.73084],[-73.86478,40.73081],[-73.86468,40.73077]]}},{"type":"Feature","properties":{"n":3,"s":35.4},"geometry":{"type":"LineString","coordinates":[[-73.86468,40.73077],[-73.86458,40.73073],[-73.86424,40.73061],[-73.86349,40.73034]]}},{"type":"Feature","properties":{"n":3,"s":35.4},"geometry":{"type":"LineString","coordinates":[[-73.86349,40.73034],[-73.86263,40.73002],[-73.86255,40.72999],[-73.86243,40.72994]]}},{"type":"Feature","properties":{"n":3,"s":35.4},"geometry":{"type":"LineString","coordinates":[[-73.86243,40.72994],[-73.86231,40.7299],[-73.86201,40.72979],[-73.86196,40.72977]]}},{"type":"Feature","properties":{"n":3,"s":35.4},"geometry":{"type":"LineString","coordinates":[[-73.86196,40.72977],[-73.8617,40.72967],[-73.86052,40.72923],[-73.86046,40.72921],[-73.86037,40.72918]]}},{"type":"Feature","properties":{"n":3,"s":35.4},"geometry":{"type":"LineString","coordinates":[[-73.86037,40.72918],[-73.85895,40.72866],[-73.85835,40.72845],[-73.85829,40.72843],[-73.8582,40.7284]]}},{"type":"Feature","properties":{"n":3,"s":35.4},"geometry":{"type":"LineString","coordinates":[[-73.8582,40.7284],[-73.85811,40.72836],[-73.85793,40.7283],[-73.85781,40.72826]]}},{"type":"Feature","properties":{"n":3,"s":35.4},"geometry":{"type":"LineString","coordinates":[[-73.85781,40.72826],[-73.85709,40.728],[-73.85685,40.72791],[-73.85675,40.72787],[-73.85648,40.72777],[-73.85616,40.72765],[-73.85606,40.72761]]}},{"type":"Feature","properties":{"n":3,"s":35.4},"geometry":{"type":"LineString","coordinates":[[-73.85606,40.72761],[-73.85592,40.72756],[-73.85579,40.72752],[-73.85533,40.72736]]}},{"type":"Feature","properties":{"n":3,"s":35.4},"geometry":{"type":"LineString","coordinates":[[-73.85533,40.72736],[-73.85404,40.72689],[-73.85398,40.72687],[-73.8539,40.72684]]}},{"type":"Feature","properties":{"n":3,"s":35.4},"geometry":{"type":"LineString","coordinates":[[-73.8539,40.72684],[-73.85376,40.72678],[-73.8536,40.72673],[-73.853,40.72651],[-73.85293,40.72648],[-73.85281,40.72644]]}},{"type":"Feature","properties":{"n":3,"s":35.4},"geometry":{"type":"LineString","coordinates":[[-73.85281,40.72644],[-73.85271,40.72639],[-73.85232,40.72622]]}},{"type":"Feature","properties":{"n":3,"s":35.4},"geometry":{"type":"LineString","coordinates":[[-73.85232,40.72622],[-73.8518,40.72591]]}},{"type":"Feature","properties":{"n":3,"s":35.4},"geometry":{"type":"LineString","coordinates":[[-73.8518,40.72591],[-73.85145,40.72568],[-73.85128,40.72556],[-73.85107,40.72537],[-73.85104,40.72534],[-73.85082,40.72514],[-73.85067,40.72498],[-73.85015,40.72441],[-73.85011,40.72437],[-73.85008,40.72434],[-73.85005,40.72431]]}},{"type":"Feature","properties":{"n":3,"s":35.4},"geometry":{"type":"LineString","coordinates":[[-73.85005,40.72431],[-73.84973,40.72404],[-73.84959,40.72393]]}},{"type":"Feature","properties":{"n":3,"s":35.4},"geometry":{"type":"LineString","coordinates":[[-73.84959,40.72393],[-73.8495,40.72386],[-73.84947,40.72384],[-73.84938,40.72378],[-73.84933,40.72374],[-73.84922,40.72367],[-73.84888,40.72345],[-73.8483,40.72315]]}},{"type":"Feature","properties":{"n":10,"s":20.0},"geometry":{"type":"LineString","coordinates":[[-73.97142,40.76359],[-73.97132,40.76354],[-73.9711,40.76344],[-73.97007,40.76302],[-73.97001,40.76299],[-73.9699,40.76295]]}},{"type":"Feature","properties":{"n":10,"s":20.0},"geometry":{"type":"LineString","coordinates":[[-73.9699,40.76295],[-73.96972,40.76287]]}},{"type":"Feature","properties":{"n":10,"s":20.0},"geometry":{"type":"LineString","coordinates":[[-73.96972,40.76287],[-73.96961,40.76282],[-73.96943,40.76275],[-73.96829,40.76227],[-73.96819,40.76223]]}},{"type":"Feature","properties":{"n":11,"s":19.6},"geometry":{"type":"LineString","coordinates":[[-73.96819,40.76223],[-73.96807,40.76218],[-73.96791,40.76212],[-73.96732,40.76187],[-73.96671,40.76161],[-73.96659,40.76156]]}},{"type":"Feature","properties":{"n":5,"s":21.0},"geometry":{"type":"LineString","coordinates":[[-73.93442,40.74603],[-73.93425,40.74607],[-73.93411,40.7461],[-73.9337,40.74618],[-73.93327,40.74628]]}},{"type":"Feature","properties":{"n":5,"s":21.0},"geometry":{"type":"LineString","coordinates":[[-73.93327,40.74628],[-73.93228,40.74649]]}},{"type":"Feature","properties":{"n":5,"s":21.0},"geometry":{"type":"LineString","coordinates":[[-73.93228,40.74649],[-73.93208,40.74649],[-73.93201,40.74648],[-73.93185,40.74647],[-73.93172,40.74646],[-73.93143,40.74644],[-73.93138,40.74643],[-73.93133,40.74643]]}},{"type":"Feature","properties":{"n":5,"s":21.0},"geometry":{"type":"LineString","coordinates":[[-73.93133,40.74643],[-73.93126,40.74642],[-73.93082,40.74637],[-73.93049,40.74633],[-73.93041,40.74632]]}},{"type":"Feature","properties":{"n":5,"s":21.0},"geometry":{"type":"LineString","coordinates":[[-73.93041,40.74632],[-73.93033,40.74631],[-73.92956,40.74622],[-73.92949,40.74622]]}},{"type":"Feature","properties":{"n":5,"s":21.0},"geometry":{"type":"LineString","coordinates":[[-73.92949,40.74622],[-73.9294,40.74621],[-73.92863,40.74612],[-73.92855,40.74611]]}},{"type":"Feature","properties":{"n":5,"s":21.0},"geometry":{"type":"LineString","coordinates":[[-73.92855,40.74611],[-73.92847,40.7461],[-73.9277,40.74601],[-73.92762,40.746]]}},{"type":"Feature","properties":{"n":5,"s":21.0},"geometry":{"type":"LineString","coordinates":[[-73.92762,40.746],[-73.92754,40.74599],[-73.92678,40.7459],[-73.9267,40.74589]]}},{"type":"Feature","properties":{"n":5,"s":21.0},"geometry":{"type":"LineString","coordinates":[[-73.9267,40.74589],[-73.92661,40.74588],[-73.92658,40.74587],[-73.92619,40.74582],[-73.92591,40.7458],[-73.92581,40.74578]]}},{"type":"Feature","properties":{"n":5,"s":21.0},"geometry":{"type":"LineString","coordinates":[[-73.92581,40.74578],[-73.92569,40.74577],[-73.92492,40.74568],[-73.92484,40.74567]]}},{"type":"Feature","properties":{"n":5,"s":21.0},"geometry":{"type":"LineString","coordinates":[[-73.92484,40.74567],[-73.92476,40.74566],[-73.92429,40.74561],[-73.92399,40.74557],[-73.92392,40.74557]]}},{"type":"Feature","properties":{"n":5,"s":21.0},"geometry":{"type":"LineString","coordinates":[[-73.92392,40.74557],[-73.92383,40.74556],[-73.92346,40.74551],[-73.92307,40.74547],[-73.92299,40.74546]]}},{"type":"Feature","properties":{"n":5,"s":21.0},"geometry":{"type":"LineString","coordinates":[[-73.92299,40.74546],[-73.92291,40.74545],[-73.92245,40.7454],[-73.92214,40.74536],[-73.92207,40.74535]]}},{"type":"Feature","properties":{"n":5,"s":21.0},"geometry":{"type":"LineString","coordinates":[[-73.92207,40.74535],[-73.92198,40.74534],[-73.9215,40.74529],[-73.92124,40.74526],[-73.92114,40.74524]]}},{"type":"Feature","properties":{"n":5,"s":21.0},"geometry":{"type":"LineString","coordinates":[[-73.92114,40.74524],[-73.92102,40.74523],[-73.92067,40.74519],[-73.92064,40.74519],[-73.92041,40.74516],[-73.92028,40.74514],[-73.9202,40.74513]]}},{"type":"Feature","properties":{"n":5,"s":21.0},"geometry":{"type":"LineString","coordinates":[[-73.9202,40.74513],[-73.92012,40.74513],[-73.91972,40.74508],[-73.91936,40.74504],[-73.91927,40.74503]]}},{"type":"Feature","properties":{"n":5,"s":21.0},"geometry":{"type":"LineString","coordinates":[[-73.91927,40.74503],[-73.9192,40.74502],[-73.91869,40.74496],[-73.91843,40.74493],[-73.91836,40.74492]]}},{"type":"Feature","properties":{"n":5,"s":21.0},"geometry":{"type":"LineString","coordinates":[[-73.91836,40.74492],[-73.91827,40.74491],[-73.9175,40.74482],[-73.91741,40.74481]]}},{"type":"Feature","properties":{"n":5,"s":21.0},"geometry":{"type":"LineString","coordinates":[[-73.91741,40.74481],[-73.91734,40.74481],[-73.91676,40.74474],[-73.9166,40.74472],[-73.91649,40.74471]]}},{"type":"Feature","properties":{"n":5,"s":21.0},"geometry":{"type":"LineString","coordinates":[[-73.91649,40.74471],[-73.91639,40.7447],[-73.91565,40.74461],[-73.91556,40.7446]]}},{"type":"Feature","properties":{"n":5,"s":21.0},"geometry":{"type":"LineString","coordinates":[[-73.91556,40.7446],[-73.91548,40.74459],[-73.915,40.74453],[-73.91472,40.7445],[-73.91463,40.74449]]}},{"type":"Feature","properties":{"n":5,"s":21.0},"geometry":{"type":"LineString","coordinates":[[-73.91463,40.74449],[-73.91455,40.74448],[-73.91411,40.74443]]}},{"type":"Feature","properties":{"n":4,"s":21.7},"geometry":{"type":"LineString","coordinates":[[-73.91411,40.74443],[-73.91392,40.74441],[-73.91379,40.74439],[-73.91372,40.74439]]}},{"type":"Feature","properties":{"n":4,"s":21.7},"geometry":{"type":"LineString","coordinates":[[-73.91372,40.74439],[-73.91362,40.74437],[-73.91309,40.74431],[-73.91288,40.74429],[-73.91284,40.74428],[-73.91281,40.74428],[-73.91264,40.74423],[-73.91248,40.74417]]}},{"type":"Feature","properties":{"n":4,"s":21.7},"geometry":{"type":"LineString","coordinates":[[-73.91248,40.74417],[-73.9116,40.74444],[-73.91151,40.74447]]}},{"type":"Feature","properties":{"n":4,"s":21.7},"geometry":{"type":"LineString","coordinates":[[-73.91151,40.74447],[-73.91143,40.74449],[-73.9112,40.74456],[-73.91063,40.74472],[-73.91056,40.74474]]}},{"type":"Feature","properties":{"n":4,"s":21.7},"geometry":{"type":"LineString","coordinates":[[-73.91056,40.74474],[-73.91048,40.74476],[-73.90967,40.74493],[-73.90959,40.74494]]}},{"type":"Feature","properties":{"n":4,"s":21.7},"geometry":{"type":"LineString","coordinates":[[-73.90959,40.74494],[-73.90952,40.74495],[-73.90861,40.74512]]}},{"type":"Feature","properties":{"n":4,"s":21.7},"geometry":{"type":"LineString","coordinates":[[-73.90861,40.74512],[-73.90851,40.74513],[-73.90843,40.74515]]}},{"type":"Feature","properties":{"n":4,"s":21.7},"geometry":{"type":"LineString","coordinates":[[-73.90843,40.74515],[-73.90767,40.74529],[-73.90758,40.74531]]}},{"type":"Feature","properties":{"n":4,"s":21.7},"geometry":{"type":"LineString","coordinates":[[-73.90758,40.74531],[-73.90748,40.74533],[-73.90735,40.74535],[-73.90715,40.74538],[-73.907,40.74539],[-73.90673,40.7454],[-73.90663,40.7454]]}},{"type":"Feature","properties":{"n":4,"s":21.7},"geometry":{"type":"LineString","coordinates":[[-73.90663,40.7454],[-73.90654,40.74539],[-73.90649,40.74539],[-73.90626,40.74539],[-73.90568,40.7454],[-73.90554,40.7454]]}},{"type":"Feature","properties":{"n":4,"s":21.7},"geometry":{"type":"LineString","coordinates":[[-73.90554,40.7454],[-73.90545,40.74541],[-73.90521,40.74542],[-73.90451,40.74549],[-73.90444,40.7455]]}},{"type":"Feature","properties":{"n":4,"s":21.7},"geometry":{"type":"LineString","coordinates":[[-73.90444,40.7455],[-73.90432,40.74551],[-73.9035,40.74559],[-73.9034,40.7456]]}},{"type":"Feature","properties":{"n":4,"s":21.7},"geometry":{"type":"LineString","coordinates":[[-73.9034,40.7456],[-73.9033,40.74561],[-73.90214,40.74573]]}},{"type":"Feature","properties":{"n":4,"s":21.7},"geometry":{"type":"LineString","coordinates":[[-73.90214,40.74573],[-73.90119,40.74582],[-73.9011,40.74583]]}},{"type":"Feature","properties":{"n":4,"s":21.7},"geometry":{"type":"LineString","coordinates":[[-73.9011,40.74583],[-73.90102,40.74584],[-73.90015,40.74593],[-73.90005,40.74594]]}},{"type":"Feature","properties":{"n":4,"s":21.7},"geometry":{"type":"LineString","coordinates":[[-73.90005,40.74594],[-73.89998,40.74595],[-73.89915,40.74603],[-73.89901,40.74605]]}},{"type":"Feature","properties":{"n":5,"s":22.0},"geometry":{"type":"LineString","coordinates":[[-73.89901,40.74605],[-73.89892,40.74606],[-73.89851,40.7461]]}},{"type":"Feature","properties":{"n":5,"s":22.0},"geometry":{"type":"LineString","coordinates":[[-73.89851,40.7461],[-73.89811,40.74614]]}},{"type":"Feature","properties":{"n":5,"s":22.0},"geometry":{"type":"LineString","coordinates":[[-73.89811,40.74614],[-73.89722,40.74624]]}},{"type":"Feature","properties":{"n":5,"s":22.0},"geometry":{"type":"LineString","coordinates":[[-73.89722,40.74624],[-73.89633,40.74633]]}},{"type":"Feature","properties":{"n":5,"s":22.0},"geometry":{"type":"LineString","coordinates":[[-73.89633,40.74633],[-73.89542,40.74643]]}},{"type":"Feature","properties":{"n":5,"s":22.0},"geometry":{"type":"LineString","coordinates":[[-73.89542,40.74643],[-73.89503,40.74647],[-73.8943,40.74655],[-73.89366,40.74661],[-73.89359,40.74662]]}},{"type":"Feature","properties":{"n":4,"s":21.2},"geometry":{"type":"LineString","coordinates":[[-73.89359,40.74662],[-73.89352,40.74663],[-73.8935,40.74663],[-73.89302,40.74668],[-73.89296,40.74669],[-73.89255,40.74673],[-73.89242,40.74674],[-73.89239,40.74675],[-73.89232,40.74675]]}},{"type":"Feature","properties":{"n":4,"s":21.2},"geometry":{"type":"LineString","coordinates":[[-73.89232,40.74675],[-73.89226,40.74676],[-73.8919,40.7468],[-73.8917,40.74682]]}},{"type":"Feature","properties":{"n":4,"s":21.2},"geometry":{"type":"LineString","coordinates":[[-73.8917,40.74682],[-73.89143,40.74685]]}},{"type":"Feature","properties":{"n":4,"s":21.2},"geometry":{"type":"LineString","coordinates":[[-73.89143,40.74685],[-73.89136,40.74685],[-73.89135,40.74685],[-73.89132,40.74686],[-73.89122,40.74687],[-73.89115,40.74688],[-73.89068,40.74692],[-73.89061,40.74693],[-73.8905,40.74694]]}},{"type":"Feature","properties":{"n":4,"s":21.2},"geometry":{"type":"LineString","coordinates":[[-73.8905,40.74694],[-73.89037,40.74696],[-73.88964,40.74703],[-73.88957,40.74704]]}},{"type":"Feature","properties":{"n":4,"s":21.2},"geometry":{"type":"LineString","coordinates":[[-73.88957,40.74704],[-73.88949,40.74705],[-73.88931,40.74707],[-73.88875,40.74713],[-73.88868,40.74713]]}},{"type":"Feature","properties":{"n":4,"s":21.2},"geometry":{"type":"LineString","coordinates":[[-73.88868,40.74713],[-73.88861,40.74714],[-73.88847,40.74716],[-73.88835,40.74717],[-73.8881,40.7472],[-73.88802,40.74721],[-73.88782,40.74723],[-73.8878,40.74723],[-73.88778,40.74724]]}},{"type":"Feature","properties":{"n":4,"s":21.2},"geometry":{"type":"LineString","coordinates":[[-73.88778,40.74724],[-73.88763,40.74725]]}},{"type":"Feature","properties":{"n":4,"s":21.2},"geometry":{"type":"LineString","coordinates":[[-73.88763,40.74725],[-73.88762,40.74725],[-73.88751,40.74726],[-73.8868,40.74733],[-73.88672,40.74734]]}},{"type":"Feature","properties":{"n":4,"s":21.2},"geometry":{"type":"LineString","coordinates":[[-73.88672,40.74734],[-73.88664,40.74735],[-73.88612,40.7474],[-73.88587,40.74743],[-73.88578,40.74744]]}},{"type":"Feature","properties":{"n":4,"s":21.2},"geometry":{"type":"LineString","coordinates":[[-73.88578,40.74744],[-73.88571,40.74745],[-73.88541,40.74748],[-73.88494,40.74753],[-73.88486,40.74753]]}},{"type":"Feature","properties":{"n":4,"s":21.2},"geometry":{"type":"LineString","coordinates":[[-73.88486,40.74753],[-73.88478,40.74754],[-73.88437,40.74758],[-73.88401,40.74762],[-73.88394,40.74763]]}},{"type":"Feature","properties":{"n":3,"s":20.5},"geometry":{"type":"LineString","coordinates":[[-73.88394,40.74763],[-73.88386,40.74764],[-73.88357,40.74767],[-73.88307,40.74773],[-73.883,40.74773]]}},{"type":"Feature","properties":{"n":3,"s":20.5},"geometry":{"type":"LineString","coordinates":[[-73.883,40.74773],[-73.88292,40.74774],[-73.88266,40.74777],[-73.88257,40.74778]]}},{"type":"Feature","properties":{"n":3,"s":20.5},"geometry":{"type":"LineString","coordinates":[[-73.88257,40.74778],[-73.88252,40.74778],[-73.88214,40.74782],[-73.88207,40.74783]]}},{"type":"Feature","properties":{"n":3,"s":20.5},"geometry":{"type":"LineString","coordinates":[[-73.88207,40.74783],[-73.88198,40.74784],[-73.88124,40.74792],[-73.88114,40.74793]]}},{"type":"Feature","properties":{"n":3,"s":20.5},"geometry":{"type":"LineString","coordinates":[[-73.88114,40.74793],[-73.88106,40.74794],[-73.88029,40.74802],[-73.88021,40.74802]]}},{"type":"Feature","properties":{"n":3,"s":20.5},"geometry":{"type":"LineString","coordinates":[[-73.88021,40.74802],[-73.88013,40.74803],[-73.87979,40.74807]]}},{"type":"Feature","properties":{"n":3,"s":20.5},"geometry":{"type":"LineString","coordinates":[[-73.87979,40.74807],[-73.87928,40.74812]]}},{"type":"Feature","properties":{"n":3,"s":20.5},"geometry":{"type":"LineString","coordinates":[[-73.87928,40.74812],[-73.87856,40.7482],[-73.87845,40.74821]]}},{"type":"Feature","properties":{"n":3,"s":20.5},"geometry":{"type":"LineString","coordinates":[[-73.87845,40.74821],[-73.87836,40.74822],[-73.87742,40.74832]]}},{"type":"Feature","properties":{"n":3,"s":20.5},"geometry":{"type":"LineString","coordinates":[[-73.87742,40.74832],[-73.8769,40.74837]]}},{"type":"Feature","properties":{"n":3,"s":20.5},"geometry":{"type":"LineString","coordinates":[[-73.8769,40.74837],[-73.87657,40.74841],[-73.87648,40.74842]]}},{"type":"Feature","properties":{"n":10,"s":15.5},"geometry":{"type":"LineString","coordinates":[[-74.00135,40.74652],[-74.00142,40.74643],[-74.00157,40.74623],[-74.00182,40.74591],[-74.00186,40.74586]]}},{"type":"Feature","properties":{"n":10,"s":15.5},"geometry":{"type":"LineString","coordinates":[[-74.00186,40.74586],[-74.0019,40.74579],[-74.00223,40.74533],[-74.00226,40.74529],[-74.0023,40.74524]]}},{"type":"Feature","properties":{"n":10,"s":15.5},"geometry":{"type":"LineString","coordinates":[[-74.0023,40.74524],[-74.00235,40.74517],[-74.00248,40.74499],[-74.00265,40.74475],[-74.00268,40.7447],[-74.00273,40.74464]]}},{"type":"Feature","properties":{"n":10,"s":15.5},"geometry":{"type":"LineString","coordinates":[[-74.00273,40.74464],[-74.00277,40.74458],[-74.00311,40.74411],[-74.00316,40.74406]]}},{"type":"Feature","properties":{"n":10,"s":15.5},"geometry":{"type":"LineString","coordinates":[[-74.00316,40.74406],[-74.0032,40.74399],[-74.0033,40.74385],[-74.00354,40.74353],[-74.00358,40.74348]]}},{"type":"Feature","properties":{"n":10,"s":15.5},"geometry":{"type":"LineString","coordinates":[[-74.00358,40.74348],[-74.00363,40.74341],[-74.00396,40.74294],[-74.004,40.74288]]}},{"type":"Feature","properties":{"n":12,"s":14.9},"geometry":{"type":"LineString","coordinates":[[-74.004,40.74288],[-74.00405,40.74282],[-74.00416,40.74267],[-74.00425,40.74254],[-74.00427,40.7425],[-74.00439,40.74235],[-74.00443,40.74229]]}},{"type":"Feature","properties":{"n":11,"s":11.6},"geometry":{"type":"LineString","coordinates":[[-74.00358,40.73225],[-74.00354,40.73218],[-74.00351,40.73212],[-74.00329,40.73175]]}},{"type":"Feature","properties":{"n":9,"s":11.8},"geometry":{"type":"LineString","coordinates":[[-74.00329,40.73175],[-74.00327,40.7317],[-74.00315,40.73151],[-74.00313,40.73147]]}},{"type":"Feature","properties":{"n":9,"s":11.8},"geometry":{"type":"LineString","coordinates":[[-74.00313,40.73147],[-74.00296,40.73118],[-74.00294,40.73114]]}},{"type":"Feature","properties":{"n":9,"s":11.8},"geometry":{"type":"LineString","coordinates":[[-74.00294,40.73114],[-74.00292,40.7311],[-74.00282,40.73092]]}},{"type":"Feature","properties":{"n":9,"s":11.8},"geometry":{"type":"LineString","coordinates":[[-74.00282,40.73092],[-74.0028,40.73088],[-74.00251,40.7304],[-74.00248,40.73034]]}},{"type":"Feature","properties":{"n":9,"s":11.8},"geometry":{"type":"LineString","coordinates":[[-74.00248,40.73034],[-74.00244,40.73027],[-74.00227,40.72996],[-74.00223,40.7299],[-74.00221,40.72986],[-74.00216,40.72975]]}},{"type":"Feature","properties":{"n":10,"s":11.4},"geometry":{"type":"LineString","coordinates":[[-74.00216,40.72975],[-74.00211,40.72962],[-74.00207,40.7296],[-74.00189,40.72951],[-74.00126,40.7292],[-74.00119,40.72917]]}},{"type":"Feature","properties":{"n":11,"s":12.1},"geometry":{"type":"LineString","coordinates":[[-74.00119,40.72917],[-74.00113,40.72914],[-74.00049,40.72883],[-74.00043,40.7288]]}},{"type":"Feature","properties":{"n":9,"s":11.2},"geometry":{"type":"LineString","coordinates":[[-74.00043,40.7288],[-74.00038,40.72877],[-73.99973,40.72845],[-73.99967,40.72843]]}},{"type":"Feature","properties":{"n":8,"s":11.9},"geometry":{"type":"LineString","coordinates":[[-73.99895,40.72807],[-73.99888,40.72803],[-73.99817,40.72768]]}},{"type":"Feature","properties":{"n":7,"s":12.2},"geometry":{"type":"LineString","coordinates":[[-73.99817,40.72768],[-73.9974,40.7273],[-73.99674,40.72697],[-73.99666,40.72693]]}},{"type":"Feature","properties":{"n":7,"s":12.2},"geometry":{"type":"LineString","coordinates":[[-73.99666,40.72693],[-73.9966,40.7269],[-73.99635,40.72678],[-73.99595,40.72658],[-73.99585,40.72653]]}},{"type":"Feature","properties":{"n":8,"s":12.1},"geometry":{"type":"LineString","coordinates":[[-73.99585,40.72653],[-73.99576,40.72648],[-73.99507,40.72614]]}},{"type":"Feature","properties":{"n":8,"s":12.1},"geometry":{"type":"LineString","coordinates":[[-73.99507,40.72614],[-73.9948,40.726],[-73.99475,40.72598],[-73.99465,40.72593]]}},{"type":"Feature","properties":{"n":8,"s":12.1},"geometry":{"type":"LineString","coordinates":[[-73.99465,40.72593],[-73.99456,40.72588],[-73.99454,40.72587],[-73.99451,40.72586],[-73.99448,40.72585]]}},{"type":"Feature","properties":{"n":8,"s":12.1},"geometry":{"type":"LineString","coordinates":[[-73.99448,40.72585],[-73.99444,40.72583],[-73.99441,40.72583],[-73.994,40.72572],[-73.99375,40.72565]]}},{"type":"Feature","properties":{"n":7,"s":12.8},"geometry":{"type":"LineString","coordinates":[[-73.99375,40.72565],[-73.99378,40.72559],[-73.99412,40.72484],[-73.99415,40.72476]]}},{"type":"Feature","properties":{"n":10,"s":14.0},"geometry":{"type":"LineString","coordinates":[[-73.99415,40.72476],[-73.99421,40.72463]]}},{"type":"Feature","properties":{"n":9,"s":12.6},"geometry":{"type":"LineString","coordinates":[[-73.99421,40.72463],[-73.99414,40.7246],[-73.99356,40.72439],[-73.99349,40.72437]]}},{"type":"Feature","properties":{"n":9,"s":12.6},"geometry":{"type":"LineString","coordinates":[[-73.99349,40.72437],[-73.99342,40.72435],[-73.99313,40.72424],[-73.99286,40.72415],[-73.99281,40.72413],[-73.9927,40.72409]]}},{"type":"Feature","properties":{"n":3,"s":16.8},"geometry":{"type":"LineString","coordinates":[[-73.94875,40.70159],[-73.9487,40.70155],[-73.94861,40.70147],[-73.94818,40.70108],[-73.94812,40.70103]]}},{"type":"Feature","properties":{"n":3,"s":16.8},"geometry":{"type":"LineString","coordinates":[[-73.94812,40.70103],[-73.94807,40.70098],[-73.94767,40.70063],[-73.94755,40.70052],[-73.94749,40.70046]]}},{"type":"Feature","properties":{"n":3,"s":16.8},"geometry":{"type":"LineString","coordinates":[[-73.94749,40.70046],[-73.94743,40.7004],[-73.94721,40.7002],[-73.94721,40.7002],[-73.94722,40.70011]]}},{"type":"Feature","properties":{"n":3,"s":16.8},"geometry":{"type":"LineString","coordinates":[[-73.94722,40.70011],[-73.94723,40.70005],[-73.94723,40.70002],[-73.94719,40.6998],[-73.94716,40.69967],[-73.94712,40.69946],[-73.9471,40.69937]]}},{"type":"Feature","properties":{"n":3,"s":16.8},"geometry":{"type":"LineString","coordinates":[[-73.9471,40.69937],[-73.94709,40.69931],[-73.947,40.69883],[-73.94697,40.69872],[-73.94696,40.69865]]}},{"type":"Feature","properties":{"n":3,"s":16.8},"geometry":{"type":"LineString","coordinates":[[-73.94696,40.69865],[-73.94695,40.69858],[-73.94688,40.69826],[-73.94682,40.69799],[-73.9468,40.6979]]}},{"type":"Feature","properties":{"n":3,"s":16.8},"geometry":{"type":"LineString","coordinates":[[-73.9468,40.6979],[-73.94678,40.69782],[-73.94667,40.69726],[-73.94666,40.69718]]}},{"type":"Feature","properties":{"n":3,"s":16.8},"geometry":{"type":"LineString","coordinates":[[-73.94666,40.69718],[-73.94664,40.69711],[-73.9466,40.69687],[-73.94658,40.69679],[-73.94653,40.69652],[-73.94652,40.69645]]}},{"type":"Feature","properties":{"n":3,"s":16.8},"geometry":{"type":"LineString","coordinates":[[-73.94652,40.69645],[-73.9465,40.69638],[-73.94647,40.69622],[-73.94644,40.69605],[-73.94639,40.69579],[-73.94637,40.6957]]}},{"type":"Feature","properties":{"n":3,"s":16.8},"geometry":{"type":"LineString","coordinates":[[-73.94637,40.6957],[-73.94636,40.69563],[-73.94632,40.69543],[-73.94624,40.69504],[-73.94622,40.69496]]}},{"type":"Feature","properties":{"n":3,"s":16.8},"geometry":{"type":"LineString","coordinates":[[-73.94622,40.69496],[-73.94621,40.6949],[-73.94609,40.6943],[-73.94608,40.69423]]}},{"type":"Feature","properties":{"n":3,"s":16.8},"geometry":{"type":"LineString","coordinates":[[-73.94608,40.69423],[-73.94606,40.69416],[-73.94602,40.69394],[-73.94595,40.69358],[-73.94593,40.6935]]}},{"type":"Feature","properties":{"n":3,"s":16.8},"geometry":{"type":"LineString","coordinates":[[-73.94593,40.6935],[-73.94592,40.69343],[-73.9458,40.69284],[-73.94579,40.69277]]}},{"type":"Feature","properties":{"n":3,"s":16.8},"geometry":{"type":"LineString","coordinates":[[-73.94579,40.69277],[-73.94577,40.6927],[-73.94567,40.69218],[-73.94566,40.69211],[-73.94564,40.69203]]}},{"type":"Feature","properties":{"n":3,"s":16.8},"geometry":{"type":"LineString","coordinates":[[-73.94564,40.69203],[-73.94563,40.69196],[-73.94551,40.69138],[-73.9455,40.6913]]}},{"type":"Feature","properties":{"n":3,"s":16.8},"geometry":{"type":"LineString","coordinates":[[-73.9455,40.6913],[-73.94548,40.69123],[-73.94536,40.69065],[-73.94535,40.69057]]}},{"type":"Feature","properties":{"n":3,"s":16.8},"geometry":{"type":"LineString","coordinates":[[-73.94535,40.69057],[-73.94534,40.6905],[-73.94529,40.69029],[-73.94521,40.68991],[-73.9452,40.68984]]}},{"type":"Feature","properties":{"n":3,"s":16.8},"geometry":{"type":"LineString","coordinates":[[-73.9452,40.68984],[-73.94519,40.68978],[-73.94507,40.68918],[-73.94506,40.6891]]}},{"type":"Feature","properties":{"n":3,"s":16.8},"geometry":{"type":"LineString","coordinates":[[-73.94506,40.6891],[-73.94504,40.68904],[-73.945,40.6888],[-73.94497,40.68867],[-73.94493,40.68845],[-73.94491,40.68837]]}},{"type":"Feature","properties":{"n":3,"s":16.8},"geometry":{"type":"LineString","coordinates":[[-73.94491,40.68837],[-73.9449,40.68831],[-73.94477,40.68772],[-73.94476,40.68764]]}},{"type":"Feature","properties":{"n":3,"s":16.8},"geometry":{"type":"LineString","coordinates":[[-73.94476,40.68764],[-73.94474,40.68758],[-73.94464,40.68698],[-73.94462,40.6869]]}},{"type":"Feature","properties":{"n":14,"s":22.9},"geometry":{"type":"LineString","coordinates":[[-73.99497,40.76031],[-73.99493,40.76037],[-73.99476,40.76061],[-73.99457,40.76087],[-73.99453,40.76092]]}},{"type":"Feature","properties":{"n":14,"s":22.9},"geometry":{"type":"LineString","coordinates":[[-73.99453,40.76092],[-73.99447,40.76099],[-73.99411,40.7615],[-73.99407,40.76155]]}},{"type":"Feature","properties":{"n":14,"s":22.6},"geometry":{"type":"LineString","coordinates":[[-73.99407,40.76155],[-73.99403,40.76161],[-73.99365,40.76212],[-73.99361,40.76219]]}},{"type":"Feature","properties":{"n":13,"s":23.4},"geometry":{"type":"LineString","coordinates":[[-73.99361,40.76219],[-73.99357,40.76224],[-73.99319,40.76275],[-73.99316,40.7628]]}},{"type":"Feature","properties":{"n":13,"s":23.4},"geometry":{"type":"LineString","coordinates":[[-73.99316,40.7628],[-73.99311,40.76287],[-73.99274,40.76337],[-73.9927,40.76343]]}},{"type":"Feature","properties":{"n":14,"s":22.5},"geometry":{"type":"LineString","coordinates":[[-73.9927,40.76343],[-73.99265,40.76349],[-73.99229,40.764],[-73.99227,40.76402],[-73.99224,40.76406]]}},{"type":"Feature","properties":{"n":15,"s":22.6},"geometry":{"type":"LineString","coordinates":[[-73.99224,40.76406],[-73.99219,40.76412],[-73.99208,40.76427],[-73.99183,40.76463],[-73.99179,40.76469]]}},{"type":"Feature","properties":{"n":14,"s":23.4},"geometry":{"type":"LineString","coordinates":[[-73.99179,40.76469],[-73.99174,40.76475],[-73.99137,40.76526],[-73.99133,40.76531]]}},{"type":"Feature","properties":{"n":13,"s":23.6},"geometry":{"type":"LineString","coordinates":[[-73.99133,40.76531],[-73.99128,40.76537],[-73.99091,40.76588],[-73.99085,40.76594]]}},{"type":"Feature","properties":{"n":11,"s":25.6},"geometry":{"type":"LineString","coordinates":[[-73.99085,40.76594],[-73.99082,40.76599],[-73.99053,40.7664],[-73.99045,40.76651],[-73.99041,40.76656]]}},{"type":"Feature","properties":{"n":12,"s":24.5},"geometry":{"type":"LineString","coordinates":[[-73.99041,40.76656],[-73.99037,40.76662],[-73.99,40.76713],[-73.98996,40.76718]]}},{"type":"Feature","properties":{"n":12,"s":24.5},"geometry":{"type":"LineString","coordinates":[[-73.98996,40.76718],[-73.98992,40.76725],[-73.98963,40.76765],[-73.98954,40.76776],[-73.9895,40.76783]]}},{"type":"Feature","properties":{"n":12,"s":24.5},"geometry":{"type":"LineString","coordinates":[[-73.9895,40.76783],[-73.98946,40.76788],[-73.98909,40.76839],[-73.98905,40.76845]]}},{"type":"Feature","properties":{"n":12,"s":24.5},"geometry":{"type":"LineString","coordinates":[[-73.98905,40.76845],[-73.98901,40.7685],[-73.98886,40.76871],[-73.98872,40.7689],[-73.98867,40.76897],[-73.98863,40.76902],[-73.98856,40.76912]]}},{"type":"Feature","properties":{"n":10,"s":26.3},"geometry":{"type":"LineString","coordinates":[[-73.98856,40.76912],[-73.98849,40.76922],[-73.98818,40.76962],[-73.9881,40.76973],[-73.98806,40.76979]]}},{"type":"Feature","properties":{"n":10,"s":26.3},"geometry":{"type":"LineString","coordinates":[[-73.98806,40.76979],[-73.98801,40.76985],[-73.98782,40.7701],[-73.98763,40.77035],[-73.98759,40.7704]]}},{"type":"Feature","properties":{"n":10,"s":26.3},"geometry":{"type":"LineString","coordinates":[[-73.98759,40.7704],[-73.98754,40.77047],[-73.98742,40.77065],[-73.98723,40.7709],[-73.98718,40.77098],[-73.98712,40.77105]]}},{"type":"Feature","properties":{"n":9,"s":27.5},"geometry":{"type":"LineString","coordinates":[[-73.98712,40.77105],[-73.98707,40.77113],[-73.98703,40.77118],[-73.98696,40.77127],[-73.98692,40.77132],[-73.98687,40.77139],[-73.98677,40.77153],[-73.98672,40.77161],[-73.98668,40.77166]]}},{"type":"Feature","properties":{"n":9,"s":27.5},"geometry":{"type":"LineString","coordinates":[[-73.98668,40.77166],[-73.98663,40.77172],[-73.98658,40.77179],[-73.98647,40.77195],[-73.98642,40.77202],[-73.98632,40.77215],[-73.98628,40.77221],[-73.98622,40.77228]]}},{"type":"Feature","properties":{"n":9,"s":27.5},"geometry":{"type":"LineString","coordinates":[[-73.98622,40.77228],[-73.98616,40.77237],[-73.98612,40.77243],[-73.98601,40.77257],[-73.98596,40.77265],[-73.98592,40.77269],[-73.98585,40.7728],[-73.9858,40.77286],[-73.98576,40.77292],[-73.98536,40.77349],[-73.98532,40.77353]]}},{"type":"Feature","properties":{"n":10,"s":28.8},"geometry":{"type":"LineString","coordinates":[[-73.98532,40.77353],[-73.98526,40.7736],[-73.98491,40.77408],[-73.98485,40.77416]]}},{"type":"Feature","properties":{"n":10,"s":28.8},"geometry":{"type":"LineString","coordinates":[[-73.98485,40.77416],[-73.98481,40.77423],[-73.98465,40.77444],[-73.98444,40.77474],[-73.98439,40.7748]]}},{"type":"Feature","properties":{"n":11,"s":29.3},"geometry":{"type":"LineString","coordinates":[[-73.98439,40.7748],[-73.98434,40.77488],[-73.98398,40.77536],[-73.98394,40.77541]]}},{"type":"Feature","properties":{"n":11,"s":29.3},"geometry":{"type":"LineString","coordinates":[[-73.98394,40.77541],[-73.98391,40.77545],[-73.9839,40.77548],[-73.98352,40.77599],[-73.98349,40.77604]]}},{"type":"Feature","properties":{"n":10,"s":28.8},"geometry":{"type":"LineString","coordinates":[[-73.98349,40.77604],[-73.98344,40.7761],[-73.98308,40.77659],[-73.98304,40.77665]]}},{"type":"Feature","properties":{"n":11,"s":27.7},"geometry":{"type":"LineString","coordinates":[[-73.98304,40.77665],[-73.98299,40.77672],[-73.98261,40.77724],[-73.98257,40.77729]]}},{"type":"Feature","properties":{"n":9,"s":29.3},"geometry":{"type":"LineString","coordinates":[[-73.98257,40.77729],[-73.98251,40.77737],[-73.98239,40.77753],[-73.98228,40.7777],[-73.98218,40.7778]]}},{"type":"Feature","properties":{"n":9,"s":29.3},"geometry":{"type":"LineString","coordinates":[[-73.98218,40.7778],[-73.98215,40.77785],[-73.9821,40.77791]]}},{"type":"Feature","properties":{"n":9,"s":29.3},"geometry":{"type":"LineString","coordinates":[[-73.9821,40.77791],[-73.98207,40.77795],[-73.98203,40.77801],[-73.98189,40.77819]]}},{"type":"Feature","properties":{"n":8,"s":15.1},"geometry":{"type":"LineString","coordinates":[[-73.98094,40.6889],[-73.98072,40.68881],[-73.9803,40.68865]]}},{"type":"Feature","properties":{"n":8,"s":15.1},"geometry":{"type":"LineString","coordinates":[[-73.9803,40.68865],[-73.98024,40.68863],[-73.98021,40.68861],[-73.97937,40.68828],[-73.97929,40.68825]]}},{"type":"Feature","properties":{"n":8,"s":15.1},"geometry":{"type":"LineString","coordinates":[[-73.97929,40.68825],[-73.97919,40.68821],[-73.97857,40.68796],[-73.97845,40.68792],[-73.97835,40.68787]]}},{"type":"Feature","properties":{"n":8,"s":15.1},"geometry":{"type":"LineString","coordinates":[[-73.97835,40.68787],[-73.97824,40.68783],[-73.97775,40.68764],[-73.97758,40.68757],[-73.97749,40.68753]]}},{"type":"Feature","properties":{"n":8,"s":15.1},"geometry":{"type":"LineString","coordinates":[[-73.97749,40.68753],[-73.9774,40.6875],[-73.97709,40.68737],[-73.97676,40.68724],[-73.97668,40.6872],[-73.97662,40.68718]]}},{"type":"Feature","properties":{"n":8,"s":15.1},"geometry":{"type":"LineString","coordinates":[[-73.97662,40.68718],[-73.97654,40.68715],[-73.9764,40.68709],[-73.97623,40.68702]]}},{"type":"Feature","properties":{"n":6,"s":16.9},"geometry":{"type":"LineString","coordinates":[[-73.97623,40.68702],[-73.97609,40.68697],[-73.97584,40.68687],[-73.97558,40.68676],[-73.9755,40.68673]]}},{"type":"Feature","properties":{"n":6,"s":16.9},"geometry":{"type":"LineString","coordinates":[[-73.9755,40.68673],[-73.97542,40.68669],[-73.97537,40.68668],[-73.97471,40.68642],[-73.97455,40.68635],[-73.97445,40.68631]]}},{"type":"Feature","properties":{"n":6,"s":16.9},"geometry":{"type":"LineString","coordinates":[[-73.97445,40.68631],[-73.97433,40.68626],[-73.97397,40.68612],[-73.97337,40.68588]]}},{"type":"Feature","properties":{"n":6,"s":16.9},"geometry":{"type":"LineString","coordinates":[[-73.97337,40.68588],[-73.97322,40.68582],[-73.97308,40.68576]]}},{"type":"Feature","properties":{"n":6,"s":16.9},"geometry":{"type":"LineString","coordinates":[[-73.97308,40.68576],[-73.97299,40.68572],[-73.97287,40.68568],[-73.9724,40.68549],[-73.97228,40.68544]]}},{"type":"Feature","properties":{"n":6,"s":16.9},"geometry":{"type":"LineString","coordinates":[[-73.97228,40.68544],[-73.97216,40.68539],[-73.97202,40.68534],[-73.97175,40.68523],[-73.97134,40.68506],[-73.97123,40.68502]]}},{"type":"Feature","properties":{"n":6,"s":16.9},"geometry":{"type":"LineString","coordinates":[[-73.97123,40.68502],[-73.97111,40.68497],[-73.97081,40.68485],[-73.97065,40.68479],[-73.97036,40.68467],[-73.97023,40.68462]]}},{"type":"Feature","properties":{"n":6,"s":16.9},"geometry":{"type":"LineString","coordinates":[[-73.97023,40.68462],[-73.97012,40.68458],[-73.97,40.68453],[-73.96919,40.68421],[-73.96906,40.68415]]}},{"type":"Feature","properties":{"n":6,"s":16.9},"geometry":{"type":"LineString","coordinates":[[-73.96906,40.68415],[-73.96895,40.68411],[-73.96876,40.68403],[-73.96868,40.684],[-73.96858,40.68396],[-73.96856,40.68395],[-73.96808,40.68377],[-73.96795,40.68372]]}},{"type":"Feature","properties":{"n":4,"s":16.1},"geometry":{"type":"LineString","coordinates":[[-73.96795,40.68372],[-73.96785,40.68368],[-73.967,40.6835],[-73.967,40.6835],[-73.96689,40.68348]]}},{"type":"Feature","properties":{"n":4,"s":16.1},"geometry":{"type":"LineString","coordinates":[[-73.96689,40.68348],[-73.96679,40.68346],[-73.96646,40.68339],[-73.96596,40.68329],[-73.96586,40.68327]]}},{"type":"Feature","properties":{"n":4,"s":16.1},"geometry":{"type":"LineString","coordinates":[[-73.96586,40.68327],[-73.96578,40.68325],[-73.96521,40.68313],[-73.9649,40.68306],[-73.96478,40.68304]]}},{"type":"Feature","properties":{"n":3,"s":15.6},"geometry":{"type":"LineString","coordinates":[[-73.96478,40.68304],[-73.96467,40.68302],[-73.96441,40.68296],[-73.96377,40.68283],[-73.96366,40.68281]]}},{"type":"Feature","properties":{"n":3,"s":22.5},"geometry":{"type":"LineString","coordinates":[[-74.01342,40.71443],[-74.01338,40.71454],[-74.01336,40.71463],[-74.01333,40.71473],[-74.01328,40.71496],[-74.01324,40.71511],[-74.01321,40.71522]]}},{"type":"Feature","properties":{"n":3,"s":22.5},"geometry":{"type":"LineString","coordinates":[[-74.01321,40.71522],[-74.01319,40.71533],[-74.01304,40.71597],[-74.01296,40.71632],[-74.01293,40.71642]]}},{"type":"Feature","properties":{"n":3,"s":22.5},"geometry":{"type":"LineString","coordinates":[[-74.01293,40.71642],[-74.01291,40.71651],[-74.01283,40.71684],[-74.01278,40.71703],[-74.01276,40.71714]]}},{"type":"Feature","properties":{"n":3,"s":22.5},"geometry":{"type":"LineString","coordinates":[[-74.01276,40.71714],[-74.01235,40.71893],[-74.01232,40.71905]]}},{"type":"Feature","properties":{"n":3,"s":22.5},"geometry":{"type":"LineString","coordinates":[[-74.01232,40.71905],[-74.0123,40.71916],[-74.01215,40.71985],[-74.01208,40.7202],[-74.01205,40.72032]]}},{"type":"Feature","properties":{"n":3,"s":22.5},"geometry":{"type":"LineString","coordinates":[[-74.01205,40.72032],[-74.01203,40.72043],[-74.01178,40.72164]]}},{"type":"Feature","properties":{"n":3,"s":22.5},"geometry":{"type":"LineString","coordinates":[[-74.01178,40.72164],[-74.01166,40.72222],[-74.01164,40.72232]]}},{"type":"Feature","properties":{"n":3,"s":22.5},"geometry":{"type":"LineString","coordinates":[[-74.01164,40.72232],[-74.01162,40.72241],[-74.01152,40.72287],[-74.0115,40.72298]]}},{"type":"Feature","properties":{"n":3,"s":22.5},"geometry":{"type":"LineString","coordinates":[[-74.0115,40.72298],[-74.01138,40.72363]]}},{"type":"Feature","properties":{"n":3,"s":22.5},"geometry":{"type":"LineString","coordinates":[[-74.01138,40.72363],[-74.01125,40.72418],[-74.01124,40.72427]]}},{"type":"Feature","properties":{"n":3,"s":22.5},"geometry":{"type":"LineString","coordinates":[[-74.01124,40.72427],[-74.01122,40.72437],[-74.01112,40.72487],[-74.01109,40.72502],[-74.01108,40.72508],[-74.01105,40.72518]]}},{"type":"Feature","properties":{"n":3,"s":22.5},"geometry":{"type":"LineString","coordinates":[[-74.01105,40.72518],[-74.01096,40.72567],[-74.01093,40.72581]]}},{"type":"Feature","properties":{"n":6,"s":18.8},"geometry":{"type":"LineString","coordinates":[[-74.01093,40.72581],[-74.01087,40.72618]]}},{"type":"Feature","properties":{"n":6,"s":18.8},"geometry":{"type":"LineString","coordinates":[[-74.01087,40.72618],[-74.0108,40.72664],[-74.01078,40.72677],[-74.01077,40.72688],[-74.01076,40.72699],[-74.01067,40.72793],[-74.01067,40.72798],[-74.01063,40.72839],[-74.01056,40.7291]]}},{"type":"Feature","properties":{"n":6,"s":18.8},"geometry":{"type":"LineString","coordinates":[[-74.01056,40.7291],[-74.01055,40.72922],[-74.0105,40.72968],[-74.0105,40.72973],[-74.01049,40.72983]]}},{"type":"Feature","properties":{"n":6,"s":18.8},"geometry":{"type":"LineString","coordinates":[[-74.01049,40.72983],[-74.01042,40.73057]]}},{"type":"Feature","properties":{"n":6,"s":18.8},"geometry":{"type":"LineString","coordinates":[[-74.01042,40.73057],[-74.01036,40.73115],[-74.01036,40.7312],[-74.01035,40.7313]]}},{"type":"Feature","properties":{"n":6,"s":18.8},"geometry":{"type":"LineString","coordinates":[[-74.01035,40.7313],[-74.01034,40.73138],[-74.01028,40.73202]]}},{"type":"Feature","properties":{"n":6,"s":18.8},"geometry":{"type":"LineString","coordinates":[[-74.01028,40.73202],[-74.01025,40.73225],[-74.01025,40.7323],[-74.01024,40.73235],[-74.01024,40.73242]]}},{"type":"Feature","properties":{"n":6,"s":18.8},"geometry":{"type":"LineString","coordinates":[[-74.01024,40.73242],[-74.01023,40.73252],[-74.01022,40.73258],[-74.01017,40.73314]]}},{"type":"Feature","properties":{"n":6,"s":18.8},"geometry":{"type":"LineString","coordinates":[[-74.01017,40.73314],[-74.01011,40.73376],[-74.01011,40.73381],[-74.0101,40.73386]]}},{"type":"Feature","properties":{"n":6,"s":18.8},"geometry":{"type":"LineString","coordinates":[[-74.0101,40.73386],[-74.0101,40.73396],[-74.01008,40.73422],[-74.01004,40.73457]]}},{"type":"Feature","properties":{"n":6,"s":18.8},"geometry":{"type":"LineString","coordinates":[[-74.01004,40.73457],[-74.00999,40.73518],[-74.00999,40.73524],[-74.00998,40.7353]]}},{"type":"Feature","properties":{"n":6,"s":18.8},"geometry":{"type":"LineString","coordinates":[[-74.00998,40.7353],[-74.00997,40.73541],[-74.00992,40.73599]]}},{"type":"Feature","properties":{"n":6,"s":18.8},"geometry":{"type":"LineString","coordinates":[[-74.00992,40.73599],[-74.00984,40.73698]]}},{"type":"Feature","properties":{"n":6,"s":18.8},"geometry":{"type":"LineString","coordinates":[[-74.00984,40.73698],[-74.00982,40.73719],[-74.00981,40.73733],[-74.00981,40.73743],[-74.00981,40.73748],[-74.00981,40.73757]]}},{"type":"Feature","properties":{"n":6,"s":18.8},"geometry":{"type":"LineString","coordinates":[[-74.00981,40.73757],[-74.00981,40.73765],[-74.00982,40.73774],[-74.00982,40.73783],[-74.00984,40.73794],[-74.00985,40.73804],[-74.00991,40.73848],[-74.00992,40.73854],[-74.00993,40.73859],[-74.00993,40.73865],[-74.00993,40.73871],[-74.00994,40.73878]]}},{"type":"Feature","properties":{"n":6,"s":18.3},"geometry":{"type":"LineString","coordinates":[[-74.00994,40.73878],[-74.00993,40.73887],[-74.00993,40.73894],[-74.00993,40.73902],[-74.00991,40.7391],[-74.0099,40.73919],[-74.00989,40.73925],[-74.00987,40.73931],[-74.00983,40.73943],[-74.0098,40.73951],[-74.00976,40.73958],[-74.00973,40.73965],[-74.00968,40.73974],[-74.00931,40.74034],[-74.00926,40.74042],[-74.00923,40.74049],[-74.00922,40.74051],[-74.00919,40.74056],[-74.00916,40.74062],[-74.00914,40.74069],[-74.00911,40.74077],[-74.00908,40.74086],[-74.00905,40.74097],[-74.00902,40.74105],[-74.00892,40.74142],[-74.00891,40.74149],[-74.00887,40.74161],[-74.00882,40.74182],[-74.00874,40.74215],[-74.00873,40.7422],[-74.00871,40.74233]]}},{"type":"Feature","properties":{"n":7,"s":16.5},"geometry":{"type":"LineString","coordinates":[[-74.00871,40.74233],[-74.00869,40.74233],[-74.00866,40.74232],[-74.00864,40.74232],[-74.00861,40.74232],[-74.00858,40.74233]]}},{"type":"Feature","properties":{"n":5,"s":17.0},"geometry":{"type":"LineString","coordinates":[[-74.00858,40.74233],[-74.00826,40.74239],[-74.00822,40.7424],[-74.00819,40.74241],[-74.00816,40.74242],[-74.00813,40.74243],[-74.0081,40.74245],[-74.00807,40.74246],[-74.00804,40.74248],[-74.00786,40.74263]]}},{"type":"Feature","properties":{"n":3,"s":13.0},"geometry":{"type":"LineString","coordinates":[[-73.99712,40.7223],[-73.9971,40.72236],[-73.99709,40.72238],[-73.99675,40.72323],[-73.99668,40.72341],[-73.99667,40.72343],[-73.99666,40.72345],[-73.99665,40.72347],[-73.99664,40.72348],[-73.99662,40.7235],[-73.99654,40.7236],[-73.9965,40.72364],[-73.99646,40.72369]]}},{"type":"Feature","properties":{"n":6,"s":9.4},"geometry":{"type":"LineString","coordinates":[[-73.99155,40.72709],[-73.9914,40.72702],[-73.99138,40.72701],[-73.99098,40.72685],[-73.98962,40.72627],[-73.98955,40.72624],[-73.98943,40.72619]]}},{"type":"Feature","properties":{"n":4,"s":15.6},"geometry":{"type":"LineString","coordinates":[[-73.98723,40.7292],[-73.98736,40.72926],[-73.98826,40.72964],[-73.9887,40.72983]]}},{"type":"Feature","properties":{"n":5,"s":14.8},"geometry":{"type":"LineString","coordinates":[[-73.9887,40.72983],[-73.98873,40.72984],[-73.98882,40.72987],[-73.98892,40.72992]]}},{"type":"Feature","properties":{"n":5,"s":14.8},"geometry":{"type":"LineString","coordinates":[[-73.98892,40.72992],[-73.989,40.72995],[-73.98929,40.73007],[-73.98935,40.73009],[-73.98948,40.73015]]}},{"type":"Feature","properties":{"n":12,"s":14.1},"geometry":{"type":"LineString","coordinates":[[-73.98948,40.73015],[-73.98961,40.7302],[-73.99006,40.7304],[-73.99034,40.73051],[-73.99038,40.73053],[-73.99043,40.73055],[-73.99049,40.73058]]}},{"type":"Feature","properties":{"n":3,"s":20.4},"geometry":{"type":"LineString","coordinates":[[-73.94162,40.79863],[-73.94169,40.79853],[-73.94197,40.79816],[-73.94208,40.79801],[-73.94212,40.79795]]}},{"type":"Feature","properties":{"n":3,"s":22.9},"geometry":{"type":"LineString","coordinates":[[-73.94442,40.79481],[-73.94445,40.79476],[-73.94471,40.7944],[-73.94483,40.79424],[-73.94487,40.79418]]}},{"type":"Feature","properties":{"n":3,"s":22.9},"geometry":{"type":"LineString","coordinates":[[-73.94487,40.79418],[-73.94491,40.79413],[-73.94529,40.79362],[-73.94533,40.79356]]}},{"type":"Feature","properties":{"n":3,"s":22.9},"geometry":{"type":"LineString","coordinates":[[-73.94533,40.79356],[-73.94537,40.7935],[-73.94575,40.79298],[-73.94579,40.79293]]}},{"type":"Feature","properties":{"n":18,"s":16.6},"geometry":{"type":"LineString","coordinates":[[-73.99381,40.74662],[-73.99385,40.74656],[-73.99411,40.7462],[-73.99422,40.74607],[-73.99425,40.74602]]}},{"type":"Feature","properties":{"n":21,"s":16.2},"geometry":{"type":"LineString","coordinates":[[-73.99425,40.74602],[-73.9943,40.74594],[-73.99466,40.74545],[-73.99471,40.74538]]}},{"type":"Feature","properties":{"n":19,"s":16.9},"geometry":{"type":"LineString","coordinates":[[-73.99471,40.74538],[-73.99475,40.74533],[-73.99501,40.74497],[-73.99511,40.74484],[-73.99516,40.74477]]}},{"type":"Feature","properties":{"n":19,"s":16.9},"geometry":{"type":"LineString","coordinates":[[-73.99516,40.74477],[-73.9952,40.74471],[-73.99527,40.74462],[-73.9954,40.74443],[-73.99557,40.7442],[-73.99564,40.74411]]}},{"type":"Feature","properties":{"n":19,"s":16.9},"geometry":{"type":"LineString","coordinates":[[-73.99564,40.74411],[-73.99571,40.74401],[-73.99571,40.744],[-73.99598,40.74363],[-73.99609,40.74349],[-73.99613,40.74343]]}},{"type":"Feature","properties":{"n":19,"s":16.9},"geometry":{"type":"LineString","coordinates":[[-73.99613,40.74343],[-73.99617,40.74337],[-73.9965,40.74292],[-73.99654,40.74287],[-73.99657,40.74283]]}},{"type":"Feature","properties":{"n":18,"s":17.1},"geometry":{"type":"LineString","coordinates":[[-73.99657,40.74283],[-73.99662,40.74276],[-73.99687,40.74241],[-73.99693,40.74233],[-73.99696,40.74229],[-73.997,40.74223]]}},{"type":"Feature","properties":{"n":16,"s":17.5},"geometry":{"type":"LineString","coordinates":[[-73.997,40.74223],[-73.99705,40.74217],[-73.99739,40.74171],[-73.99743,40.74164]]}},{"type":"Feature","properties":{"n":4,"s":12.4},"geometry":{"type":"LineString","coordinates":[[-74.00745,40.70724],[-74.00742,40.70722],[-74.00683,40.70678],[-74.00678,40.70674]]}},{"type":"Feature","properties":{"n":4,"s":15.5},"geometry":{"type":"LineString","coordinates":[[-74.00502,40.70685],[-74.00494,40.7069],[-74.00457,40.70713],[-74.00419,40.70737],[-74.00407,40.70744]]}},{"type":"Feature","properties":{"n":3,"s":15.7},"geometry":{"type":"LineString","coordinates":[[-74.00407,40.70744],[-74.00399,40.70751],[-74.00364,40.70786],[-74.0035,40.70801],[-74.00345,40.70806]]}},{"type":"Feature","properties":{"n":3,"s":15.7},"geometry":{"type":"LineString","coordinates":[[-74.00345,40.70806],[-74.0034,40.7081],[-74.00329,40.7082],[-74.0029,40.70852],[-74.00286,40.70856],[-74.00284,40.70857],[-74.00258,40.70879],[-74.0025,40.70885]]}},{"type":"Feature","properties":{"n":3,"s":15.7},"geometry":{"type":"LineString","coordinates":[[-74.0025,40.70885],[-74.00245,40.70889],[-74.00212,40.70913],[-74.00198,40.70924],[-74.00181,40.70937],[-74.00173,40.70943],[-74.00166,40.70949]]}},{"type":"Feature","properties":{"n":4,"s":14.3},"geometry":{"type":"LineString","coordinates":[[-74.00166,40.70949],[-74.00162,40.70952],[-74.00158,40.70957],[-74.00155,40.7096]]}},{"type":"Feature","properties":{"n":4,"s":14.3},"geometry":{"type":"LineString","coordinates":[[-74.00155,40.7096],[-74.00145,40.70973],[-74.00129,40.70995],[-74.00125,40.71001],[-74.00121,40.71006]]}},{"type":"Feature","properties":{"n":4,"s":14.3},"geometry":{"type":"LineString","coordinates":[[-74.00121,40.71006],[-74.00111,40.71019]]}},{"type":"Feature","properties":{"n":4,"s":14.3},"geometry":{"type":"LineString","coordinates":[[-74.00111,40.71019],[-74.00105,40.71029],[-74.00086,40.71055],[-74.00065,40.71083],[-74.0006,40.7109],[-74.00049,40.711]]}},{"type":"Feature","properties":{"n":4,"s":14.3},"geometry":{"type":"LineString","coordinates":[[-74.00049,40.711],[-74.00038,40.71111],[-74.00009,40.7114],[-73.9998,40.71168],[-73.99971,40.71179]]}},{"type":"Feature","properties":{"n":3,"s":15.7},"geometry":{"type":"LineString","coordinates":[[-73.99971,40.71179],[-73.99961,40.71189],[-73.99953,40.71198],[-73.99947,40.71203],[-73.9993,40.7122],[-73.999,40.71249],[-73.99893,40.71255]]}},{"type":"Feature","properties":{"n":3,"s":15.7},"geometry":{"type":"LineString","coordinates":[[-73.99893,40.71255],[-73.99888,40.71261],[-73.99879,40.7127],[-73.99839,40.71309],[-73.99829,40.71318],[-73.99829,40.71319],[-73.99822,40.71326]]}},{"type":"Feature","properties":{"n":3,"s":15.7},"geometry":{"type":"LineString","coordinates":[[-73.99822,40.71326],[-73.99837,40.71337],[-73.9984,40.71339],[-73.99845,40.71342],[-73.9985,40.71345]]}},{"type":"Feature","properties":{"n":4,"s":16.5},"geometry":{"type":"LineString","coordinates":[[-73.9985,40.71345],[-73.99835,40.71351],[-73.9981,40.71362],[-73.99798,40.71367]]}},{"type":"Feature","properties":{"n":3,"s":17.4},"geometry":{"type":"LineString","coordinates":[[-73.99798,40.71367],[-73.99791,40.71361],[-73.99787,40.71358],[-73.99784,40.71355],[-73.99778,40.7135],[-73.99775,40.71348],[-73.99771,40.71346],[-73.99767,40.71345],[-73.99764,40.71345],[-73.99761,40.71345],[-73.99737,40.71346],[-73.9973,40.71347]]}},{"type":"Feature","properties":{"n":3,"s":17.4},"geometry":{"type":"LineString","coordinates":[[-73.9973,40.71347],[-73.99724,40.71347],[-73.99615,40.71356],[-73.99491,40.71367],[-73.99468,40.71369],[-73.99457,40.7137]]}},{"type":"Feature","properties":{"n":3,"s":17.4},"geometry":{"type":"LineString","coordinates":[[-73.99457,40.7137],[-73.99449,40.7137],[-73.9942,40.71373],[-73.99401,40.71374],[-73.99395,40.71375]]}},{"type":"Feature","properties":{"n":3,"s":17.4},"geometry":{"type":"LineString","coordinates":[[-73.99395,40.71375],[-73.99385,40.71376],[-73.99298,40.71383]]}},{"type":"Feature","properties":{"n":3,"s":17.4},"geometry":{"type":"LineString","coordinates":[[-73.99298,40.71383],[-73.9929,40.71383],[-73.99286,40.71384],[-73.99276,40.71385]]}},{"type":"Feature","properties":{"n":3,"s":17.4},"geometry":{"type":"LineString","coordinates":[[-73.99276,40.71385],[-73.99262,40.71386],[-73.99249,40.71387]]}},{"type":"Feature","properties":{"n":4,"s":22.7},"geometry":{"type":"LineString","coordinates":[[-73.98627,40.72228],[-73.98622,40.72237],[-73.98621,40.72238],[-73.98618,40.72242],[-73.98617,40.72243],[-73.986,40.72267],[-73.9858,40.72294],[-73.98575,40.72301]]}},{"type":"Feature","properties":{"n":6,"s":19.3},"geometry":{"type":"LineString","coordinates":[[-73.98575,40.72301],[-73.98569,40.72308],[-73.98532,40.72359],[-73.98528,40.72365]]}},{"type":"Feature","properties":{"n":5,"s":19.3},"geometry":{"type":"LineString","coordinates":[[-73.98528,40.72365],[-73.98524,40.7237],[-73.98488,40.7242],[-73.98483,40.72427]]}},{"type":"Feature","properties":{"n":5,"s":19.3},"geometry":{"type":"LineString","coordinates":[[-73.98483,40.72427],[-73.98478,40.72434],[-73.98465,40.72452],[-73.98454,40.72466],[-73.98444,40.7248],[-73.9844,40.72486]]}},{"type":"Feature","properties":{"n":8,"s":18.5},"geometry":{"type":"LineString","coordinates":[[-73.9844,40.72486],[-73.98437,40.7249],[-73.98434,40.72494],[-73.98428,40.72502],[-73.98399,40.72542],[-73.98395,40.72547]]}},{"type":"Feature","properties":{"n":7,"s":19.8},"geometry":{"type":"LineString","coordinates":[[-73.98395,40.72547],[-73.98391,40.72553],[-73.98357,40.72599],[-73.98353,40.72605]]}},{"type":"Feature","properties":{"n":11,"s":11.8},"geometry":{"type":"LineString","coordinates":[[-73.98627,40.72228],[-73.98633,40.72216]]}},{"type":"Feature","properties":{"n":11,"s":11.8},"geometry":{"type":"LineString","coordinates":[[-73.98633,40.72216],[-73.98638,40.72208],[-73.9864,40.72204],[-73.98657,40.72172],[-73.98668,40.72151],[-73.98674,40.72139],[-73.98692,40.72104],[-73.98695,40.72099]]}},{"type":"Feature","properties":{"n":10,"s":13.5},"geometry":{"type":"LineString","coordinates":[[-73.98695,40.72099],[-73.98697,40.72094],[-73.98713,40.72064],[-73.98728,40.72034],[-73.98751,40.71989],[-73.98754,40.71983]]}},{"type":"Feature","properties":{"n":6,"s":13.3},"geometry":{"type":"LineString","coordinates":[[-73.96143,40.71019],[-73.96131,40.71015],[-73.96105,40.71008],[-73.96097,40.71007],[-73.9609,40.71005],[-73.96082,40.71004],[-73.96075,40.71003],[-73.96041,40.70999],[-73.96012,40.70996],[-73.96005,40.70995],[-73.95997,40.70993],[-73.9599,40.70991],[-73.95983,40.70989],[-73.95901,40.70961],[-73.95897,40.70959],[-73.95886,40.70955]]}},{"type":"Feature","properties":{"n":6,"s":13.3},"geometry":{"type":"LineString","coordinates":[[-73.95886,40.70955],[-73.95882,40.70963],[-73.95864,40.70991]]}},{"type":"Feature","properties":{"n":5,"s":14.0},"geometry":{"type":"LineString","coordinates":[[-73.95864,40.70991],[-73.9585,40.71011],[-73.95848,40.71014],[-73.95846,40.71018]]}},{"type":"Feature","properties":{"n":5,"s":14.0},"geometry":{"type":"LineString","coordinates":[[-73.95846,40.71018],[-73.95834,40.71019],[-73.958,40.71022],[-73.95799,40.71022]]}},{"type":"Feature","properties":{"n":5,"s":14.0},"geometry":{"type":"LineString","coordinates":[[-73.95799,40.71022],[-73.95746,40.71027],[-73.95689,40.71033],[-73.95683,40.71034],[-73.95678,40.71034],[-73.95669,40.71035]]}},{"type":"Feature","properties":{"n":5,"s":14.0},"geometry":{"type":"LineString","coordinates":[[-73.95669,40.71035],[-73.95653,40.71037]]}},{"type":"Feature","properties":{"n":5,"s":14.0},"geometry":{"type":"LineString","coordinates":[[-73.95653,40.71037],[-73.95635,40.7104]]}},{"type":"Feature","properties":{"n":5,"s":14.0},"geometry":{"type":"LineString","coordinates":[[-73.95635,40.7104],[-73.95613,40.71043],[-73.95564,40.71048],[-73.95523,40.71053],[-73.95512,40.71054]]}},{"type":"Feature","properties":{"n":4,"s":18.0},"geometry":{"type":"LineString","coordinates":[[-73.95512,40.71054],[-73.95504,40.71054],[-73.95447,40.7106]]}},{"type":"Feature","properties":{"n":4,"s":18.0},"geometry":{"type":"LineString","coordinates":[[-73.95447,40.7106],[-73.95438,40.71061],[-73.95405,40.71064],[-73.9537,40.71068],[-73.9536,40.71069]]}},{"type":"Feature","properties":{"n":4,"s":18.0},"geometry":{"type":"LineString","coordinates":[[-73.9536,40.71069],[-73.9535,40.7107],[-73.95309,40.71074],[-73.9528,40.71077]]}},{"type":"Feature","properties":{"n":4,"s":18.0},"geometry":{"type":"LineString","coordinates":[[-73.9528,40.71077],[-73.95242,40.71081],[-73.95179,40.71088],[-73.95167,40.71089]]}},{"type":"Feature","properties":{"n":4,"s":18.0},"geometry":{"type":"LineString","coordinates":[[-73.95167,40.71089],[-73.9514,40.71094]]}},{"type":"Feature","properties":{"n":4,"s":18.0},"geometry":{"type":"LineString","coordinates":[[-73.9514,40.71094],[-73.95128,40.71095],[-73.95124,40.71095],[-73.95112,40.71096]]}},{"type":"Feature","properties":{"n":4,"s":18.0},"geometry":{"type":"LineString","coordinates":[[-73.95112,40.71096],[-73.951,40.71097],[-73.95069,40.711],[-73.95034,40.71103],[-73.94999,40.71106],[-73.94929,40.71113],[-73.94899,40.71116],[-73.94889,40.71117]]}},{"type":"Feature","properties":{"n":4,"s":18.0},"geometry":{"type":"LineString","coordinates":[[-73.94889,40.71117],[-73.9488,40.71118],[-73.94849,40.71121],[-73.94733,40.71132],[-73.94724,40.71132]]}},{"type":"Feature","properties":{"n":4,"s":18.0},"geometry":{"type":"LineString","coordinates":[[-73.94724,40.71132],[-73.94716,40.71133],[-73.94711,40.71134],[-73.94599,40.71144],[-73.94572,40.71147],[-73.94568,40.71147],[-73.9456,40.71148]]}},{"type":"Feature","properties":{"n":3,"s":20.7},"geometry":{"type":"LineString","coordinates":[[-73.9456,40.71148],[-73.94551,40.71149],[-73.94435,40.7116],[-73.94402,40.71163],[-73.94391,40.71164]]}},{"type":"Feature","properties":{"n":3,"s":20.7},"geometry":{"type":"LineString","coordinates":[[-73.94391,40.71164],[-73.94381,40.71165],[-73.94351,40.71168],[-73.94231,40.71179],[-73.94223,40.7118]]}},{"type":"Feature","properties":{"n":3,"s":11.7},"geometry":{"type":"LineString","coordinates":[[-74.00478,40.73755],[-74.00465,40.73755],[-74.00394,40.73754],[-74.00386,40.73754]]}},{"type":"Feature","properties":{"n":3,"s":11.7},"geometry":{"type":"LineString","coordinates":[[-74.00386,40.73754],[-74.00379,40.73754],[-74.00191,40.73769],[-74.00188,40.73768],[-74.00176,40.73766]]}},{"type":"Feature","properties":{"n":3,"s":16.0},"geometry":{"type":"LineString","coordinates":[[-74.00176,40.73766],[-74.0017,40.73765],[-74.00164,40.73764],[-74.00163,40.73764],[-74.00156,40.73761],[-74.00078,40.73729],[-74.00063,40.73722]]}},{"type":"Feature","properties":{"n":3,"s":16.4},"geometry":{"type":"LineString","coordinates":[[-74.00063,40.73722],[-74.00052,40.73718],[-73.99794,40.73609],[-73.9978,40.73603]]}},{"type":"Feature","properties":{"n":15,"s":17.9},"geometry":{"type":"LineString","coordinates":[[-74.00813,40.71199],[-74.00819,40.71193],[-74.00826,40.71185],[-74.00848,40.71159]]}},{"type":"Feature","properties":{"n":7,"s":14.6},"geometry":{"type":"LineString","coordinates":[[-73.98474,40.76416],[-73.98488,40.76422],[-73.98745,40.76531],[-73.98758,40.76537]]}},{"type":"Feature","properties":{"n":3,"s":6.6},"geometry":{"type":"LineString","coordinates":[[-74.00384,40.72346],[-74.00391,40.72347],[-74.00459,40.72359],[-74.00465,40.7236],[-74.0048,40.72363]]}},{"type":"Feature","properties":{"n":3,"s":6.6},"geometry":{"type":"LineString","coordinates":[[-74.0048,40.72363],[-74.00487,40.72364],[-74.00494,40.72366],[-74.00499,40.72366],[-74.00591,40.72376],[-74.00598,40.72376],[-74.00611,40.72379]]}},{"type":"Feature","properties":{"n":4,"s":8.5},"geometry":{"type":"LineString","coordinates":[[-74.00682,40.71978],[-74.00695,40.7198],[-74.00847,40.71996],[-74.00858,40.71997]]}},{"type":"Feature","properties":{"n":3,"s":17.4},"geometry":{"type":"LineString","coordinates":[[-73.98754,40.71983],[-73.98766,40.71987],[-73.9883,40.72006],[-73.98836,40.72008]]}},{"type":"Feature","properties":{"n":5,"s":18.1},"geometry":{"type":"LineString","coordinates":[[-73.98836,40.72008],[-73.98842,40.7201],[-73.98905,40.72029],[-73.98911,40.72031]]}},{"type":"Feature","properties":{"n":5,"s":18.1},"geometry":{"type":"LineString","coordinates":[[-73.98911,40.72031],[-73.98918,40.72033],[-73.98952,40.72043],[-73.98961,40.72046]]}},{"type":"Feature","properties":{"n":12,"s":17.5},"geometry":{"type":"LineString","coordinates":[[-73.98961,40.72046],[-73.98958,40.72052],[-73.98904,40.72157],[-73.98902,40.72161]]}},{"type":"Feature","properties":{"n":12,"s":17.5},"geometry":{"type":"LineString","coordinates":[[-73.98902,40.72161],[-73.989,40.72167],[-73.98892,40.72186],[-73.98888,40.72199],[-73.98875,40.72234],[-73.98862,40.7227],[-73.9886,40.72275],[-73.98859,40.72285]]}},{"type":"Feature","properties":{"n":15,"s":18.9},"geometry":{"type":"LineString","coordinates":[[-73.98859,40.72285],[-73.98863,40.72298]]}},{"type":"Feature","properties":{"n":17,"s":18.7},"geometry":{"type":"LineString","coordinates":[[-73.98863,40.72298],[-73.98856,40.72306],[-73.98848,40.72321],[-73.98845,40.72328]]}},{"type":"Feature","properties":{"n":3,"s":26.1},"geometry":{"type":"LineString","coordinates":[[-73.9602,40.69846],[-73.96029,40.69845],[-73.961,40.69834],[-73.96105,40.69833]]}},{"type":"Feature","properties":{"n":3,"s":26.1},"geometry":{"type":"LineString","coordinates":[[-73.96105,40.69833],[-73.96112,40.69832],[-73.9618,40.69821],[-73.96191,40.69819]]}},{"type":"Feature","properties":{"n":3,"s":26.1},"geometry":{"type":"LineString","coordinates":[[-73.96191,40.69819],[-73.96202,40.69817],[-73.96272,40.69806],[-73.96284,40.69804]]}},{"type":"Feature","properties":{"n":4,"s":24.9},"geometry":{"type":"LineString","coordinates":[[-74.00121,40.71006],[-74.00125,40.71001],[-74.00129,40.70995],[-74.00145,40.70973],[-74.00155,40.7096]]}},{"type":"Feature","properties":{"n":4,"s":24.9},"geometry":{"type":"LineString","coordinates":[[-74.00155,40.7096],[-74.00158,40.70957],[-74.00162,40.70952],[-74.00166,40.70949]]}},{"type":"Feature","properties":{"n":4,"s":24.9},"geometry":{"type":"LineString","coordinates":[[-74.00166,40.70949],[-74.00173,40.70943],[-74.00181,40.70937],[-74.00198,40.70924],[-74.00212,40.70913],[-74.00245,40.70889],[-74.0025,40.70885]]}},{"type":"Feature","properties":{"n":4,"s":24.9},"geometry":{"type":"LineString","coordinates":[[-74.0025,40.70885],[-74.00258,40.70879],[-74.00284,40.70857],[-74.00286,40.70856],[-74.0029,40.70852],[-74.00329,40.7082],[-74.0034,40.7081],[-74.00345,40.70806]]}},{"type":"Feature","properties":{"n":4,"s":24.9},"geometry":{"type":"LineString","coordinates":[[-74.00345,40.70806],[-74.0035,40.70801],[-74.00364,40.70786],[-74.00399,40.70751],[-74.00407,40.70744]]}},{"type":"Feature","properties":{"n":3,"s":30.7},"geometry":{"type":"LineString","coordinates":[[-74.00407,40.70744],[-74.00419,40.70737],[-74.00457,40.70713],[-74.00494,40.7069],[-74.00502,40.70685]]}},{"type":"Feature","properties":{"n":3,"s":30.7},"geometry":{"type":"LineString","coordinates":[[-74.00502,40.70685],[-74.0051,40.70679],[-74.00569,40.70638]]}},{"type":"Feature","properties":{"n":3,"s":30.7},"geometry":{"type":"LineString","coordinates":[[-74.00569,40.70638],[-74.00596,40.7062],[-74.00602,40.70615]]}},{"type":"Feature","properties":{"n":3,"s":30.7},"geometry":{"type":"LineString","coordinates":[[-74.00602,40.70615],[-74.00609,40.7061],[-74.00666,40.7057],[-74.00671,40.70566],[-74.00675,40.70563]]}},{"type":"Feature","properties":{"n":4,"s":20.3},"geometry":{"type":"LineString","coordinates":[[-74.00745,40.70606],[-74.00748,40.70604],[-74.00786,40.70565],[-74.00787,40.70563],[-74.0079,40.7056],[-74.00792,40.70557],[-74.00794,40.70554]]}},{"type":"Feature","properties":{"n":4,"s":20.3},"geometry":{"type":"LineString","coordinates":[[-74.00794,40.70554],[-74.00796,40.70552],[-74.00797,40.7055],[-74.00803,40.70544]]}},{"type":"Feature","properties":{"n":3,"s":22.6},"geometry":{"type":"LineString","coordinates":[[-74.00803,40.70544],[-74.00814,40.70534],[-74.00824,40.70525],[-74.00835,40.70517],[-74.00847,40.7051],[-74.0086,40.70503],[-74.00876,40.70494],[-74.00893,40.70485]]}},{"type":"Feature","properties":{"n":3,"s":22.6},"geometry":{"type":"LineString","coordinates":[[-74.00893,40.70485],[-74.00931,40.70464],[-74.00938,40.70461],[-74.00948,40.70456]]}},{"type":"Feature","properties":{"n":4,"s":19.2},"geometry":{"type":"LineString","coordinates":[[-73.99864,40.71352],[-73.9985,40.71345]]}},{"type":"Feature","properties":{"n":4,"s":18.1},"geometry":{"type":"LineString","coordinates":[[-73.99022,40.71405],[-73.99008,40.71407],[-73.98932,40.71413],[-73.98879,40.71418],[-73.9887,40.71418]]}},{"type":"Feature","properties":{"n":4,"s":18.1},"geometry":{"type":"LineString","coordinates":[[-73.9887,40.71418],[-73.98861,40.71419],[-73.9873,40.71431],[-73.98726,40.71431],[-73.98717,40.71432]]}},{"type":"Feature","properties":{"n":4,"s":18.1},"geometry":{"type":"LineString","coordinates":[[-73.98717,40.71432],[-73.98717,40.7144],[-73.98717,40.71443],[-73.98716,40.71462],[-73.98715,40.71484],[-73.98713,40.71497],[-73.98712,40.71502],[-73.98711,40.71508],[-73.98711,40.7151],[-73.98709,40.71519],[-73.98707,40.71526],[-73.987,40.71541],[-73.98693,40.71557],[-73.98683,40.71577],[-73.98678,40.71586],[-73.98673,40.71593]]}},{"type":"Feature","properties":{"n":4,"s":18.1},"geometry":{"type":"LineString","coordinates":[[-73.98673,40.71593],[-73.98669,40.71597]]}},{"type":"Feature","properties":{"n":4,"s":18.1},"geometry":{"type":"LineString","coordinates":[[-73.98669,40.71597],[-73.98667,40.716],[-73.98663,40.71604],[-73.98663,40.71605],[-73.98622,40.71684],[-73.98619,40.7169]]}},{"type":"Feature","properties":{"n":4,"s":18.1},"geometry":{"type":"LineString","coordinates":[[-73.98619,40.7169],[-73.98616,40.71696],[-73.98592,40.71743],[-73.9859,40.71747],[-73.98586,40.71753]]}},{"type":"Feature","properties":{"n":4,"s":18.1},"geometry":{"type":"LineString","coordinates":[[-73.98586,40.71753],[-73.98585,40.71755],[-73.98584,40.71758],[-73.98582,40.71762]]}},{"type":"Feature","properties":{"n":3,"s":19.7},"geometry":{"type":"LineString","coordinates":[[-73.95407,40.71219],[-73.95389,40.71248]]}},{"type":"Feature","properties":{"n":3,"s":19.7},"geometry":{"type":"LineString","coordinates":[[-73.95389,40.71248],[-73.95387,40.71252],[-73.95349,40.71312]]}},{"type":"Feature","properties":{"n":3,"s":19.7},"geometry":{"type":"LineString","coordinates":[[-73.95349,40.71312],[-73.9533,40.71345],[-73.95295,40.71398],[-73.95285,40.71406]]}},{"type":"Feature","properties":{"n":3,"s":18.6},"geometry":{"type":"LineString","coordinates":[[-73.95285,40.71406],[-73.95273,40.71418],[-73.95243,40.71445],[-73.95189,40.71493],[-73.95177,40.71503]]}},{"type":"Feature","properties":{"n":3,"s":18.6},"geometry":{"type":"LineString","coordinates":[[-73.95177,40.71503],[-73.95168,40.71511],[-73.95134,40.71536]]}},{"type":"Feature","properties":{"n":3,"s":18.6},"geometry":{"type":"LineString","coordinates":[[-73.95134,40.71536],[-73.95016,40.71621]]}},{"type":"Feature","properties":{"n":3,"s":18.6},"geometry":{"type":"LineString","coordinates":[[-73.95016,40.71621],[-73.94985,40.71641],[-73.94976,40.71647]]}},{"type":"Feature","properties":{"n":3,"s":10.0},"geometry":{"type":"LineString","coordinates":[[-73.98633,40.72216],[-73.98622,40.72213],[-73.98578,40.72199],[-73.98569,40.72197],[-73.98563,40.72195],[-73.98554,40.72192]]}},{"type":"Feature","properties":{"n":4,"s":11.1},"geometry":{"type":"LineString","coordinates":[[-73.98554,40.72192],[-73.98547,40.7219],[-73.98504,40.72177],[-73.98484,40.72171],[-73.98479,40.7217],[-73.98471,40.72167]]}},{"type":"Feature","properties":{"n":4,"s":11.1},"geometry":{"type":"LineString","coordinates":[[-73.98471,40.72167],[-73.98461,40.72164],[-73.98442,40.72159],[-73.98396,40.72145],[-73.98387,40.72142]]}},{"type":"Feature","properties":{"n":5,"s":11.1},"geometry":{"type":"LineString","coordinates":[[-73.98387,40.72142],[-73.98378,40.72139],[-73.9834,40.72128],[-73.98303,40.72116]]}},{"type":"Feature","properties":{"n":3,"s":12.4},"geometry":{"type":"LineString","coordinates":[[-73.97623,40.68702],[-73.97603,40.68704],[-73.97567,40.68708],[-73.97558,40.68709]]}},{"type":"Feature","properties":{"n":3,"s":12.4},"geometry":{"type":"LineString","coordinates":[[-73.97558,40.68709],[-73.97549,40.6871],[-73.97483,40.68717],[-73.9747,40.68718],[-73.97462,40.68719]]}},{"type":"Feature","properties":{"n":3,"s":12.4},"geometry":{"type":"LineString","coordinates":[[-73.97462,40.68719],[-73.97454,40.6872],[-73.97421,40.68724],[-73.97374,40.68729],[-73.97365,40.6873]]}},{"type":"Feature","properties":{"n":3,"s":16.2},"geometry":{"type":"LineString","coordinates":[[-73.98824,40.71848],[-73.98822,40.71853],[-73.98817,40.71863]]}},{"type":"Feature","properties":{"n":11,"s":16.7},"geometry":{"type":"LineString","coordinates":[[-73.98817,40.71863],[-73.98829,40.71867],[-73.98883,40.71883],[-73.98886,40.71884],[-73.98891,40.71885],[-73.98898,40.71887]]}},{"type":"Feature","properties":{"n":11,"s":14.3},"geometry":{"type":"LineString","coordinates":[[-73.98898,40.71887],[-73.98904,40.71889],[-73.98963,40.71907],[-73.98967,40.71909],[-73.98973,40.71911]]}},{"type":"Feature","properties":{"n":13,"s":13.9},"geometry":{"type":"LineString","coordinates":[[-73.98973,40.71911],[-73.9898,40.71913],[-73.99009,40.71921],[-73.99013,40.71922],[-73.99021,40.71925]]}},{"type":"Feature","properties":{"n":7,"s":17.0},"geometry":{"type":"LineString","coordinates":[[-73.99021,40.71925],[-73.99016,40.71934],[-73.98997,40.71974],[-73.98993,40.71983],[-73.98976,40.72016],[-73.98963,40.72042],[-73.98961,40.72046]]}},{"type":"Feature","properties":{"n":7,"s":23.6},"geometry":{"type":"LineString","coordinates":[[-73.95195,40.80387],[-73.95191,40.80392],[-73.95152,40.80444],[-73.95148,40.8045]]}},{"type":"Feature","properties":{"n":3,"s":16.5},"geometry":{"type":"LineString","coordinates":[[-73.98812,40.72799],[-73.98824,40.72804],[-73.98945,40.72855],[-73.9898,40.7287]]}},{"type":"Feature","properties":{"n":3,"s":16.5},"geometry":{"type":"LineString","coordinates":[[-73.9898,40.7287],[-73.99017,40.72886],[-73.99022,40.72888],[-73.99037,40.72894]]}},{"type":"Feature","properties":{"n":3,"s":12.9},"geometry":{"type":"LineString","coordinates":[[-73.98256,40.73135],[-73.98244,40.7313],[-73.98221,40.73121],[-73.98206,40.73115],[-73.98175,40.73102],[-73.98107,40.73073],[-73.98105,40.73072],[-73.98102,40.73071],[-73.98093,40.73065],[-73.9809,40.73064],[-73.98075,40.73058],[-73.98073,40.73057],[-73.98046,40.73045],[-73.98036,40.73041]]}},{"type":"Feature","properties":{"n":3,"s":13.0},"geometry":{"type":"LineString","coordinates":[[-73.98036,40.73041],[-73.98026,40.73038],[-73.97999,40.73027],[-73.97844,40.72961],[-73.97813,40.72948],[-73.97803,40.72944]]}},{"type":"Feature","properties":{"n":26,"s":16.8},"geometry":{"type":"LineString","coordinates":[[-73.99013,40.75166],[-73.99017,40.7516],[-73.99055,40.75109],[-73.99061,40.75101]]}},{"type":"Feature","properties":{"n":26,"s":16.6},"geometry":{"type":"LineString","coordinates":[[-73.99061,40.75101],[-73.99068,40.75092],[-73.99107,40.75039],[-73.9911,40.75034]]}},{"type":"Feature","properties":{"n":25,"s":17.4},"geometry":{"type":"LineString","coordinates":[[-73.9911,40.75034],[-73.99115,40.75027],[-73.99118,40.75022],[-73.9915,40.74979],[-73.99152,40.74977],[-73.99156,40.74971]]}},{"type":"Feature","properties":{"n":15,"s":18.5},"geometry":{"type":"LineString","coordinates":[[-73.99156,40.74971],[-73.99159,40.74967],[-73.99162,40.74963],[-73.99197,40.74915],[-73.99201,40.7491]]}},{"type":"Feature","properties":{"n":14,"s":18.5},"geometry":{"type":"LineString","coordinates":[[-73.99201,40.7491],[-73.99205,40.74904],[-73.99241,40.74854],[-73.99246,40.74847]]}},{"type":"Feature","properties":{"n":14,"s":18.2},"geometry":{"type":"LineString","coordinates":[[-73.99246,40.74847],[-73.9925,40.74841],[-73.99287,40.74791],[-73.9929,40.74786]]}},{"type":"Feature","properties":{"n":15,"s":17.8},"geometry":{"type":"LineString","coordinates":[[-73.9929,40.74786],[-73.99295,40.7478],[-73.99316,40.74753],[-73.99324,40.74741],[-73.99331,40.7473],[-73.99332,40.74729],[-73.99336,40.74724]]}},{"type":"Feature","properties":{"n":17,"s":17.4},"geometry":{"type":"LineString","coordinates":[[-73.99336,40.74724],[-73.9934,40.74718],[-73.99362,40.74688],[-73.99376,40.74669],[-73.99381,40.74662]]}},{"type":"Feature","properties":{"n":4,"s":12.8},"geometry":{"type":"LineString","coordinates":[[-73.99968,40.73856],[-73.99981,40.73861],[-74.00005,40.73871],[-74.00019,40.73877],[-74.00033,40.73882],[-74.00038,40.73885],[-74.00047,40.73889],[-74.00054,40.73893],[-74.00168,40.73941],[-74.00203,40.73955],[-74.00214,40.7396],[-74.00238,40.7397],[-74.00249,40.73974]]}},{"type":"Feature","properties":{"n":6,"s":13.5},"geometry":{"type":"LineString","coordinates":[[-74.00249,40.73974],[-74.00266,40.73981],[-74.00298,40.73994],[-74.00312,40.74],[-74.00498,40.74078],[-74.00504,40.74081],[-74.00514,40.74085]]}},{"type":"Feature","properties":{"n":6,"s":13.5},"geometry":{"type":"LineString","coordinates":[[-74.00514,40.74085],[-74.00525,40.7409],[-74.00543,40.74098]]}},{"type":"Feature","properties":{"n":4,"s":12.8},"geometry":{"type":"LineString","coordinates":[[-74.00699,40.74164],[-74.00706,40.74155],[-74.00709,40.7415],[-74.00743,40.74104],[-74.00745,40.741],[-74.00749,40.74095]]}},{"type":"Feature","properties":{"n":12,"s":20.7},"geometry":{"type":"LineString","coordinates":[[-73.9485,40.7447],[-73.94836,40.74476],[-73.9482,40.74482],[-73.94809,40.74487],[-73.94751,40.74509]]}},{"type":"Feature","properties":{"n":12,"s":20.7},"geometry":{"type":"LineString","coordinates":[[-73.94751,40.74509],[-73.94682,40.74535],[-73.94654,40.74547]]}},{"type":"Feature","properties":{"n":12,"s":20.7},"geometry":{"type":"LineString","coordinates":[[-73.94654,40.74547],[-73.94618,40.74561]]}},{"type":"Feature","properties":{"n":12,"s":20.7},"geometry":{"type":"LineString","coordinates":[[-73.94618,40.74561],[-73.94575,40.74578],[-73.94564,40.74582]]}},{"type":"Feature","properties":{"n":11,"s":20.9},"geometry":{"type":"LineString","coordinates":[[-73.94564,40.74582],[-73.94552,40.74584],[-73.94543,40.74586],[-73.94486,40.74609]]}},{"type":"Feature","properties":{"n":11,"s":20.9},"geometry":{"type":"LineString","coordinates":[[-73.94486,40.74609],[-73.94409,40.7464],[-73.94399,40.74644]]}},{"type":"Feature","properties":{"n":11,"s":20.9},"geometry":{"type":"LineString","coordinates":[[-73.94399,40.74644],[-73.9439,40.74647],[-73.94336,40.74669],[-73.94332,40.7467],[-73.94324,40.74674]]}},{"type":"Feature","properties":{"n":11,"s":20.9},"geometry":{"type":"LineString","coordinates":[[-73.94324,40.74674],[-73.94316,40.74677]]}},{"type":"Feature","properties":{"n":11,"s":20.9},"geometry":{"type":"LineString","coordinates":[[-73.94316,40.74677],[-73.94305,40.74681],[-73.94282,40.74691],[-73.94254,40.74702],[-73.94238,40.74708]]}},{"type":"Feature","properties":{"n":12,"s":22.4},"geometry":{"type":"LineString","coordinates":[[-73.94238,40.74708],[-73.94223,40.74713],[-73.94181,40.74728],[-73.94152,40.74739],[-73.94144,40.74742]]}},{"type":"Feature","properties":{"n":12,"s":22.4},"geometry":{"type":"LineString","coordinates":[[-73.94144,40.74742],[-73.94121,40.7475]]}},{"type":"Feature","properties":{"n":12,"s":22.4},"geometry":{"type":"LineString","coordinates":[[-73.94121,40.7475],[-73.94108,40.74755],[-73.94058,40.74773]]}},{"type":"Feature","properties":{"n":12,"s":22.4},"geometry":{"type":"LineString","coordinates":[[-73.94058,40.74773],[-73.94027,40.74784],[-73.93998,40.74794],[-73.93979,40.74801],[-73.93975,40.74803]]}},{"type":"Feature","properties":{"n":12,"s":22.4},"geometry":{"type":"LineString","coordinates":[[-73.93975,40.74803],[-73.9396,40.74813]]}},{"type":"Feature","properties":{"n":12,"s":22.4},"geometry":{"type":"LineString","coordinates":[[-73.9396,40.74813],[-73.93929,40.74824],[-73.93918,40.74828]]}},{"type":"Feature","properties":{"n":12,"s":22.4},"geometry":{"type":"LineString","coordinates":[[-73.93918,40.74828],[-73.93904,40.74833],[-73.93892,40.74837]]}},{"type":"Feature","properties":{"n":12,"s":22.4},"geometry":{"type":"LineString","coordinates":[[-73.93892,40.74837],[-73.93854,40.7485],[-73.93842,40.74855],[-73.93791,40.74874],[-73.93764,40.74883]]}},{"type":"Feature","properties":{"n":12,"s":22.4},"geometry":{"type":"LineString","coordinates":[[-73.93764,40.74883],[-73.93755,40.74887],[-73.93739,40.74893]]}},{"type":"Feature","properties":{"n":12,"s":23.0},"geometry":{"type":"LineString","coordinates":[[-73.93739,40.74893],[-73.93722,40.74898],[-73.93719,40.74899],[-73.93688,40.74913],[-73.93679,40.74917],[-73.93674,40.74921],[-73.93662,40.74931]]}},{"type":"Feature","properties":{"n":21,"s":21.5},"geometry":{"type":"LineString","coordinates":[[-73.93662,40.74931],[-73.93649,40.7494]]}},{"type":"Feature","properties":{"n":21,"s":21.5},"geometry":{"type":"LineString","coordinates":[[-73.93649,40.7494],[-73.93621,40.74964],[-73.93613,40.74971]]}},{"type":"Feature","properties":{"n":19,"s":21.7},"geometry":{"type":"LineString","coordinates":[[-73.93613,40.74971],[-73.93567,40.75014],[-73.93537,40.75042],[-73.9352,40.75057],[-73.93515,40.75062],[-73.9348,40.75093],[-73.93478,40.75095],[-73.93477,40.75095],[-73.93474,40.75098]]}},{"type":"Feature","properties":{"n":19,"s":21.7},"geometry":{"type":"LineString","coordinates":[[-73.93474,40.75098],[-73.93469,40.75102],[-73.93461,40.75108],[-73.93454,40.75113],[-73.93447,40.75117],[-73.93418,40.75135],[-73.93405,40.75143],[-73.93391,40.75151],[-73.93378,40.75157]]}},{"type":"Feature","properties":{"n":3,"s":24.6},"geometry":{"type":"LineString","coordinates":[[-73.93378,40.75157],[-73.93368,40.75172],[-73.93364,40.75177],[-73.93355,40.75193],[-73.93297,40.75262],[-73.93295,40.75264],[-73.93291,40.75269]]}},{"type":"Feature","properties":{"n":3,"s":24.6},"geometry":{"type":"LineString","coordinates":[[-73.93291,40.75269],[-73.93286,40.75275],[-73.93284,40.75277],[-73.93268,40.75298],[-73.93212,40.75367],[-73.93207,40.75372],[-73.93202,40.75379]]}},{"type":"Feature","properties":{"n":3,"s":24.6},"geometry":{"type":"LineString","coordinates":[[-73.93202,40.75379],[-73.93196,40.75386],[-73.93111,40.75491],[-73.93106,40.75497]]}},{"type":"Feature","properties":{"n":3,"s":24.6},"geometry":{"type":"LineString","coordinates":[[-73.93106,40.75497],[-73.931,40.75504],[-73.9298,40.75652],[-73.92975,40.75658]]}},{"type":"Feature","properties":{"n":3,"s":24.6},"geometry":{"type":"LineString","coordinates":[[-73.92975,40.75658],[-73.92969,40.75666],[-73.92924,40.75721],[-73.92855,40.75807],[-73.9285,40.75813]]}},{"type":"Feature","properties":{"n":3,"s":24.6},"geometry":{"type":"LineString","coordinates":[[-73.9285,40.75813],[-73.92844,40.75821],[-73.92735,40.75955],[-73.9273,40.7596],[-73.92725,40.75967]]}},{"type":"Feature","properties":{"n":3,"s":24.6},"geometry":{"type":"LineString","coordinates":[[-73.92725,40.75967],[-73.92719,40.75974],[-73.92662,40.76045],[-73.92651,40.76058],[-73.92629,40.76085],[-73.92597,40.76124],[-73.92567,40.7616],[-73.92547,40.76186],[-73.92544,40.7619],[-73.92538,40.76197]]}},{"type":"Feature","properties":{"n":18,"s":15.0},"geometry":{"type":"LineString","coordinates":[[-73.98869,40.74851],[-73.98859,40.74847],[-73.98837,40.74838],[-73.98827,40.74834],[-73.98819,40.7483]]}},{"type":"Feature","properties":{"n":11,"s":15.9},"geometry":{"type":"LineString","coordinates":[[-73.98819,40.7483],[-73.98808,40.74826],[-73.98748,40.74799],[-73.98569,40.74723],[-73.98563,40.74721],[-73.98549,40.74715]]}},{"type":"Feature","properties":{"n":14,"s":17.3},"geometry":{"type":"LineString","coordinates":[[-73.98549,40.74715],[-73.98538,40.74711],[-73.98492,40.74691],[-73.98399,40.74652],[-73.98389,40.74648]]}},{"type":"Feature","properties":{"n":3,"s":18.9},"geometry":{"type":"LineString","coordinates":[[-73.93227,40.69732],[-73.93215,40.69725],[-73.93192,40.69713],[-73.93185,40.69708]]}},{"type":"Feature","properties":{"n":5,"s":19.1},"geometry":{"type":"LineString","coordinates":[[-73.98845,40.72328],[-73.98841,40.72334],[-73.98827,40.72352],[-73.98801,40.72388],[-73.98797,40.72394]]}},{"type":"Feature","properties":{"n":8,"s":17.7},"geometry":{"type":"LineString","coordinates":[[-73.98797,40.72394],[-73.98792,40.72401],[-73.98764,40.7244],[-73.9876,40.72445],[-73.98754,40.72453],[-73.9875,40.72458]]}},{"type":"Feature","properties":{"n":6,"s":18.7},"geometry":{"type":"LineString","coordinates":[[-73.9875,40.72458],[-73.98746,40.72464],[-73.9871,40.72514],[-73.98705,40.7252]]}},{"type":"Feature","properties":{"n":8,"s":17.6},"geometry":{"type":"LineString","coordinates":[[-73.98705,40.7252],[-73.987,40.72528],[-73.98689,40.72543],[-73.98676,40.72561],[-73.98667,40.72574],[-73.98662,40.7258]]}},{"type":"Feature","properties":{"n":7,"s":17.4},"geometry":{"type":"LineString","coordinates":[[-73.98662,40.7258],[-73.98658,40.72586],[-73.98622,40.72635],[-73.98618,40.72641]]}},{"type":"Feature","properties":{"n":7,"s":17.4},"geometry":{"type":"LineString","coordinates":[[-73.98618,40.72641],[-73.98614,40.72646],[-73.98594,40.72673],[-73.98579,40.72693],[-73.98575,40.72699]]}},{"type":"Feature","properties":{"n":7,"s":17.4},"geometry":{"type":"LineString","coordinates":[[-73.98575,40.72699],[-73.98571,40.72704],[-73.98534,40.72755],[-73.98531,40.7276]]}},{"type":"Feature","properties":{"n":10,"s":17.5},"geometry":{"type":"LineString","coordinates":[[-73.98531,40.7276],[-73.98527,40.72765],[-73.98505,40.72796],[-73.98494,40.7281],[-73.98492,40.72814],[-73.98487,40.7282]]}},{"type":"Feature","properties":{"n":10,"s":17.5},"geometry":{"type":"LineString","coordinates":[[-73.98487,40.7282],[-73.98484,40.72825],[-73.98451,40.72869],[-73.98448,40.72873],[-73.98444,40.72878]]}},{"type":"Feature","properties":{"n":4,"s":14.7},"geometry":{"type":"LineString","coordinates":[[-73.98548,40.72204],[-73.98558,40.72206],[-73.98609,40.72222],[-73.98615,40.72224],[-73.98627,40.72228]]}},{"type":"Feature","properties":{"n":6,"s":13.9},"geometry":{"type":"LineString","coordinates":[[-73.99787,40.72933],[-73.99783,40.72938],[-73.9974,40.72989],[-73.99736,40.72994]]}},{"type":"Feature","properties":{"n":8,"s":15.2},"geometry":{"type":"LineString","coordinates":[[-73.96255,40.71253],[-73.96251,40.71259],[-73.96211,40.71322],[-73.96208,40.71327]]}},{"type":"Feature","properties":{"n":8,"s":15.2},"geometry":{"type":"LineString","coordinates":[[-73.96208,40.71327],[-73.96204,40.71333],[-73.96171,40.71386],[-73.96168,40.7139]]}},{"type":"Feature","properties":{"n":8,"s":15.2},"geometry":{"type":"LineString","coordinates":[[-73.96168,40.7139],[-73.96165,40.71395],[-73.96133,40.71443],[-73.96128,40.7145]]}},{"type":"Feature","properties":{"n":8,"s":15.2},"geometry":{"type":"LineString","coordinates":[[-73.96128,40.7145],[-73.96122,40.71457],[-73.96092,40.71485],[-73.96088,40.71489]]}},{"type":"Feature","properties":{"n":8,"s":15.2},"geometry":{"type":"LineString","coordinates":[[-73.96088,40.71489],[-73.96083,40.71494],[-73.9605,40.71524],[-73.96044,40.71531]]}},{"type":"Feature","properties":{"n":8,"s":15.2},"geometry":{"type":"LineString","coordinates":[[-73.96044,40.71531],[-73.96036,40.71538],[-73.96022,40.71551],[-73.96018,40.71554],[-73.96014,40.71558]]}},{"type":"Feature","properties":{"n":8,"s":15.2},"geometry":{"type":"LineString","coordinates":[[-73.96014,40.71558],[-73.96009,40.71563],[-73.95956,40.71613],[-73.9595,40.71618]]}},{"type":"Feature","properties":{"n":9,"s":14.8},"geometry":{"type":"LineString","coordinates":[[-73.9595,40.71618],[-73.95946,40.71622],[-73.95896,40.71668],[-73.95891,40.71673]]}},{"type":"Feature","properties":{"n":8,"s":15.2},"geometry":{"type":"LineString","coordinates":[[-73.95891,40.71673],[-73.95886,40.71678],[-73.95837,40.71724],[-73.95832,40.71728]]}},{"type":"Feature","properties":{"n":6,"s":15.2},"geometry":{"type":"LineString","coordinates":[[-73.95832,40.71728],[-73.95826,40.71733],[-73.95777,40.71779],[-73.95772,40.71784]]}},{"type":"Feature","properties":{"n":6,"s":15.2},"geometry":{"type":"LineString","coordinates":[[-73.95772,40.71784],[-73.95767,40.71788],[-73.95718,40.71834],[-73.95713,40.71839]]}},{"type":"Feature","properties":{"n":4,"s":11.2},"geometry":{"type":"LineString","coordinates":[[-73.95713,40.71839],[-73.95708,40.71844],[-73.95659,40.71889],[-73.95654,40.71894]]}},{"type":"Feature","properties":{"n":4,"s":11.2},"geometry":{"type":"LineString","coordinates":[[-73.95654,40.71894],[-73.95648,40.71899],[-73.95599,40.71945],[-73.95594,40.71949]]}},{"type":"Feature","properties":{"n":4,"s":11.2},"geometry":{"type":"LineString","coordinates":[[-73.95594,40.71949],[-73.95601,40.71954],[-73.95712,40.72023],[-73.95716,40.72025],[-73.95722,40.72029]]}},{"type":"Feature","properties":{"n":5,"s":11.1},"geometry":{"type":"LineString","coordinates":[[-73.95722,40.72029],[-73.95717,40.72035],[-73.95709,40.72041],[-73.95675,40.72073],[-73.95668,40.7208],[-73.95663,40.72085]]}},{"type":"Feature","properties":{"n":4,"s":11.2},"geometry":{"type":"LineString","coordinates":[[-73.95663,40.72085],[-73.95657,40.7209],[-73.9565,40.72097],[-73.95616,40.72128],[-73.95609,40.72135],[-73.95604,40.7214]]}},{"type":"Feature","properties":{"n":4,"s":14.7},"geometry":{"type":"LineString","coordinates":[[-74.00115,40.7318],[-74.00108,40.73176],[-74.00095,40.73171]]}},{"type":"Feature","properties":{"n":7,"s":14.2},"geometry":{"type":"LineString","coordinates":[[-73.998,40.73295],[-73.99794,40.73292],[-73.99693,40.7325],[-73.99652,40.73233],[-73.99645,40.7323],[-73.99637,40.73226]]}},{"type":"Feature","properties":{"n":6,"s":14.8},"geometry":{"type":"LineString","coordinates":[[-73.99637,40.73226],[-73.99627,40.73222],[-73.99567,40.73197],[-73.9956,40.73194],[-73.99523,40.73178],[-73.99494,40.73166],[-73.99487,40.73163],[-73.9948,40.7316]]}},{"type":"Feature","properties":{"n":4,"s":40.2},"geometry":{"type":"LineString","coordinates":[[-73.91825,40.77147],[-73.91842,40.77153],[-73.91856,40.77159],[-73.91875,40.7717],[-73.91887,40.77178],[-73.91907,40.7719],[-73.91931,40.77206],[-73.91942,40.77213],[-73.9197,40.77229],[-73.91987,40.77239]]}},{"type":"Feature","properties":{"n":4,"s":40.2},"geometry":{"type":"LineString","coordinates":[[-73.91987,40.77239],[-73.92036,40.77273],[-73.92143,40.77348],[-73.92164,40.77363],[-73.92186,40.7738],[-73.92204,40.77395],[-73.92222,40.77411],[-73.9224,40.77428],[-73.92257,40.77445],[-73.92274,40.77463],[-73.9229,40.77481],[-73.92304,40.77499],[-73.92385,40.77607],[-73.92415,40.77646],[-73.92909,40.78294],[-73.92941,40.78336],[-73.92954,40.78353],[-73.92964,40.7837],[-73.92971,40.78384],[-73.92978,40.78398],[-73.92985,40.78414],[-73.9299,40.7843],[-73.92993,40.78444],[-73.92996,40.7846],[-73.92998,40.78478],[-73.92999,40.78494],[-73.92998,40.78513],[-73.92996,40.7853],[-73.92993,40.78549],[-73.92987,40.78567],[-73.92981,40.78583],[-73.92974,40.78598],[-73.92965,40.78614],[-73.92956,40.78629],[-73.92945,40.78645],[-73.92934,40.7866],[-73.92924,40.78672],[-73.92898,40.78703],[-73.92858,40.78751],[-73.92823,40.7879],[-73.9279,40.78828],[-73.92757,40.78865],[-73.92724,40.78902],[-73.92693,40.78938],[-73.92668,40.78966],[-73.92636,40.79002],[-73.92604,40.79038],[-73.92571,40.79074],[-73.92459,40.79198]]}},{"type":"Feature","properties":{"n":3,"s":14.0},"geometry":{"type":"LineString","coordinates":[[-73.98906,40.73073],[-73.98892,40.73067],[-73.98752,40.73007]]}},{"type":"Feature","properties":{"n":7,"s":12.8},"geometry":{"type":"LineString","coordinates":[[-73.98444,40.72878],[-73.98432,40.72872],[-73.9824,40.72791],[-73.98234,40.72789],[-73.98224,40.72785]]}},{"type":"Feature","properties":{"n":3,"s":11.8},"geometry":{"type":"LineString","coordinates":[[-73.98224,40.72785],[-73.98227,40.7278],[-73.9823,40.72776],[-73.98259,40.72736],[-73.98261,40.72733],[-73.98265,40.72727]]}},{"type":"Feature","properties":{"n":11,"s":18.2},"geometry":{"type":"LineString","coordinates":[[-73.99411,40.72034],[-73.99415,40.72025],[-73.99422,40.72008],[-73.99425,40.71982]]}},{"type":"Feature","properties":{"n":11,"s":18.2},"geometry":{"type":"LineString","coordinates":[[-73.99425,40.71982],[-73.99434,40.71959],[-73.99437,40.71953],[-73.99439,40.71947]]}},{"type":"Feature","properties":{"n":11,"s":18.2},"geometry":{"type":"LineString","coordinates":[[-73.99439,40.71947],[-73.99442,40.71941],[-73.99444,40.71935],[-73.99476,40.71859],[-73.99478,40.71854],[-73.99481,40.71848]]}},{"type":"Feature","properties":{"n":10,"s":18.8},"geometry":{"type":"LineString","coordinates":[[-73.99481,40.71848],[-73.99485,40.71839],[-73.99487,40.71834],[-73.99507,40.71793],[-73.99512,40.71784],[-73.99518,40.71775],[-73.99523,40.71765],[-73.99529,40.71755],[-73.99538,40.71738],[-73.99541,40.71734],[-73.99544,40.71729]]}},{"type":"Feature","properties":{"n":9,"s":18.2},"geometry":{"type":"LineString","coordinates":[[-73.97481,40.7559],[-73.97477,40.75596],[-73.97443,40.75643],[-73.97439,40.75647],[-73.97436,40.75653]]}},{"type":"Feature","properties":{"n":8,"s":19.3},"geometry":{"type":"LineString","coordinates":[[-73.97436,40.75653],[-73.97432,40.75658],[-73.97397,40.75705],[-73.97394,40.7571],[-73.9739,40.75714]]}},{"type":"Feature","properties":{"n":6,"s":23.4},"geometry":{"type":"LineString","coordinates":[[-73.9739,40.75714],[-73.97386,40.7572],[-73.97351,40.75768],[-73.97348,40.75772],[-73.97347,40.75774],[-73.97344,40.75778]]}},{"type":"Feature","properties":{"n":6,"s":23.4},"geometry":{"type":"LineString","coordinates":[[-73.97344,40.75778],[-73.9734,40.75783],[-73.97306,40.7583],[-73.97302,40.75835],[-73.97298,40.75841]]}},{"type":"Feature","properties":{"n":6,"s":23.4},"geometry":{"type":"LineString","coordinates":[[-73.97298,40.75841],[-73.97294,40.75846],[-73.9726,40.75893],[-73.97257,40.75897],[-73.97253,40.75903]]}},{"type":"Feature","properties":{"n":5,"s":23.6},"geometry":{"type":"LineString","coordinates":[[-73.97253,40.75903],[-73.97249,40.75909],[-73.97215,40.75955],[-73.97212,40.75959],[-73.97207,40.75965]]}},{"type":"Feature","properties":{"n":5,"s":26.9},"geometry":{"type":"LineString","coordinates":[[-73.97207,40.75965],[-73.97203,40.75971],[-73.97169,40.76019],[-73.97166,40.76022],[-73.97161,40.76029]]}},{"type":"Feature","properties":{"n":5,"s":26.9},"geometry":{"type":"LineString","coordinates":[[-73.97161,40.76029],[-73.97158,40.76034],[-73.97123,40.76081],[-73.9712,40.76085],[-73.97116,40.76091]]}},{"type":"Feature","properties":{"n":10,"s":22.1},"geometry":{"type":"LineString","coordinates":[[-73.97116,40.76091],[-73.97112,40.76096],[-73.97076,40.76145],[-73.97074,40.76148],[-73.97067,40.76158]]}},{"type":"Feature","properties":{"n":9,"s":22.2},"geometry":{"type":"LineString","coordinates":[[-73.97067,40.76158],[-73.97055,40.76153],[-73.9705,40.7615],[-73.96989,40.76125],[-73.96951,40.76109],[-73.96924,40.76098],[-73.96913,40.76093]]}},{"type":"Feature","properties":{"n":8,"s":21.2},"geometry":{"type":"LineString","coordinates":[[-73.96913,40.76093],[-73.96903,40.76089],[-73.96869,40.76075],[-73.96833,40.76059],[-73.96798,40.76044],[-73.96767,40.76032],[-73.96758,40.76027]]}},{"type":"Feature","properties":{"n":9,"s":19.5},"geometry":{"type":"LineString","coordinates":[[-73.93924,40.75018],[-73.93897,40.75007],[-73.93886,40.75002],[-73.93882,40.75],[-73.93878,40.74998],[-73.9385,40.74986],[-73.93816,40.74971],[-73.93791,40.74961]]}},{"type":"Feature","properties":{"n":9,"s":19.5},"geometry":{"type":"LineString","coordinates":[[-73.93791,40.74961],[-73.93786,40.74959],[-73.93772,40.74952]]}},{"type":"Feature","properties":{"n":9,"s":19.5},"geometry":{"type":"LineString","coordinates":[[-73.93772,40.74952],[-73.93763,40.74949],[-73.93761,40.74948],[-73.93754,40.74945],[-73.93746,40.74943],[-73.93737,40.7494],[-73.9371,40.74935],[-73.93676,40.74932],[-73.93662,40.74931]]}},{"type":"Feature","properties":{"n":16,"s":21.2},"geometry":{"type":"LineString","coordinates":[[-73.93378,40.75157],[-73.93355,40.75166],[-73.93343,40.7517],[-73.93332,40.75174],[-73.9333,40.75174],[-73.93318,40.75178],[-73.93304,40.75182],[-73.9329,40.75185],[-73.93275,40.75188],[-73.93264,40.7519],[-73.93248,40.75193],[-73.93234,40.75195],[-73.93232,40.75195],[-73.93219,40.75196],[-73.93203,40.75197],[-73.93192,40.75198]]}},{"type":"Feature","properties":{"n":16,"s":21.2},"geometry":{"type":"LineString","coordinates":[[-73.93192,40.75198],[-73.93181,40.75198],[-73.9315,40.75199],[-73.93144,40.75199],[-73.93126,40.75199]]}},{"type":"Feature","properties":{"n":16,"s":21.2},"geometry":{"type":"LineString","coordinates":[[-73.93126,40.75199],[-73.93111,40.75199],[-73.93061,40.752],[-73.9302,40.75201],[-73.93009,40.75201]]}},{"type":"Feature","properties":{"n":16,"s":21.2},"geometry":{"type":"LineString","coordinates":[[-73.93009,40.75201],[-73.93002,40.75201],[-73.92976,40.75202],[-73.92947,40.75202],[-73.92926,40.75203],[-73.92913,40.75203],[-73.92895,40.75203]]}},{"type":"Feature","properties":{"n":15,"s":21.5},"geometry":{"type":"LineString","coordinates":[[-73.92895,40.75203],[-73.92798,40.75205],[-73.9279,40.75205]]}},{"type":"Feature","properties":{"n":15,"s":21.5},"geometry":{"type":"LineString","coordinates":[[-73.9279,40.75205],[-73.92783,40.75205],[-73.92714,40.75206],[-73.92657,40.75207],[-73.92647,40.75207]]}},{"type":"Feature","properties":{"n":14,"s":21.9},"geometry":{"type":"LineString","coordinates":[[-73.92647,40.75207],[-73.92638,40.75207],[-73.92598,40.75208]]}},{"type":"Feature","properties":{"n":14,"s":21.9},"geometry":{"type":"LineString","coordinates":[[-73.92598,40.75208],[-73.92582,40.75209],[-73.92575,40.75211],[-73.92561,40.75213],[-73.92552,40.75216]]}},{"type":"Feature","properties":{"n":14,"s":21.9},"geometry":{"type":"LineString","coordinates":[[-73.92552,40.75216],[-73.92544,40.75217],[-73.92524,40.75223],[-73.92452,40.75238],[-73.92436,40.75242]]}},{"type":"Feature","properties":{"n":11,"s":22.2},"geometry":{"type":"LineString","coordinates":[[-73.92436,40.75242],[-73.92429,40.75244],[-73.92417,40.75247],[-73.92384,40.75254],[-73.92371,40.75258],[-73.92339,40.75264],[-73.92325,40.75267],[-73.92305,40.75271],[-73.92297,40.75273],[-73.92284,40.75276]]}},{"type":"Feature","properties":{"n":11,"s":22.2},"geometry":{"type":"LineString","coordinates":[[-73.92284,40.75276],[-73.92271,40.75279],[-73.92246,40.75284],[-73.92212,40.75292]]}},{"type":"Feature","properties":{"n":11,"s":22.2},"geometry":{"type":"LineString","coordinates":[[-73.92212,40.75292],[-73.92162,40.75303],[-73.92149,40.75306]]}},{"type":"Feature","properties":{"n":11,"s":22.2},"geometry":{"type":"LineString","coordinates":[[-73.92149,40.75306],[-73.92138,40.75309],[-73.92065,40.75325],[-73.92057,40.75327],[-73.92047,40.75329]]}},{"type":"Feature","properties":{"n":12,"s":21.7},"geometry":{"type":"LineString","coordinates":[[-73.92047,40.75329],[-73.92022,40.75334]]}},{"type":"Feature","properties":{"n":9,"s":22.5},"geometry":{"type":"LineString","coordinates":[[-73.92022,40.75334],[-73.9201,40.75337],[-73.92005,40.75338],[-73.91993,40.7534],[-73.91959,40.75348],[-73.91951,40.7535],[-73.91907,40.7536]]}},{"type":"Feature","properties":{"n":9,"s":22.5},"geometry":{"type":"LineString","coordinates":[[-73.91907,40.7536],[-73.91875,40.75367]]}},{"type":"Feature","properties":{"n":9,"s":22.5},"geometry":{"type":"LineString","coordinates":[[-73.91875,40.75367],[-73.9186,40.7537],[-73.91853,40.75372],[-73.91838,40.75375],[-73.91824,40.75377],[-73.9181,40.7538],[-73.91797,40.75382],[-73.91795,40.75382],[-73.91782,40.75384],[-73.91768,40.75385],[-73.91761,40.75386]]}},{"type":"Feature","properties":{"n":7,"s":24.4},"geometry":{"type":"LineString","coordinates":[[-73.91761,40.75386],[-73.91739,40.75388],[-73.91713,40.75389],[-73.91687,40.7539],[-73.91678,40.7539],[-73.91659,40.75389],[-73.91648,40.75389]]}},{"type":"Feature","properties":{"n":7,"s":24.4},"geometry":{"type":"LineString","coordinates":[[-73.91648,40.75389],[-73.91637,40.75389],[-73.9162,40.75387],[-73.91606,40.75386],[-73.91602,40.75386],[-73.91591,40.75385],[-73.91576,40.75383],[-73.91563,40.75381],[-73.91554,40.7538],[-73.91545,40.75379]]}},{"type":"Feature","properties":{"n":6,"s":26.0},"geometry":{"type":"LineString","coordinates":[[-73.91545,40.75379],[-73.91534,40.75377],[-73.91481,40.75368],[-73.91468,40.75366]]}},{"type":"Feature","properties":{"n":6,"s":26.0},"geometry":{"type":"LineString","coordinates":[[-73.91468,40.75366],[-73.91455,40.75363]]}},{"type":"Feature","properties":{"n":6,"s":26.0},"geometry":{"type":"LineString","coordinates":[[-73.91455,40.75363],[-73.91446,40.75362],[-73.91416,40.75357],[-73.914,40.75354],[-73.91385,40.75352],[-73.91358,40.75347],[-73.91348,40.75346]]}},{"type":"Feature","properties":{"n":6,"s":26.0},"geometry":{"type":"LineString","coordinates":[[-73.91348,40.75346],[-73.91262,40.75331],[-73.91252,40.7533]]}},{"type":"Feature","properties":{"n":6,"s":26.0},"geometry":{"type":"LineString","coordinates":[[-73.91252,40.7533],[-73.91243,40.75328],[-73.91194,40.7532],[-73.91138,40.7531],[-73.91129,40.75309],[-73.91087,40.75301]]}},{"type":"Feature","properties":{"n":6,"s":26.0},"geometry":{"type":"LineString","coordinates":[[-73.91087,40.75301],[-73.91078,40.753],[-73.91068,40.75299],[-73.91061,40.75298]]}},{"type":"Feature","properties":{"n":6,"s":26.0},"geometry":{"type":"LineString","coordinates":[[-73.91061,40.75298],[-73.91051,40.75298],[-73.91038,40.75297],[-73.91024,40.75297]]}},{"type":"Feature","properties":{"n":6,"s":26.0},"geometry":{"type":"LineString","coordinates":[[-73.91024,40.75297],[-73.9102,40.75301],[-73.91017,40.75305],[-73.91012,40.75309],[-73.90993,40.75326],[-73.90981,40.75337],[-73.90969,40.75348],[-73.90958,40.75359],[-73.90946,40.75371],[-73.90935,40.75384],[-73.90923,40.75398],[-73.90913,40.75411],[-73.90906,40.75421],[-73.90901,40.75428]]}},{"type":"Feature","properties":{"n":6,"s":26.0},"geometry":{"type":"LineString","coordinates":[[-73.90901,40.75428],[-73.90896,40.75436],[-73.90878,40.75463],[-73.90862,40.75494],[-73.90857,40.75505],[-73.90848,40.75524],[-73.90847,40.75529]]}},{"type":"Feature","properties":{"n":5,"s":26.7},"geometry":{"type":"LineString","coordinates":[[-73.90847,40.75529],[-73.90842,40.75541],[-73.90842,40.75543],[-73.90835,40.7556],[-73.90794,40.75674],[-73.90788,40.7569],[-73.90782,40.75699]]}},{"type":"Feature","properties":{"n":5,"s":26.7},"geometry":{"type":"LineString","coordinates":[[-73.90782,40.75699],[-73.90772,40.75697],[-73.90745,40.75699],[-73.90737,40.757]]}},{"type":"Feature","properties":{"n":5,"s":26.7},"geometry":{"type":"LineString","coordinates":[[-73.90737,40.757],[-73.90728,40.757],[-73.90647,40.75709]]}},{"type":"Feature","properties":{"n":5,"s":26.7},"geometry":{"type":"LineString","coordinates":[[-73.90647,40.75709],[-73.90565,40.75718],[-73.90558,40.75719]]}},{"type":"Feature","properties":{"n":5,"s":26.7},"geometry":{"type":"LineString","coordinates":[[-73.90558,40.75719],[-73.90549,40.7572],[-73.90485,40.75726]]}},{"type":"Feature","properties":{"n":5,"s":26.7},"geometry":{"type":"LineString","coordinates":[[-73.90485,40.75726],[-73.90438,40.7573],[-73.9041,40.75734],[-73.90392,40.75735],[-73.90368,40.75738]]}},{"type":"Feature","properties":{"n":5,"s":26.7},"geometry":{"type":"LineString","coordinates":[[-73.90368,40.75738],[-73.90365,40.75738],[-73.90332,40.75742],[-73.90286,40.75746],[-73.90279,40.75747]]}},{"type":"Feature","properties":{"n":5,"s":26.7},"geometry":{"type":"LineString","coordinates":[[-73.90279,40.75747],[-73.90271,40.75748],[-73.9019,40.75756]]}},{"type":"Feature","properties":{"n":5,"s":26.7},"geometry":{"type":"LineString","coordinates":[[-73.9019,40.75756],[-73.90177,40.75758],[-73.90079,40.75768],[-73.90026,40.75774],[-73.90004,40.75776],[-73.89929,40.75784],[-73.89922,40.75785]]}},{"type":"Feature","properties":{"n":5,"s":26.7},"geometry":{"type":"LineString","coordinates":[[-73.89922,40.75785],[-73.89924,40.75794],[-73.89925,40.75803],[-73.89926,40.75824],[-73.89925,40.7584],[-73.89922,40.75858],[-73.89917,40.75877],[-73.8991,40.75893],[-73.89881,40.75941],[-73.8985,40.75986],[-73.89844,40.75995]]}},{"type":"Feature","properties":{"n":5,"s":26.7},"geometry":{"type":"LineString","coordinates":[[-73.89844,40.75995],[-73.89827,40.76021]]}},{"type":"Feature","properties":{"n":5,"s":26.7},"geometry":{"type":"LineString","coordinates":[[-73.89827,40.76021],[-73.8982,40.76031],[-73.89817,40.76035],[-73.89808,40.76049],[-73.89803,40.76056],[-73.89796,40.76066],[-73.89771,40.76102]]}},{"type":"Feature","properties":{"n":5,"s":26.7},"geometry":{"type":"LineString","coordinates":[[-73.89771,40.76102],[-73.89737,40.76152],[-73.89703,40.762]]}},{"type":"Feature","properties":{"n":5,"s":26.7},"geometry":{"type":"LineString","coordinates":[[-73.89703,40.762],[-73.89671,40.76248],[-73.89637,40.76296],[-73.89629,40.76305],[-73.89621,40.76314],[-73.89613,40.76323],[-73.89603,40.76332],[-73.89592,40.76341],[-73.89582,40.76348],[-73.89547,40.76372],[-73.89527,40.76387],[-73.89518,40.76394],[-73.89509,40.76402],[-73.89503,40.76409],[-73.89497,40.76415],[-73.89492,40.76422],[-73.89487,40.7643],[-73.89481,40.7644],[-73.8944,40.76515],[-73.89435,40.76522],[-73.8943,40.76528],[-73.89425,40.76533],[-73.89419,40.76539],[-73.89412,40.76544],[-73.89403,40.76551],[-73.89395,40.76556],[-73.89386,40.76561],[-73.89378,40.76565],[-73.89369,40.76568],[-73.89359,40.76571],[-73.89347,40.76574],[-73.89337,40.76576],[-73.89322,40.76579]]}},{"type":"Feature","properties":{"n":5,"s":26.7},"geometry":{"type":"LineString","coordinates":[[-73.89322,40.76579],[-73.89312,40.76579],[-73.89303,40.76578],[-73.89282,40.76575],[-73.89244,40.76574]]}},{"type":"Feature","properties":{"n":5,"s":26.7},"geometry":{"type":"LineString","coordinates":[[-73.89244,40.76574],[-73.8919,40.7657]]}},{"type":"Feature","properties":{"n":3,"s":27.2},"geometry":{"type":"LineString","coordinates":[[-73.8919,40.7657],[-73.89184,40.7657],[-73.89169,40.76569],[-73.89156,40.76568],[-73.89143,40.76566],[-73.89123,40.76563],[-73.89103,40.7656],[-73.89056,40.76551]]}},{"type":"Feature","properties":{"n":3,"s":27.2},"geometry":{"type":"LineString","coordinates":[[-73.89056,40.76551],[-73.89021,40.76553],[-73.89015,40.76554],[-73.89009,40.76555],[-73.89003,40.76557]]}},{"type":"Feature","properties":{"n":3,"s":27.2},"geometry":{"type":"LineString","coordinates":[[-73.89003,40.76557],[-73.88998,40.76559],[-73.88993,40.76561],[-73.88989,40.76564],[-73.8896,40.76585]]}},{"type":"Feature","properties":{"n":3,"s":27.2},"geometry":{"type":"LineString","coordinates":[[-73.8896,40.76585],[-73.88954,40.7659],[-73.88946,40.76595],[-73.88938,40.76599],[-73.8893,40.76604],[-73.88918,40.76608]]}},{"type":"Feature","properties":{"n":3,"s":27.2},"geometry":{"type":"LineString","coordinates":[[-73.88918,40.76608],[-73.88902,40.76612],[-73.88837,40.76626],[-73.88826,40.76627]]}},{"type":"Feature","properties":{"n":3,"s":27.2},"geometry":{"type":"LineString","coordinates":[[-73.88826,40.76627],[-73.88815,40.76629],[-73.88804,40.76629],[-73.88777,40.7663],[-73.88771,40.76631],[-73.88763,40.76632]]}},{"type":"Feature","properties":{"n":3,"s":27.2},"geometry":{"type":"LineString","coordinates":[[-73.88763,40.76632],[-73.88756,40.76633],[-73.88749,40.76635]]}},{"type":"Feature","properties":{"n":3,"s":27.2},"geometry":{"type":"LineString","coordinates":[[-73.88749,40.76635],[-73.8874,40.76637],[-73.88704,40.76644],[-73.88642,40.76657]]}},{"type":"Feature","properties":{"n":3,"s":27.2},"geometry":{"type":"LineString","coordinates":[[-73.88642,40.76657],[-73.88472,40.76693],[-73.8846,40.76696]]}},{"type":"Feature","properties":{"n":3,"s":27.2},"geometry":{"type":"LineString","coordinates":[[-73.8846,40.76696],[-73.8845,40.76698],[-73.88369,40.76712]]}},{"type":"Feature","properties":{"n":3,"s":27.2},"geometry":{"type":"LineString","coordinates":[[-73.88369,40.76712],[-73.8832,40.76721],[-73.88277,40.76728]]}},{"type":"Feature","properties":{"n":3,"s":27.2},"geometry":{"type":"LineString","coordinates":[[-73.88277,40.76728],[-73.8824,40.76734],[-73.88185,40.76744]]}},{"type":"Feature","properties":{"n":3,"s":27.2},"geometry":{"type":"LineString","coordinates":[[-73.88185,40.76744],[-73.88152,40.7675],[-73.8813,40.76754],[-73.88092,40.7676]]}},{"type":"Feature","properties":{"n":3,"s":27.2},"geometry":{"type":"LineString","coordinates":[[-73.88092,40.7676],[-73.87998,40.76771]]}},{"type":"Feature","properties":{"n":3,"s":27.2},"geometry":{"type":"LineString","coordinates":[[-73.87998,40.76771],[-73.87907,40.7678]]}},{"type":"Feature","properties":{"n":3,"s":27.2},"geometry":{"type":"LineString","coordinates":[[-73.87907,40.7678],[-73.87821,40.76789],[-73.87814,40.7679]]}},{"type":"Feature","properties":{"n":3,"s":27.2},"geometry":{"type":"LineString","coordinates":[[-73.87814,40.7679],[-73.87805,40.76791],[-73.87721,40.768]]}},{"type":"Feature","properties":{"n":3,"s":27.2},"geometry":{"type":"LineString","coordinates":[[-73.87721,40.768],[-73.87696,40.76802],[-73.87645,40.76808],[-73.87636,40.76809],[-73.87624,40.7681]]}},{"type":"Feature","properties":{"n":3,"s":27.2},"geometry":{"type":"LineString","coordinates":[[-73.87624,40.7681],[-73.87612,40.76811],[-73.87517,40.76821]]}},{"type":"Feature","properties":{"n":3,"s":27.2},"geometry":{"type":"LineString","coordinates":[[-73.87517,40.76821],[-73.87429,40.76831]]}},{"type":"Feature","properties":{"n":3,"s":27.2},"geometry":{"type":"LineString","coordinates":[[-73.87429,40.76831],[-73.8736,40.76838],[-73.87339,40.7684]]}},{"type":"Feature","properties":{"n":3,"s":27.2},"geometry":{"type":"LineString","coordinates":[[-73.87339,40.7684],[-73.87248,40.7685]]}},{"type":"Feature","properties":{"n":3,"s":27.2},"geometry":{"type":"LineString","coordinates":[[-73.87248,40.7685],[-73.87157,40.76859]]}},{"type":"Feature","properties":{"n":3,"s":27.2},"geometry":{"type":"LineString","coordinates":[[-73.87157,40.76859],[-73.87071,40.76868],[-73.87065,40.76869],[-73.87055,40.7687]]}},{"type":"Feature","properties":{"n":3,"s":27.2},"geometry":{"type":"LineString","coordinates":[[-73.87055,40.7687],[-73.87044,40.76871],[-73.8696,40.7688]]}},{"type":"Feature","properties":{"n":3,"s":27.2},"geometry":{"type":"LineString","coordinates":[[-73.8696,40.7688],[-73.86921,40.7689],[-73.86899,40.76896]]}},{"type":"Feature","properties":{"n":3,"s":27.2},"geometry":{"type":"LineString","coordinates":[[-73.86899,40.76896],[-73.86891,40.76897]]}},{"type":"Feature","properties":{"n":3,"s":27.2},"geometry":{"type":"LineString","coordinates":[[-73.86891,40.76897],[-73.86884,40.769],[-73.86877,40.76905],[-73.86871,40.76912],[-73.86868,40.76917],[-73.86866,40.76924]]}},{"type":"Feature","properties":{"n":3,"s":27.2},"geometry":{"type":"LineString","coordinates":[[-73.86866,40.76924],[-73.86868,40.76934]]}},{"type":"Feature","properties":{"n":3,"s":27.2},"geometry":{"type":"LineString","coordinates":[[-73.86868,40.76934],[-73.86865,40.76949],[-73.86863,40.76955],[-73.86862,40.76961],[-73.8686,40.76966],[-73.86858,40.7697],[-73.86856,40.76974],[-73.86853,40.76978],[-73.86849,40.76982],[-73.86845,40.76985],[-73.86807,40.77018],[-73.86802,40.77023],[-73.86797,40.77026],[-73.86795,40.77028],[-73.86793,40.7703],[-73.86789,40.77032],[-73.86786,40.77033],[-73.86783,40.77034],[-73.86779,40.77034],[-73.86776,40.77035],[-73.86771,40.77035],[-73.86767,40.77034],[-73.86764,40.77034],[-73.86761,40.77033],[-73.86758,40.77032],[-73.86756,40.77031],[-73.86752,40.77029],[-73.86737,40.77019]]}},{"type":"Feature","properties":{"n":7,"s":25.2},"geometry":{"type":"LineString","coordinates":[[-73.96636,40.76474],[-73.9664,40.76468],[-73.96678,40.76417],[-73.96682,40.76411]]}},{"type":"Feature","properties":{"n":6,"s":25.1},"geometry":{"type":"LineString","coordinates":[[-73.96682,40.76411],[-73.96686,40.76405],[-73.96723,40.76354],[-73.96727,40.76348]]}},{"type":"Feature","properties":{"n":6,"s":25.1},"geometry":{"type":"LineString","coordinates":[[-73.96727,40.76348],[-73.96732,40.76342],[-73.96745,40.76324],[-73.96768,40.76292],[-73.96772,40.76287]]}},{"type":"Feature","properties":{"n":5,"s":21.5},"geometry":{"type":"LineString","coordinates":[[-73.96772,40.76287],[-73.96782,40.76291],[-73.9683,40.76311],[-73.96851,40.7632],[-73.96909,40.76344],[-73.96914,40.76346],[-73.96926,40.76351]]}},{"type":"Feature","properties":{"n":5,"s":17.5},"geometry":{"type":"LineString","coordinates":[[-73.96926,40.76351],[-73.96944,40.76359]]}},{"type":"Feature","properties":{"n":3,"s":21.2},"geometry":{"type":"LineString","coordinates":[[-73.96944,40.76359],[-73.96949,40.76352],[-73.96982,40.76306],[-73.96985,40.76301],[-73.9699,40.76295]]}},{"type":"Feature","properties":{"n":3,"s":21.2},"geometry":{"type":"LineString","coordinates":[[-73.9699,40.76295],[-73.96994,40.7629],[-73.97028,40.76243],[-73.97032,40.76238],[-73.97035,40.76233]]}},{"type":"Feature","properties":{"n":3,"s":21.2},"geometry":{"type":"LineString","coordinates":[[-73.97035,40.76233],[-73.9704,40.76227],[-73.97075,40.76179],[-73.97077,40.76175],[-73.97085,40.76165]]}},{"type":"Feature","properties":{"n":3,"s":21.2},"geometry":{"type":"LineString","coordinates":[[-73.97085,40.76165],[-73.97092,40.76155],[-73.97126,40.76108],[-73.97129,40.76104],[-73.97133,40.76098]]}},{"type":"Feature","properties":{"n":3,"s":21.2},"geometry":{"type":"LineString","coordinates":[[-73.97133,40.76098],[-73.97137,40.76092],[-73.97172,40.76045],[-73.97175,40.76041],[-73.97178,40.76036]]}},{"type":"Feature","properties":{"n":3,"s":21.2},"geometry":{"type":"LineString","coordinates":[[-73.97178,40.76036],[-73.97183,40.7603],[-73.97217,40.75983],[-73.97221,40.75978],[-73.97225,40.75973]]}},{"type":"Feature","properties":{"n":3,"s":21.2},"geometry":{"type":"LineString","coordinates":[[-73.97225,40.75973],[-73.97229,40.75967],[-73.97262,40.75921],[-73.97266,40.75916],[-73.9727,40.7591]]}},{"type":"Feature","properties":{"n":4,"s":21.8},"geometry":{"type":"LineString","coordinates":[[-73.9727,40.7591],[-73.97274,40.75904],[-73.97308,40.75858],[-73.97312,40.75853],[-73.97316,40.75848]]}},{"type":"Feature","properties":{"n":4,"s":21.8},"geometry":{"type":"LineString","coordinates":[[-73.97316,40.75848],[-73.9732,40.75842],[-73.97354,40.75795],[-73.97358,40.75791],[-73.97361,40.75785]]}},{"type":"Feature","properties":{"n":4,"s":21.8},"geometry":{"type":"LineString","coordinates":[[-73.97361,40.75785],[-73.97366,40.75779],[-73.974,40.75733],[-73.97403,40.75728],[-73.97408,40.75722]]}},{"type":"Feature","properties":{"n":4,"s":21.8},"geometry":{"type":"LineString","coordinates":[[-73.97408,40.75722],[-73.97411,40.75717],[-73.97446,40.7567],[-73.97449,40.75665],[-73.97453,40.7566]]}},{"type":"Feature","properties":{"n":4,"s":21.8},"geometry":{"type":"LineString","coordinates":[[-73.97453,40.7566],[-73.97457,40.75655],[-73.97493,40.75605],[-73.97495,40.75603],[-73.97498,40.75598]]}},{"type":"Feature","properties":{"n":4,"s":21.8},"geometry":{"type":"LineString","coordinates":[[-73.97498,40.75598],[-73.97503,40.75591],[-73.97538,40.75544],[-73.9754,40.7554],[-73.97544,40.75535]]}},{"type":"Feature","properties":{"n":3,"s":19.9},"geometry":{"type":"LineString","coordinates":[[-73.97544,40.75535],[-73.97554,40.75539],[-73.97556,40.75539],[-73.97557,40.7554],[-73.97606,40.7556]]}},{"type":"Feature","properties":{"n":3,"s":19.9},"geometry":{"type":"LineString","coordinates":[[-73.97606,40.7556],[-73.9761,40.75555],[-73.97613,40.75552],[-73.97648,40.75504],[-73.97651,40.75499]]}},{"type":"Feature","properties":{"n":4,"s":17.1},"geometry":{"type":"LineString","coordinates":[[-73.97651,40.75499],[-73.97656,40.75493],[-73.97693,40.75441],[-73.97697,40.75435]]}},{"type":"Feature","properties":{"n":3,"s":19.9},"geometry":{"type":"LineString","coordinates":[[-73.97697,40.75435],[-73.97701,40.7543],[-73.97713,40.75413],[-73.97739,40.75378],[-73.97743,40.75372]]}},{"type":"Feature","properties":{"n":4,"s":17.5},"geometry":{"type":"LineString","coordinates":[[-73.97743,40.75372],[-73.97747,40.75366],[-73.97781,40.75319],[-73.97782,40.75317],[-73.97784,40.75315]]}},{"type":"Feature","properties":{"n":3,"s":19.9},"geometry":{"type":"LineString","coordinates":[[-73.97784,40.75315],[-73.97785,40.75314],[-73.97787,40.75313],[-73.97789,40.75313],[-73.97791,40.75313],[-73.97794,40.75314],[-73.97796,40.75315],[-73.97833,40.7533],[-73.97868,40.75345],[-73.97878,40.75349]]}},{"type":"Feature","properties":{"n":3,"s":19.9},"geometry":{"type":"LineString","coordinates":[[-73.97878,40.75349],[-73.97889,40.75353],[-73.98027,40.75412],[-73.98039,40.75417]]}},{"type":"Feature","properties":{"n":9,"s":13.5},"geometry":{"type":"LineString","coordinates":[[-73.98832,40.74328],[-73.98862,40.74289],[-73.98866,40.74283]]}},{"type":"Feature","properties":{"n":3,"s":13.4},"geometry":{"type":"LineString","coordinates":[[-73.98916,40.74304],[-73.98923,40.74307],[-73.9905,40.74361],[-73.99174,40.74413],[-73.99187,40.74419]]}},{"type":"Feature","properties":{"n":4,"s":26.4},"geometry":{"type":"LineString","coordinates":[[-73.96887,40.75012],[-73.96882,40.75018],[-73.96855,40.75056],[-73.96845,40.75069],[-73.96841,40.75075]]}},{"type":"Feature","properties":{"n":4,"s":26.4},"geometry":{"type":"LineString","coordinates":[[-73.96841,40.75075],[-73.96836,40.75082],[-73.96803,40.75128],[-73.96796,40.75137]]}},{"type":"Feature","properties":{"n":4,"s":26.4},"geometry":{"type":"LineString","coordinates":[[-73.96796,40.75137],[-73.96794,40.75144],[-73.96793,40.75145],[-73.96785,40.75166],[-73.96777,40.75182],[-73.96772,40.75196],[-73.96767,40.75203]]}},{"type":"Feature","properties":{"n":4,"s":26.4},"geometry":{"type":"LineString","coordinates":[[-73.96767,40.75203],[-73.96774,40.75208],[-73.96816,40.75226],[-73.96976,40.75293],[-73.96989,40.753]]}},{"type":"Feature","properties":{"n":3,"s":29.2},"geometry":{"type":"LineString","coordinates":[[-73.96989,40.753],[-73.97003,40.75307],[-73.97037,40.7532],[-73.97085,40.7534],[-73.97127,40.75358],[-73.972,40.75389],[-73.97215,40.75395]]}},{"type":"Feature","properties":{"n":5,"s":18.4},"geometry":{"type":"LineString","coordinates":[[-73.98189,40.7663],[-73.98191,40.7662],[-73.982,40.76568]]}},{"type":"Feature","properties":{"n":5,"s":18.4},"geometry":{"type":"LineString","coordinates":[[-73.982,40.76568],[-73.98202,40.76557],[-73.98204,40.76547]]}},{"type":"Feature","properties":{"n":8,"s":17.7},"geometry":{"type":"LineString","coordinates":[[-73.98204,40.76547],[-73.98206,40.76542],[-73.98224,40.76483],[-73.98226,40.76478]]}},{"type":"Feature","properties":{"n":5,"s":19.0},"geometry":{"type":"LineString","coordinates":[[-73.98226,40.76478],[-73.98228,40.76473],[-73.98229,40.76469],[-73.98236,40.76448],[-73.98249,40.76413],[-73.98252,40.76406]]}},{"type":"Feature","properties":{"n":6,"s":21.1},"geometry":{"type":"LineString","coordinates":[[-73.98252,40.76406],[-73.98255,40.764],[-73.98286,40.76346],[-73.9829,40.76338]]}},{"type":"Feature","properties":{"n":5,"s":19.0},"geometry":{"type":"LineString","coordinates":[[-73.9829,40.76338],[-73.98293,40.76333],[-73.98304,40.76313]]}},{"type":"Feature","properties":{"n":6,"s":18.3},"geometry":{"type":"LineString","coordinates":[[-73.98304,40.76313],[-73.98322,40.7628],[-73.98326,40.76274]]}},{"type":"Feature","properties":{"n":7,"s":17.2},"geometry":{"type":"LineString","coordinates":[[-73.98326,40.76274],[-73.98328,40.7627],[-73.9833,40.76267],[-73.98363,40.76215],[-73.98368,40.76209]]}},{"type":"Feature","properties":{"n":9,"s":17.7},"geometry":{"type":"LineString","coordinates":[[-73.98368,40.76209],[-73.98372,40.76201],[-73.98388,40.76178],[-73.98406,40.76151],[-73.9841,40.76145]]}},{"type":"Feature","properties":{"n":10,"s":17.9},"geometry":{"type":"LineString","coordinates":[[-73.9841,40.76145],[-73.98414,40.76139],[-73.98441,40.76097],[-73.98448,40.76087],[-73.98452,40.7608]]}},{"type":"Feature","properties":{"n":10,"s":17.9},"geometry":{"type":"LineString","coordinates":[[-73.98452,40.7608],[-73.98455,40.76075],[-73.98465,40.76056],[-73.9846,40.76047],[-73.98474,40.76017],[-73.98482,40.76011]]}},{"type":"Feature","properties":{"n":11,"s":18.4},"geometry":{"type":"LineString","coordinates":[[-73.98482,40.76011],[-73.98477,40.76009],[-73.98469,40.76006],[-73.98431,40.7599],[-73.98417,40.75984]]}},{"type":"Feature","properties":{"n":3,"s":25.8},"geometry":{"type":"LineString","coordinates":[[-73.95318,40.81759],[-73.95305,40.81755],[-73.95299,40.81753],[-73.95236,40.81726],[-73.95227,40.81723]]}},{"type":"Feature","properties":{"n":3,"s":25.8},"geometry":{"type":"LineString","coordinates":[[-73.95227,40.81723],[-73.95222,40.81729],[-73.95205,40.81753],[-73.95188,40.81777],[-73.95183,40.81782],[-73.95179,40.81787],[-73.95175,40.81791],[-73.9517,40.81795],[-73.95163,40.818],[-73.95156,40.81804],[-73.95148,40.81808],[-73.951,40.81832],[-73.95095,40.81835],[-73.95087,40.81839]]}},{"type":"Feature","properties":{"n":3,"s":25.8},"geometry":{"type":"LineString","coordinates":[[-73.95087,40.81839],[-73.95083,40.81842],[-73.9508,40.81844],[-73.95075,40.8185],[-73.9507,40.81855],[-73.95064,40.81862],[-73.9505,40.8188],[-73.95031,40.81906],[-73.95016,40.81926],[-73.95004,40.81943],[-73.94956,40.82008],[-73.94922,40.82055],[-73.94899,40.82086],[-73.9486,40.82141],[-73.94858,40.82144],[-73.94854,40.82149]]}},{"type":"Feature","properties":{"n":3,"s":25.8},"geometry":{"type":"LineString","coordinates":[[-73.94854,40.82149],[-73.94849,40.82154],[-73.94811,40.82206],[-73.94808,40.82211]]}},{"type":"Feature","properties":{"n":4,"s":8.3},"geometry":{"type":"LineString","coordinates":[[-73.98483,40.72427],[-73.98473,40.72422],[-73.9826,40.72331],[-73.98252,40.72328]]}},{"type":"Feature","properties":{"n":5,"s":8.0},"geometry":{"type":"LineString","coordinates":[[-73.98252,40.72328],[-73.98256,40.72323],[-73.98292,40.72273],[-73.98296,40.72267]]}},{"type":"Feature","properties":{"n":3,"s":20.1},"geometry":{"type":"LineString","coordinates":[[-73.9829,40.76338],[-73.98298,40.76341],[-73.98423,40.76394],[-73.9843,40.76397],[-73.98462,40.76411],[-73.98474,40.76416]]}},{"type":"Feature","properties":{"n":3,"s":13.7},"geometry":{"type":"LineString","coordinates":[[-73.98758,40.76537],[-73.98772,40.76543],[-73.9903,40.76652],[-73.99041,40.76656]]}},{"type":"Feature","properties":{"n":5,"s":17.2},"geometry":{"type":"LineString","coordinates":[[-73.97858,40.75085],[-73.97856,40.7509],[-73.97854,40.75094]]}},{"type":"Feature","properties":{"n":5,"s":17.2},"geometry":{"type":"LineString","coordinates":[[-73.97854,40.75094],[-73.97825,40.75134],[-73.97762,40.7522]]}},{"type":"Feature","properties":{"n":3,"s":12.1},"geometry":{"type":"LineString","coordinates":[[-74.00176,40.73766],[-74.00171,40.73758],[-74.00146,40.73717]]}},{"type":"Feature","properties":{"n":4,"s":10.6},"geometry":{"type":"LineString","coordinates":[[-74.00146,40.73717],[-74.00118,40.73671],[-74.00111,40.7366]]}},{"type":"Feature","properties":{"n":3,"s":14.5},"geometry":{"type":"LineString","coordinates":[[-73.95072,40.72898],[-73.95059,40.72902]]}},{"type":"Feature","properties":{"n":3,"s":14.5},"geometry":{"type":"LineString","coordinates":[[-73.95059,40.72902],[-73.95051,40.72905],[-73.94998,40.72922],[-73.94991,40.72924]]}},{"type":"Feature","properties":{"n":3,"s":14.5},"geometry":{"type":"LineString","coordinates":[[-73.94991,40.72924],[-73.94984,40.72927],[-73.94908,40.72952]]}},{"type":"Feature","properties":{"n":13,"s":26.0},"geometry":{"type":"LineString","coordinates":[[-73.975,40.77754],[-73.97496,40.77759],[-73.97458,40.77812],[-73.97454,40.77817]]}},{"type":"Feature","properties":{"n":12,"s":26.8},"geometry":{"type":"LineString","coordinates":[[-73.97454,40.77817],[-73.9745,40.77823],[-73.97427,40.77855],[-73.97412,40.77876],[-73.97408,40.77881]]}},{"type":"Feature","properties":{"n":11,"s":27.5},"geometry":{"type":"LineString","coordinates":[[-73.97408,40.77881],[-73.97404,40.77887],[-73.97367,40.77938],[-73.97365,40.77941],[-73.97359,40.77949]]}},{"type":"Feature","properties":{"n":11,"s":27.5},"geometry":{"type":"LineString","coordinates":[[-73.97359,40.77949],[-73.97354,40.77957],[-73.97335,40.77982],[-73.9727,40.78071],[-73.9725,40.78098],[-73.97225,40.78132],[-73.97204,40.78162],[-73.97181,40.78192],[-73.97172,40.78204]]}},{"type":"Feature","properties":{"n":12,"s":26.8},"geometry":{"type":"LineString","coordinates":[[-73.97172,40.78204],[-73.97165,40.78214],[-73.97145,40.78242],[-73.97129,40.78264],[-73.97127,40.78267],[-73.97124,40.78272]]}},{"type":"Feature","properties":{"n":12,"s":26.8},"geometry":{"type":"LineString","coordinates":[[-73.97124,40.78272],[-73.9712,40.78277],[-73.97081,40.7833],[-73.97078,40.78335]]}},{"type":"Feature","properties":{"n":12,"s":26.8},"geometry":{"type":"LineString","coordinates":[[-73.97078,40.78335],[-73.97073,40.78342],[-73.97035,40.78393],[-73.97031,40.78399]]}},{"type":"Feature","properties":{"n":12,"s":26.8},"geometry":{"type":"LineString","coordinates":[[-73.97031,40.78399],[-73.97026,40.78405],[-73.97009,40.78429],[-73.96989,40.78457],[-73.96985,40.78462]]}},{"type":"Feature","properties":{"n":12,"s":26.8},"geometry":{"type":"LineString","coordinates":[[-73.96985,40.78462],[-73.9698,40.78468],[-73.96969,40.78484],[-73.96941,40.7852],[-73.96934,40.7853]]}},{"type":"Feature","properties":{"n":12,"s":26.7},"geometry":{"type":"LineString","coordinates":[[-73.96934,40.7853],[-73.96927,40.7854],[-73.96889,40.78592],[-73.96885,40.78597]]}},{"type":"Feature","properties":{"n":12,"s":26.7},"geometry":{"type":"LineString","coordinates":[[-73.96885,40.78597],[-73.96881,40.78603],[-73.96843,40.78655],[-73.96839,40.78661]]}},{"type":"Feature","properties":{"n":12,"s":26.7},"geometry":{"type":"LineString","coordinates":[[-73.96839,40.78661],[-73.96835,40.78666],[-73.96816,40.78692],[-73.96798,40.78718],[-73.96794,40.78724]]}},{"type":"Feature","properties":{"n":12,"s":26.7},"geometry":{"type":"LineString","coordinates":[[-73.96794,40.78724],[-73.9679,40.78729],[-73.96751,40.78781],[-73.96747,40.78787]]}},{"type":"Feature","properties":{"n":12,"s":26.5},"geometry":{"type":"LineString","coordinates":[[-73.96747,40.78787],[-73.96742,40.78794],[-73.96725,40.78818],[-73.96706,40.78844],[-73.96702,40.7885]]}},{"type":"Feature","properties":{"n":11,"s":27.2},"geometry":{"type":"LineString","coordinates":[[-73.96702,40.7885],[-73.96699,40.78855],[-73.96687,40.7887],[-73.9666,40.78907],[-73.96656,40.78912]]}},{"type":"Feature","properties":{"n":11,"s":27.2},"geometry":{"type":"LineString","coordinates":[[-73.96656,40.78912],[-73.96653,40.78917],[-73.96635,40.78942],[-73.96615,40.78968],[-73.9661,40.78974]]}},{"type":"Feature","properties":{"n":11,"s":27.2},"geometry":{"type":"LineString","coordinates":[[-73.9661,40.78974],[-73.96607,40.78979],[-73.96568,40.79032],[-73.96565,40.79037]]}},{"type":"Feature","properties":{"n":11,"s":27.2},"geometry":{"type":"LineString","coordinates":[[-73.96565,40.79037],[-73.96561,40.79043],[-73.96544,40.79065],[-73.96523,40.79095],[-73.96519,40.791]]}},{"type":"Feature","properties":{"n":11,"s":27.2},"geometry":{"type":"LineString","coordinates":[[-73.96519,40.791],[-73.96515,40.79105],[-73.96476,40.79159],[-73.96469,40.79168]]}},{"type":"Feature","properties":{"n":10,"s":28.3},"geometry":{"type":"LineString","coordinates":[[-73.96469,40.79168],[-73.96463,40.79176],[-73.96445,40.79201],[-73.96426,40.79227],[-73.96418,40.79238]]}},{"type":"Feature","properties":{"n":10,"s":28.3},"geometry":{"type":"LineString","coordinates":[[-73.96418,40.79238],[-73.96411,40.79246],[-73.9637,40.79304],[-73.96329,40.7936],[-73.96291,40.79413],[-73.96285,40.79421]]}},{"type":"Feature","properties":{"n":10,"s":28.3},"geometry":{"type":"LineString","coordinates":[[-73.96285,40.79421],[-73.96279,40.79429],[-73.96262,40.79453],[-73.96241,40.79481],[-73.96238,40.79486]]}},{"type":"Feature","properties":{"n":9,"s":29.0},"geometry":{"type":"LineString","coordinates":[[-73.96238,40.79486],[-73.96233,40.79492],[-73.96196,40.79543],[-73.96192,40.79549]]}},{"type":"Feature","properties":{"n":9,"s":29.0},"geometry":{"type":"LineString","coordinates":[[-73.96192,40.79549],[-73.96188,40.79554],[-73.9617,40.79579],[-73.96149,40.79607],[-73.96145,40.79612]]}},{"type":"Feature","properties":{"n":9,"s":29.0},"geometry":{"type":"LineString","coordinates":[[-73.96145,40.79612],[-73.96142,40.79617],[-73.96104,40.79669],[-73.96099,40.79675]]}},{"type":"Feature","properties":{"n":9,"s":29.0},"geometry":{"type":"LineString","coordinates":[[-73.96099,40.79675],[-73.96095,40.7968],[-73.96078,40.79702],[-73.96057,40.79732],[-73.96053,40.79738]]}},{"type":"Feature","properties":{"n":9,"s":29.0},"geometry":{"type":"LineString","coordinates":[[-73.96053,40.79738],[-73.96049,40.79743],[-73.96042,40.79753],[-73.96011,40.79795],[-73.96004,40.79805]]}},{"type":"Feature","properties":{"n":9,"s":29.0},"geometry":{"type":"LineString","coordinates":[[-73.96004,40.79805],[-73.95997,40.79815],[-73.95983,40.79832],[-73.95959,40.79867],[-73.95955,40.79873]]}},{"type":"Feature","properties":{"n":9,"s":29.0},"geometry":{"type":"LineString","coordinates":[[-73.95955,40.79873],[-73.9595,40.79878],[-73.95913,40.7993],[-73.95909,40.79936]]}},{"type":"Feature","properties":{"n":11,"s":27.1},"geometry":{"type":"LineString","coordinates":[[-73.95909,40.79936],[-73.95905,40.79941],[-73.95883,40.7997],[-73.95866,40.79994],[-73.95863,40.79998]]}},{"type":"Feature","properties":{"n":11,"s":27.1},"geometry":{"type":"LineString","coordinates":[[-73.95863,40.79998],[-73.95858,40.80005],[-73.95852,40.80012],[-73.95838,40.8003],[-73.95833,40.80037]]}},{"type":"Feature","properties":{"n":11,"s":27.1},"geometry":{"type":"LineString","coordinates":[[-73.95833,40.80037],[-73.9583,40.80036],[-73.95826,40.80035],[-73.95823,40.80034],[-73.95818,40.80034],[-73.95814,40.80034],[-73.95812,40.80034],[-73.9581,40.80034],[-73.95805,40.80036],[-73.95801,40.80037],[-73.95798,40.80039],[-73.95794,40.80042],[-73.95791,40.80045],[-73.95788,40.80048],[-73.95787,40.80052]]}},{"type":"Feature","properties":{"n":6,"s":29.4},"geometry":{"type":"LineString","coordinates":[[-73.95787,40.80052],[-73.95786,40.80055],[-73.95786,40.80058],[-73.95786,40.80061],[-73.95786,40.80064],[-73.95787,40.80067],[-73.95789,40.80069],[-73.95791,40.80072],[-73.95793,40.80074],[-73.95796,40.80076],[-73.95798,40.80078],[-73.95801,40.80079]]}},{"type":"Feature","properties":{"n":3,"s":19.1},"geometry":{"type":"LineString","coordinates":[[-73.95801,40.80079],[-73.95804,40.8008],[-73.95807,40.80081],[-73.9581,40.80082],[-73.95814,40.80083],[-73.95817,40.80083],[-73.95822,40.80082],[-73.95826,40.80082],[-73.9583,40.80081],[-73.95833,40.8008],[-73.95836,40.80078],[-73.95837,40.80078]]}},{"type":"Feature","properties":{"n":4,"s":18.2},"geometry":{"type":"LineString","coordinates":[[-73.95224,40.77719],[-73.95228,40.77714],[-73.95257,40.77675],[-73.95266,40.77662],[-73.9527,40.77656]]}},{"type":"Feature","properties":{"n":4,"s":22.2},"geometry":{"type":"LineString","coordinates":[[-73.96372,40.77699],[-73.96378,40.77691],[-73.96389,40.77676],[-73.96417,40.77637],[-73.96422,40.77631]]}},{"type":"Feature","properties":{"n":3,"s":24.0},"geometry":{"type":"LineString","coordinates":[[-73.96422,40.77631],[-73.96426,40.77625],[-73.96464,40.77573],[-73.96467,40.77569]]}},{"type":"Feature","properties":{"n":3,"s":24.0},"geometry":{"type":"LineString","coordinates":[[-73.96467,40.77569],[-73.96471,40.77564],[-73.96497,40.77528],[-73.9651,40.7751],[-73.96514,40.77504]]}},{"type":"Feature","properties":{"n":3,"s":24.0},"geometry":{"type":"LineString","coordinates":[[-73.96514,40.77504],[-73.96518,40.77499],[-73.96557,40.77446],[-73.96561,40.77441]]}},{"type":"Feature","properties":{"n":3,"s":24.0},"geometry":{"type":"LineString","coordinates":[[-73.96561,40.77441],[-73.96565,40.77435],[-73.96603,40.77383],[-73.96607,40.77377]]}},{"type":"Feature","properties":{"n":3,"s":24.0},"geometry":{"type":"LineString","coordinates":[[-73.96607,40.77377],[-73.9661,40.77373],[-73.96649,40.77319],[-73.96653,40.77314]]}},{"type":"Feature","properties":{"n":3,"s":24.0},"geometry":{"type":"LineString","coordinates":[[-73.96653,40.77314],[-73.96658,40.77308],[-73.96696,40.77256],[-73.96703,40.77246]]}},{"type":"Feature","properties":{"n":3,"s":24.0},"geometry":{"type":"LineString","coordinates":[[-73.96703,40.77246],[-73.96709,40.77237],[-73.96749,40.77184],[-73.96753,40.77178]]}},{"type":"Feature","properties":{"n":3,"s":24.0},"geometry":{"type":"LineString","coordinates":[[-73.96753,40.77178],[-73.96757,40.77173],[-73.96795,40.77121],[-73.96799,40.77115]]}},{"type":"Feature","properties":{"n":3,"s":24.0},"geometry":{"type":"LineString","coordinates":[[-73.96799,40.77115],[-73.96802,40.77111],[-73.9684,40.77058],[-73.96845,40.77053]]}},{"type":"Feature","properties":{"n":3,"s":24.0},"geometry":{"type":"LineString","coordinates":[[-73.96845,40.77053],[-73.96849,40.77047],[-73.96887,40.76995],[-73.9689,40.7699]]}},{"type":"Feature","properties":{"n":3,"s":24.0},"geometry":{"type":"LineString","coordinates":[[-73.9689,40.7699],[-73.96895,40.76984],[-73.96932,40.76933],[-73.96936,40.76928]]}},{"type":"Feature","properties":{"n":3,"s":24.0},"geometry":{"type":"LineString","coordinates":[[-73.96936,40.76928],[-73.9694,40.76923],[-73.9696,40.76895],[-73.96975,40.76875],[-73.96978,40.76871],[-73.96982,40.76865]]}},{"type":"Feature","properties":{"n":3,"s":24.0},"geometry":{"type":"LineString","coordinates":[[-73.96982,40.76865],[-73.96987,40.76859],[-73.97023,40.76809],[-73.97028,40.76803]]}},{"type":"Feature","properties":{"n":3,"s":24.0},"geometry":{"type":"LineString","coordinates":[[-73.97028,40.76803],[-73.97032,40.76796],[-73.97069,40.76745],[-73.97073,40.76739]]}},{"type":"Feature","properties":{"n":3,"s":24.0},"geometry":{"type":"LineString","coordinates":[[-73.97073,40.76739],[-73.97076,40.76734],[-73.97114,40.76683],[-73.97119,40.76677]]}},{"type":"Feature","properties":{"n":4,"s":11.6},"geometry":{"type":"LineString","coordinates":[[-73.99537,40.72503],[-73.99526,40.725],[-73.99501,40.72491],[-73.99495,40.72489]]}},{"type":"Feature","properties":{"n":3,"s":11.8},"geometry":{"type":"LineString","coordinates":[[-73.99495,40.72489],[-73.99488,40.72487],[-73.99428,40.72465],[-73.99421,40.72463]]}},{"type":"Feature","properties":{"n":11,"s":15.5},"geometry":{"type":"LineString","coordinates":[[-73.99358,40.75715],[-73.99362,40.75709],[-73.99383,40.7568],[-73.99398,40.75659],[-73.99402,40.75653]]}},{"type":"Feature","properties":{"n":13,"s":14.8},"geometry":{"type":"LineString","coordinates":[[-73.99402,40.75653],[-73.99406,40.75647],[-73.99433,40.75611],[-73.99443,40.75597],[-73.99448,40.7559]]}},{"type":"Feature","properties":{"n":4,"s":12.0},"geometry":{"type":"LineString","coordinates":[[-73.99448,40.7559],[-73.99434,40.75585],[-73.99211,40.75491],[-73.99177,40.75477],[-73.99175,40.75476],[-73.99163,40.75471]]}},{"type":"Feature","properties":{"n":6,"s":10.5},"geometry":{"type":"LineString","coordinates":[[-73.99163,40.75471],[-73.99149,40.75465],[-73.98892,40.75356],[-73.9888,40.7535]]}},{"type":"Feature","properties":{"n":8,"s":11.4},"geometry":{"type":"LineString","coordinates":[[-73.9888,40.7535],[-73.98867,40.75345],[-73.98746,40.75293],[-73.98734,40.75289]]}},{"type":"Feature","properties":{"n":5,"s":12.8},"geometry":{"type":"LineString","coordinates":[[-73.98734,40.75289],[-73.98737,40.75284],[-73.98752,40.75225],[-73.98754,40.75219]]}},{"type":"Feature","properties":{"n":5,"s":12.8},"geometry":{"type":"LineString","coordinates":[[-73.98754,40.75219],[-73.98755,40.75212],[-73.98767,40.75151],[-73.98769,40.75144]]}},{"type":"Feature","properties":{"n":4,"s":9.3},"geometry":{"type":"LineString","coordinates":[[-73.98504,40.75356],[-73.98491,40.7535],[-73.98195,40.75226],[-73.98182,40.7522]]}},{"type":"Feature","properties":{"n":4,"s":9.3},"geometry":{"type":"LineString","coordinates":[[-73.98182,40.7522],[-73.98171,40.75215],[-73.98031,40.75156],[-73.98022,40.75154]]}},{"type":"Feature","properties":{"n":6,"s":16.0},"geometry":{"type":"LineString","coordinates":[[-73.98987,40.72558],[-73.99,40.72564],[-73.99063,40.72591],[-73.99157,40.72631],[-73.99164,40.72633],[-73.99175,40.72638]]}},{"type":"Feature","properties":{"n":4,"s":24.5},"geometry":{"type":"LineString","coordinates":[[-73.94536,40.79929],[-73.9453,40.79937],[-73.94496,40.79984],[-73.94492,40.79989],[-73.94484,40.79998]]}},{"type":"Feature","properties":{"n":3,"s":24.8},"geometry":{"type":"LineString","coordinates":[[-73.94484,40.79998],[-73.94476,40.80008],[-73.94462,40.8003],[-73.9444,40.80061],[-73.94436,40.80066]]}},{"type":"Feature","properties":{"n":3,"s":24.8},"geometry":{"type":"LineString","coordinates":[[-73.94436,40.80066],[-73.94431,40.80072],[-73.94394,40.80124],[-73.9439,40.80129]]}},{"type":"Feature","properties":{"n":4,"s":15.6},"geometry":{"type":"LineString","coordinates":[[-74.00562,40.75081],[-74.00568,40.75074],[-74.00602,40.75025],[-74.00607,40.75018]]}},{"type":"Feature","properties":{"n":4,"s":15.6},"geometry":{"type":"LineString","coordinates":[[-74.00607,40.75018],[-74.00612,40.7501]]}},{"type":"Feature","properties":{"n":4,"s":15.6},"geometry":{"type":"LineString","coordinates":[[-74.00612,40.7501],[-74.00628,40.74997],[-74.00651,40.74967],[-74.00653,40.74963],[-74.00658,40.74953]]}},{"type":"Feature","properties":{"n":4,"s":15.6},"geometry":{"type":"LineString","coordinates":[[-74.00658,40.74953],[-74.0066,40.74947],[-74.00663,40.74943],[-74.00677,40.74924],[-74.00691,40.74904],[-74.00695,40.74899],[-74.00697,40.74896],[-74.00698,40.74894],[-74.007,40.74889]]}},{"type":"Feature","properties":{"n":4,"s":15.6},"geometry":{"type":"LineString","coordinates":[[-74.007,40.74889],[-74.0071,40.74881],[-74.00714,40.74878],[-74.00716,40.74874],[-74.00718,40.74871],[-74.0072,40.74866],[-74.00723,40.74862],[-74.00726,40.74858],[-74.0073,40.74852],[-74.00735,40.74846],[-74.0074,40.74841],[-74.00749,40.74833],[-74.00764,40.74819]]}},{"type":"Feature","properties":{"n":4,"s":15.6},"geometry":{"type":"LineString","coordinates":[[-74.00764,40.74819],[-74.00784,40.748]]}},{"type":"Feature","properties":{"n":4,"s":15.6},"geometry":{"type":"LineString","coordinates":[[-74.00784,40.748],[-74.00801,40.74708],[-74.00804,40.74693],[-74.00805,40.7469],[-74.00822,40.74595],[-74.00824,40.74585],[-74.00826,40.74574],[-74.00831,40.74546]]}},{"type":"Feature","properties":{"n":4,"s":15.6},"geometry":{"type":"LineString","coordinates":[[-74.00831,40.74546],[-74.00835,40.74527],[-74.00839,40.74503],[-74.00842,40.74488],[-74.00844,40.74476]]}},{"type":"Feature","properties":{"n":5,"s":15.2},"geometry":{"type":"LineString","coordinates":[[-74.00844,40.74476],[-74.00847,40.74461],[-74.0085,40.74443],[-74.00852,40.74433],[-74.00855,40.74413],[-74.00856,40.74412]]}},{"type":"Feature","properties":{"n":5,"s":14.8},"geometry":{"type":"LineString","coordinates":[[-73.99253,40.7242],[-73.99265,40.72423]]}},{"type":"Feature","properties":{"n":8,"s":12.1},"geometry":{"type":"LineString","coordinates":[[-73.99265,40.72423],[-73.99276,40.72427],[-73.99336,40.72449],[-73.99343,40.72451]]}},{"type":"Feature","properties":{"n":3,"s":21.5},"geometry":{"type":"LineString","coordinates":[[-73.98145,40.74712],[-73.98152,40.74704],[-73.98187,40.74654],[-73.98191,40.74646]]}},{"type":"Feature","properties":{"n":3,"s":21.5},"geometry":{"type":"LineString","coordinates":[[-73.98191,40.74646],[-73.98195,40.7464],[-73.98218,40.74604],[-73.98224,40.74594],[-73.98227,40.7459],[-73.98229,40.74588],[-73.98234,40.74583]]}},{"type":"Feature","properties":{"n":3,"s":21.5},"geometry":{"type":"LineString","coordinates":[[-73.98234,40.74583],[-73.98239,40.74577],[-73.9824,40.74576],[-73.98273,40.74531],[-73.98276,40.74527],[-73.9828,40.74521]]}},{"type":"Feature","properties":{"n":4,"s":21.6},"geometry":{"type":"LineString","coordinates":[[-73.9828,40.74521],[-73.98284,40.74516],[-73.98318,40.74469],[-73.98321,40.74464],[-73.98324,40.7446]]}},{"type":"Feature","properties":{"n":5,"s":19.3},"geometry":{"type":"LineString","coordinates":[[-73.98324,40.7446],[-73.98329,40.74454],[-73.98363,40.74408],[-73.98366,40.74403],[-73.98369,40.74398]]}},{"type":"Feature","properties":{"n":7,"s":20.4},"geometry":{"type":"LineString","coordinates":[[-73.98369,40.74398],[-73.98374,40.74392],[-73.98407,40.74346],[-73.98411,40.74341],[-73.98414,40.74336]]}},{"type":"Feature","properties":{"n":5,"s":19.3},"geometry":{"type":"LineString","coordinates":[[-73.98414,40.74336],[-73.98419,40.7433],[-73.9842,40.74329],[-73.98452,40.74284],[-73.98455,40.7428],[-73.9846,40.74274]]}},{"type":"Feature","properties":{"n":6,"s":19.2},"geometry":{"type":"LineString","coordinates":[[-73.9846,40.74274],[-73.98464,40.74268],[-73.98465,40.74267],[-73.98498,40.74222],[-73.985,40.74218],[-73.98505,40.74212]]}},{"type":"Feature","properties":{"n":5,"s":19.3},"geometry":{"type":"LineString","coordinates":[[-73.98505,40.74212],[-73.98509,40.74207],[-73.98545,40.74156],[-73.9855,40.74151]]}},{"type":"Feature","properties":{"n":5,"s":16.9},"geometry":{"type":"LineString","coordinates":[[-73.9855,40.74151],[-73.98554,40.74145],[-73.98588,40.74099],[-73.9859,40.74095],[-73.98594,40.74087]]}},{"type":"Feature","properties":{"n":4,"s":17.0},"geometry":{"type":"LineString","coordinates":[[-73.98594,40.74087],[-73.98597,40.74082],[-73.98631,40.74035],[-73.98635,40.7403],[-73.98641,40.74021]]}},{"type":"Feature","properties":{"n":6,"s":15.6},"geometry":{"type":"LineString","coordinates":[[-73.98641,40.74021],[-73.98648,40.74012],[-73.98683,40.73964],[-73.98686,40.7396],[-73.9869,40.73954]]}},{"type":"Feature","properties":{"n":6,"s":15.6},"geometry":{"type":"LineString","coordinates":[[-73.9869,40.73954],[-73.98694,40.73949],[-73.98695,40.73948],[-73.98728,40.73903],[-73.98731,40.73898],[-73.98734,40.73893]]}},{"type":"Feature","properties":{"n":7,"s":15.1},"geometry":{"type":"LineString","coordinates":[[-73.99671,40.7255],[-73.99681,40.72538]]}},{"type":"Feature","properties":{"n":6,"s":16.3},"geometry":{"type":"LineString","coordinates":[[-73.99681,40.72538],[-73.99687,40.72532],[-73.99706,40.72509],[-73.99775,40.72428],[-73.99778,40.72424]]}},{"type":"Feature","properties":{"n":6,"s":16.3},"geometry":{"type":"LineString","coordinates":[[-73.99778,40.72424],[-73.99782,40.7242],[-73.99801,40.72397],[-73.99877,40.72307],[-73.99881,40.72302]]}},{"type":"Feature","properties":{"n":6,"s":16.3},"geometry":{"type":"LineString","coordinates":[[-73.99881,40.72302],[-73.99885,40.72298],[-73.99905,40.72274],[-73.99977,40.7219],[-73.99981,40.72186],[-73.99986,40.72179]]}},{"type":"Feature","properties":{"n":7,"s":15.3},"geometry":{"type":"LineString","coordinates":[[-73.99986,40.72179],[-73.99992,40.72173],[-74.00002,40.72161],[-74.00061,40.7209],[-74.00066,40.72085]]}},{"type":"Feature","properties":{"n":5,"s":18.8},"geometry":{"type":"LineString","coordinates":[[-74.00066,40.72085],[-74.00071,40.72079],[-74.00092,40.72053],[-74.00139,40.71998],[-74.00143,40.71994]]}},{"type":"Feature","properties":{"n":5,"s":18.8},"geometry":{"type":"LineString","coordinates":[[-74.00143,40.71994],[-74.00146,40.71989],[-74.00181,40.71949],[-74.00188,40.7194]]}},{"type":"Feature","properties":{"n":9,"s":19.4},"geometry":{"type":"LineString","coordinates":[[-74.00188,40.7194],[-74.00196,40.71931],[-74.00209,40.71915]]}},{"type":"Feature","properties":{"n":9,"s":19.4},"geometry":{"type":"LineString","coordinates":[[-74.00209,40.71915],[-74.00218,40.71905],[-74.00243,40.71875],[-74.0025,40.71867],[-74.00253,40.71864]]}},{"type":"Feature","properties":{"n":8,"s":19.2},"geometry":{"type":"LineString","coordinates":[[-74.00253,40.71864],[-74.00257,40.71858],[-74.00264,40.7185],[-74.00295,40.71814],[-74.00301,40.71807],[-74.00304,40.71803]]}},{"type":"Feature","properties":{"n":7,"s":19.9},"geometry":{"type":"LineString","coordinates":[[-74.00304,40.71803],[-74.00309,40.71798],[-74.00349,40.7175],[-74.00353,40.71745]]}},{"type":"Feature","properties":{"n":7,"s":19.9},"geometry":{"type":"LineString","coordinates":[[-74.00353,40.71745],[-74.00356,40.71741],[-74.00363,40.71733],[-74.00399,40.71692],[-74.00403,40.71687]]}},{"type":"Feature","properties":{"n":8,"s":18.3},"geometry":{"type":"LineString","coordinates":[[-74.00403,40.71687],[-74.00406,40.71683],[-74.00409,40.7168],[-74.0042,40.71666],[-74.00448,40.71634],[-74.00452,40.71629]]}},{"type":"Feature","properties":{"n":8,"s":18.3},"geometry":{"type":"LineString","coordinates":[[-74.00452,40.71629],[-74.00457,40.71623],[-74.00468,40.7161],[-74.00489,40.71586],[-74.00492,40.71583],[-74.00494,40.7158],[-74.00498,40.71576]]}},{"type":"Feature","properties":{"n":8,"s":18.3},"geometry":{"type":"LineString","coordinates":[[-74.00498,40.71576],[-74.00501,40.71572],[-74.00524,40.71545],[-74.00536,40.7153],[-74.00542,40.71524]]}},{"type":"Feature","properties":{"n":8,"s":18.3},"geometry":{"type":"LineString","coordinates":[[-74.00542,40.71524],[-74.00546,40.71518],[-74.00574,40.71486],[-74.00584,40.71474],[-74.00589,40.71468]]}},{"type":"Feature","properties":{"n":7,"s":18.9},"geometry":{"type":"LineString","coordinates":[[-74.00589,40.71468],[-74.00593,40.71463],[-74.006,40.71454],[-74.00625,40.71424],[-74.0063,40.71417]]}},{"type":"Feature","properties":{"n":6,"s":10.2},"geometry":{"type":"LineString","coordinates":[[-73.98943,40.72619],[-73.98935,40.72616],[-73.98931,40.72614],[-73.9872,40.72526],[-73.98716,40.72525],[-73.98705,40.7252]]}},{"type":"Feature","properties":{"n":5,"s":10.3},"geometry":{"type":"LineString","coordinates":[[-73.98705,40.7252],[-73.98692,40.72514],[-73.98674,40.72507],[-73.98641,40.72493],[-73.98634,40.7249],[-73.98609,40.7248],[-73.98545,40.72452],[-73.98494,40.72431],[-73.98483,40.72427]]}},{"type":"Feature","properties":{"n":3,"s":17.9},"geometry":{"type":"LineString","coordinates":[[-73.96521,40.76343],[-73.96508,40.76337],[-73.9647,40.76322],[-73.9631,40.76255],[-73.96298,40.7625]]}},{"type":"Feature","properties":{"n":3,"s":10.0},"geometry":{"type":"LineString","coordinates":[[-73.97862,40.74506],[-73.97875,40.74512],[-73.98004,40.74567],[-73.9801,40.74569],[-73.98022,40.74575]]}},{"type":"Feature","properties":{"n":9,"s":13.9},"geometry":{"type":"LineString","coordinates":[[-73.98022,40.74575],[-73.98026,40.74569],[-73.9806,40.74523],[-73.98063,40.74518],[-73.98067,40.74513]]}},{"type":"Feature","properties":{"n":10,"s":13.3},"geometry":{"type":"LineString","coordinates":[[-73.98067,40.74513],[-73.98071,40.74507],[-73.98105,40.7446],[-73.98108,40.74456],[-73.98112,40.7445]]}},{"type":"Feature","properties":{"n":6,"s":12.7},"geometry":{"type":"LineString","coordinates":[[-73.98112,40.7445],[-73.98122,40.74455],[-73.98254,40.7451],[-73.98259,40.74512],[-73.98267,40.74516]]}},{"type":"Feature","properties":{"n":5,"s":10.9},"geometry":{"type":"LineString","coordinates":[[-73.98435,40.74586],[-73.98445,40.7459],[-73.98583,40.74648],[-73.98594,40.74653]]}},{"type":"Feature","properties":{"n":7,"s":14.4},"geometry":{"type":"LineString","coordinates":[[-73.98866,40.74283],[-73.98869,40.7428],[-73.98871,40.74277],[-73.98894,40.74244]]}},{"type":"Feature","properties":{"n":7,"s":14.4},"geometry":{"type":"LineString","coordinates":[[-73.98894,40.74244],[-73.98905,40.74228],[-73.98911,40.74222]]}},{"type":"Feature","properties":{"n":6,"s":13.7},"geometry":{"type":"LineString","coordinates":[[-73.9896,40.74155],[-73.98967,40.74146],[-73.98988,40.74118],[-73.99004,40.74094],[-73.99008,40.74089]]}},{"type":"Feature","properties":{"n":6,"s":13.7},"geometry":{"type":"LineString","coordinates":[[-73.99008,40.74089],[-73.99012,40.74083],[-73.99046,40.74037],[-73.99049,40.74033],[-73.99053,40.74028]]}},{"type":"Feature","properties":{"n":4,"s":13.9},"geometry":{"type":"LineString","coordinates":[[-73.99053,40.74028],[-73.99057,40.74021],[-73.99074,40.73998],[-73.99088,40.73979],[-73.99091,40.73974],[-73.99096,40.73968]]}},{"type":"Feature","properties":{"n":4,"s":13.9},"geometry":{"type":"LineString","coordinates":[[-73.99096,40.73968],[-73.991,40.73963],[-73.99135,40.73915],[-73.99139,40.7391]]}},{"type":"Feature","properties":{"n":3,"s":12.1},"geometry":{"type":"LineString","coordinates":[[-73.99139,40.7391],[-73.9915,40.73914],[-73.99291,40.73974],[-73.99447,40.74039],[-73.99459,40.74044]]}},{"type":"Feature","properties":{"n":4,"s":14.0},"geometry":{"type":"LineString","coordinates":[[-73.99829,40.74047],[-73.99843,40.74053],[-74.00099,40.74162],[-74.00112,40.74167]]}},{"type":"Feature","properties":{"n":5,"s":9.9},"geometry":{"type":"LineString","coordinates":[[-74.00112,40.74167],[-74.0012,40.74171],[-74.00123,40.74172],[-74.00126,40.74173],[-74.0027,40.74234],[-74.00383,40.74281],[-74.00388,40.74283],[-74.004,40.74288]]}},{"type":"Feature","properties":{"n":8,"s":17.6},"geometry":{"type":"LineString","coordinates":[[-73.97861,40.7624],[-73.97848,40.76235],[-73.9782,40.76223],[-73.9755,40.7611],[-73.97538,40.76105]]}},{"type":"Feature","properties":{"n":6,"s":17.7},"geometry":{"type":"LineString","coordinates":[[-73.97538,40.76105],[-73.97527,40.761],[-73.97388,40.76042],[-73.97377,40.76037]]}},{"type":"Feature","properties":{"n":5,"s":17.3},"geometry":{"type":"LineString","coordinates":[[-73.97286,40.76162],[-73.97274,40.76157],[-73.97233,40.7614],[-73.97219,40.76134],[-73.97197,40.76125],[-73.97167,40.76112],[-73.97149,40.76105],[-73.97144,40.76103],[-73.97133,40.76098]]}},{"type":"Feature","properties":{"n":5,"s":17.3},"geometry":{"type":"LineString","coordinates":[[-73.97133,40.76098],[-73.97116,40.76091]]}},{"type":"Feature","properties":{"n":4,"s":19.4},"geometry":{"type":"LineString","coordinates":[[-73.97067,40.76158],[-73.9706,40.76168],[-73.97025,40.76215],[-73.97022,40.76219],[-73.97017,40.76225]]}},{"type":"Feature","properties":{"n":3,"s":19.5},"geometry":{"type":"LineString","coordinates":[[-73.97017,40.76225],[-73.97013,40.76231],[-73.96978,40.7628],[-73.96976,40.76282],[-73.96972,40.76287]]}},{"type":"Feature","properties":{"n":3,"s":19.5},"geometry":{"type":"LineString","coordinates":[[-73.96972,40.76287],[-73.96967,40.76294],[-73.96933,40.76341],[-73.96931,40.76344],[-73.96926,40.76351]]}},{"type":"Feature","properties":{"n":7,"s":12.5},"geometry":{"type":"LineString","coordinates":[[-73.99343,40.72451],[-73.9935,40.72453],[-73.99388,40.72467],[-73.99408,40.72474],[-73.99415,40.72476]]}},{"type":"Feature","properties":{"n":3,"s":16.9},"geometry":{"type":"LineString","coordinates":[[-73.99421,40.72463],[-73.99424,40.72455],[-73.99489,40.72309],[-73.99491,40.72304]]}},{"type":"Feature","properties":{"n":3,"s":17.0},"geometry":{"type":"LineString","coordinates":[[-73.98738,40.71839],[-73.98744,40.71841],[-73.988,40.71858],[-73.98806,40.7186],[-73.98817,40.71863]]}},{"type":"Feature","properties":{"n":8,"s":10.6},"geometry":{"type":"LineString","coordinates":[[-73.99021,40.71925],[-73.99047,40.71932]]}},{"type":"Feature","properties":{"n":6,"s":11.5},"geometry":{"type":"LineString","coordinates":[[-73.99047,40.71932],[-73.99054,40.71918]]}},{"type":"Feature","properties":{"n":6,"s":11.5},"geometry":{"type":"LineString","coordinates":[[-73.99054,40.71918],[-73.99059,40.71909],[-73.99095,40.71841],[-73.99098,40.71835]]}},{"type":"Feature","properties":{"n":6,"s":11.5},"geometry":{"type":"LineString","coordinates":[[-73.99098,40.71835],[-73.99101,40.7183],[-73.99117,40.71798],[-73.99141,40.71751],[-73.99145,40.71744]]}},{"type":"Feature","properties":{"n":5,"s":13.4},"geometry":{"type":"LineString","coordinates":[[-73.99145,40.71744],[-73.99153,40.71746],[-73.99216,40.71765],[-73.99222,40.71767]]}},{"type":"Feature","properties":{"n":5,"s":13.4},"geometry":{"type":"LineString","coordinates":[[-73.99222,40.71767],[-73.99229,40.71769],[-73.99295,40.71789],[-73.993,40.7179],[-73.99307,40.71793]]}},{"type":"Feature","properties":{"n":5,"s":13.4},"geometry":{"type":"LineString","coordinates":[[-73.99307,40.71793],[-73.99318,40.71796],[-73.99326,40.71798],[-73.99364,40.7181],[-73.99367,40.71811],[-73.9937,40.71812],[-73.99384,40.71816]]}},{"type":"Feature","properties":{"n":3,"s":23.2},"geometry":{"type":"LineString","coordinates":[[-74.00407,40.70744],[-74.00414,40.70757],[-74.0043,40.70779],[-74.00433,40.70784]]}},{"type":"Feature","properties":{"n":3,"s":28.9},"geometry":{"type":"LineString","coordinates":[[-74.00433,40.70784],[-74.00436,40.70788],[-74.00475,40.70837],[-74.00478,40.70841]]}},{"type":"Feature","properties":{"n":5,"s":15.3},"geometry":{"type":"LineString","coordinates":[[-73.98338,40.76603],[-73.98324,40.76598],[-73.98213,40.76551],[-73.98204,40.76547]]}},{"type":"Feature","properties":{"n":8,"s":14.3},"geometry":{"type":"LineString","coordinates":[[-73.99156,40.74971],[-73.99144,40.74965],[-73.99095,40.74945],[-73.98976,40.74895],[-73.98884,40.74856],[-73.98869,40.74851]]}},{"type":"Feature","properties":{"n":8,"s":13.5},"geometry":{"type":"LineString","coordinates":[[-73.98819,40.7483],[-73.98821,40.74823],[-73.98822,40.7481],[-73.98822,40.74803],[-73.98827,40.74778],[-73.98828,40.74773],[-73.98832,40.74762],[-73.98833,40.74755]]}},{"type":"Feature","properties":{"n":9,"s":13.4},"geometry":{"type":"LineString","coordinates":[[-73.98833,40.74755],[-73.98834,40.74751],[-73.98834,40.74749],[-73.98837,40.74735],[-73.98841,40.74719],[-73.98839,40.74712],[-73.98842,40.74697],[-73.98845,40.74692],[-73.98846,40.74687],[-73.98847,40.7468]]}},{"type":"Feature","properties":{"n":9,"s":13.4},"geometry":{"type":"LineString","coordinates":[[-73.98847,40.7468],[-73.98849,40.74673],[-73.98849,40.7466],[-73.9885,40.74648],[-73.98855,40.74624],[-73.98859,40.74617],[-73.9886,40.74611],[-73.98861,40.74605]]}},{"type":"Feature","properties":{"n":11,"s":13.6},"geometry":{"type":"LineString","coordinates":[[-73.98861,40.74605],[-73.98862,40.74597],[-73.98865,40.74582],[-73.98868,40.74567],[-73.98868,40.74558],[-73.98867,40.74552],[-73.9887,40.74545],[-73.98874,40.74537],[-73.98875,40.74529]]}},{"type":"Feature","properties":{"n":11,"s":13.6},"geometry":{"type":"LineString","coordinates":[[-73.98875,40.74529],[-73.98864,40.74524],[-73.98807,40.74501],[-73.98742,40.74473],[-73.9873,40.74468]]}},{"type":"Feature","properties":{"n":4,"s":14.9},"geometry":{"type":"LineString","coordinates":[[-73.98914,40.74136],[-73.98907,40.74133],[-73.98878,40.74122],[-73.98866,40.74117],[-73.98864,40.74116],[-73.98861,40.74115],[-73.98851,40.7411],[-73.98836,40.74104],[-73.98809,40.74092],[-73.98799,40.74088]]}},{"type":"Feature","properties":{"n":7,"s":14.3},"geometry":{"type":"LineString","coordinates":[[-73.9948,40.7316],[-73.9947,40.73156],[-73.99443,40.73144],[-73.9941,40.7313],[-73.99405,40.73128]]}},{"type":"Feature","properties":{"n":8,"s":16.7},"geometry":{"type":"LineString","coordinates":[[-73.99405,40.73128],[-73.99398,40.73126],[-73.99331,40.73097],[-73.99326,40.73095]]}},{"type":"Feature","properties":{"n":8,"s":16.7},"geometry":{"type":"LineString","coordinates":[[-73.99326,40.73095],[-73.99319,40.73092],[-73.99287,40.73079],[-73.99256,40.73066],[-73.99251,40.73064],[-73.99241,40.7306]]}},{"type":"Feature","properties":{"n":8,"s":16.7},"geometry":{"type":"LineString","coordinates":[[-73.99241,40.7306],[-73.99231,40.73056],[-73.99128,40.73011],[-73.99121,40.73009],[-73.99111,40.73005]]}},{"type":"Feature","properties":{"n":3,"s":19.7},"geometry":{"type":"LineString","coordinates":[[-73.95837,40.80078],[-73.95842,40.80077],[-73.95843,40.80077],[-73.95848,40.80077],[-73.95852,40.80077],[-73.95856,40.80078],[-73.95868,40.80082],[-73.95909,40.80099],[-73.95945,40.80114],[-73.95951,40.80116],[-73.95962,40.8012]]}},{"type":"Feature","properties":{"n":4,"s":15.3},"geometry":{"type":"LineString","coordinates":[[-73.98447,40.74269],[-73.9846,40.74274]]}},{"type":"Feature","properties":{"n":3,"s":14.2},"geometry":{"type":"LineString","coordinates":[[-73.9846,40.74274],[-73.98466,40.74277],[-73.9847,40.74279],[-73.98605,40.74335],[-73.98614,40.74339]]}},{"type":"Feature","properties":{"n":9,"s":16.0},"geometry":{"type":"LineString","coordinates":[[-73.99448,40.7559],[-73.99451,40.75586],[-73.9948,40.75547]]}},{"type":"Feature","properties":{"n":8,"s":16.7},"geometry":{"type":"LineString","coordinates":[[-73.9948,40.75547],[-73.99488,40.75537],[-73.99493,40.7553]]}},{"type":"Feature","properties":{"n":9,"s":17.0},"geometry":{"type":"LineString","coordinates":[[-73.99493,40.7553],[-73.99497,40.75524],[-73.99524,40.75488],[-73.99534,40.75475],[-73.99538,40.75469]]}},{"type":"Feature","properties":{"n":8,"s":16.7},"geometry":{"type":"LineString","coordinates":[[-73.99538,40.75469],[-73.99543,40.75463],[-73.99567,40.75431],[-73.99569,40.75428],[-73.99571,40.75425],[-73.9958,40.75413],[-73.99584,40.75407]]}},{"type":"Feature","properties":{"n":8,"s":16.7},"geometry":{"type":"LineString","coordinates":[[-73.99584,40.75407],[-73.99589,40.75401],[-73.9961,40.7537],[-73.99626,40.75349],[-73.99632,40.75341]]}},{"type":"Feature","properties":{"n":7,"s":17.4},"geometry":{"type":"LineString","coordinates":[[-73.99632,40.75341],[-73.99639,40.7533],[-73.99669,40.7529],[-73.99677,40.75279],[-73.99682,40.75274]]}},{"type":"Feature","properties":{"n":7,"s":17.4},"geometry":{"type":"LineString","coordinates":[[-73.99682,40.75274],[-73.99687,40.75268],[-73.99721,40.75221],[-73.99727,40.75213],[-73.99768,40.75157],[-73.99772,40.75151]]}},{"type":"Feature","properties":{"n":8,"s":16.9},"geometry":{"type":"LineString","coordinates":[[-73.99772,40.75151],[-73.99776,40.75145],[-73.99798,40.75116],[-73.99804,40.75107]]}},{"type":"Feature","properties":{"n":8,"s":16.9},"geometry":{"type":"LineString","coordinates":[[-73.99804,40.75107],[-73.99811,40.75097],[-73.99816,40.75091]]}},{"type":"Feature","properties":{"n":9,"s":16.2},"geometry":{"type":"LineString","coordinates":[[-73.99816,40.75091],[-73.99821,40.75083],[-73.99857,40.75033],[-73.99861,40.75028]]}},{"type":"Feature","properties":{"n":9,"s":16.2},"geometry":{"type":"LineString","coordinates":[[-73.99861,40.75028],[-73.99866,40.75021],[-73.99871,40.75014],[-73.999,40.74975],[-73.99903,40.7497],[-73.99906,40.74966]]}},{"type":"Feature","properties":{"n":11,"s":14.1},"geometry":{"type":"LineString","coordinates":[[-73.99906,40.74966],[-73.99911,40.7496],[-73.99945,40.74912],[-73.99958,40.74895],[-73.9997,40.74879],[-73.99989,40.74852],[-73.99992,40.74847],[-73.99996,40.74843]]}},{"type":"Feature","properties":{"n":9,"s":15.0},"geometry":{"type":"LineString","coordinates":[[-73.99996,40.74843],[-74.00001,40.74836],[-74.00037,40.74786],[-74.00042,40.74779]]}},{"type":"Feature","properties":{"n":9,"s":15.0},"geometry":{"type":"LineString","coordinates":[[-74.00042,40.74779],[-74.00046,40.74773],[-74.0006,40.74754],[-74.00082,40.74723],[-74.00087,40.74717]]}},{"type":"Feature","properties":{"n":9,"s":15.0},"geometry":{"type":"LineString","coordinates":[[-74.00087,40.74717],[-74.00091,40.74712],[-74.00106,40.74691],[-74.00129,40.7466],[-74.00135,40.74652]]}},{"type":"Feature","properties":{"n":3,"s":13.6},"geometry":{"type":"LineString","coordinates":[[-74.0026,40.71992],[-74.00265,40.71996],[-74.00325,40.72039],[-74.00329,40.72042],[-74.0033,40.72043]]}},{"type":"Feature","properties":{"n":3,"s":13.6},"geometry":{"type":"LineString","coordinates":[[-74.0033,40.72043],[-74.00347,40.72055]]}},{"type":"Feature","properties":{"n":3,"s":13.6},"geometry":{"type":"LineString","coordinates":[[-74.00347,40.72055],[-74.00359,40.72064],[-74.00364,40.72067],[-74.00393,40.72087]]}},{"type":"Feature","properties":{"n":3,"s":13.6},"geometry":{"type":"LineString","coordinates":[[-74.00462,40.72137],[-74.00471,40.72143],[-74.00507,40.72168]]}},{"type":"Feature","properties":{"n":3,"s":13.6},"geometry":{"type":"LineString","coordinates":[[-74.00507,40.72168],[-74.00511,40.72171],[-74.00515,40.72174],[-74.00519,40.72177],[-74.00535,40.72188]]}},{"type":"Feature","properties":{"n":3,"s":15.1},"geometry":{"type":"LineString","coordinates":[[-74.00535,40.72188],[-74.00552,40.722],[-74.00557,40.72203],[-74.0059,40.72227],[-74.0062,40.72249],[-74.00632,40.72257]]}},{"type":"Feature","properties":{"n":3,"s":15.1},"geometry":{"type":"LineString","coordinates":[[-74.00632,40.72257],[-74.00645,40.72266],[-74.00705,40.72308],[-74.00722,40.72319]]}},{"type":"Feature","properties":{"n":3,"s":15.1},"geometry":{"type":"LineString","coordinates":[[-74.00722,40.72319],[-74.00724,40.72328],[-74.00755,40.7235],[-74.0076,40.72354],[-74.00764,40.72356]]}},{"type":"Feature","properties":{"n":3,"s":15.1},"geometry":{"type":"LineString","coordinates":[[-74.00764,40.72356],[-74.00774,40.72362],[-74.00793,40.72376]]}},{"type":"Feature","properties":{"n":3,"s":15.1},"geometry":{"type":"LineString","coordinates":[[-74.00793,40.72376],[-74.00803,40.72385],[-74.00848,40.72418],[-74.00854,40.72423],[-74.00867,40.72432]]}},{"type":"Feature","properties":{"n":3,"s":15.1},"geometry":{"type":"LineString","coordinates":[[-74.00867,40.72432],[-74.00881,40.72442],[-74.00888,40.72447],[-74.00895,40.72452],[-74.00922,40.72471],[-74.0093,40.72477]]}},{"type":"Feature","properties":{"n":3,"s":15.1},"geometry":{"type":"LineString","coordinates":[[-74.0093,40.72477],[-74.0094,40.72483],[-74.00966,40.72501],[-74.00973,40.72506],[-74.00981,40.72511],[-74.00994,40.72519],[-74.00999,40.72522],[-74.0101,40.72529]]}},{"type":"Feature","properties":{"n":3,"s":15.1},"geometry":{"type":"LineString","coordinates":[[-74.0101,40.72529],[-74.01019,40.72535],[-74.0105,40.72556],[-74.01075,40.72574],[-74.0108,40.72577],[-74.01082,40.72578],[-74.01084,40.72579],[-74.01087,40.7258],[-74.0109,40.7258],[-74.01093,40.72581]]}},{"type":"Feature","properties":{"n":4,"s":12.1},"geometry":{"type":"LineString","coordinates":[[-74.00571,40.73755],[-74.00556,40.73755],[-74.00498,40.73755],[-74.00478,40.73755]]}},{"type":"Feature","properties":{"n":6,"s":20.6},"geometry":{"type":"LineString","coordinates":[[-73.97351,40.74379],[-73.97365,40.74385],[-73.97428,40.74411],[-73.97509,40.74445],[-73.9752,40.7445]]}},{"type":"Feature","properties":{"n":5,"s":20.8},"geometry":{"type":"LineString","coordinates":[[-73.9752,40.7445],[-73.97514,40.7446],[-73.9751,40.74467],[-73.97505,40.74475],[-73.975,40.74482],[-73.97479,40.74512],[-73.97474,40.74518]]}},{"type":"Feature","properties":{"n":6,"s":17.5},"geometry":{"type":"LineString","coordinates":[[-73.97925,40.74708],[-73.9793,40.74702],[-73.97946,40.74679],[-73.97963,40.74655],[-73.97967,40.7465],[-73.97974,40.74641]]}},{"type":"Feature","properties":{"n":4,"s":17.0},"geometry":{"type":"LineString","coordinates":[[-73.97813,40.74574],[-73.97799,40.74567],[-73.97792,40.74564],[-73.97764,40.74553],[-73.97733,40.7454]]}},{"type":"Feature","properties":{"n":4,"s":17.0},"geometry":{"type":"LineString","coordinates":[[-73.97733,40.7454],[-73.97638,40.745],[-73.97601,40.74484],[-73.97589,40.74479]]}},{"type":"Feature","properties":{"n":4,"s":9.2},"geometry":{"type":"LineString","coordinates":[[-73.99415,40.72476],[-73.99423,40.72479],[-73.99481,40.725],[-73.99489,40.72502]]}},{"type":"Feature","properties":{"n":6,"s":10.6},"geometry":{"type":"LineString","coordinates":[[-73.99489,40.72502],[-73.99494,40.72504],[-73.99516,40.72512],[-73.99527,40.72515]]}},{"type":"Feature","properties":{"n":4,"s":9.2},"geometry":{"type":"LineString","coordinates":[[-73.99527,40.72515],[-73.99539,40.72518],[-73.99571,40.72526],[-73.99578,40.72528]]}},{"type":"Feature","properties":{"n":4,"s":9.2},"geometry":{"type":"LineString","coordinates":[[-73.99578,40.72528],[-73.99587,40.7253],[-73.99611,40.72536],[-73.9966,40.72548],[-73.99671,40.7255]]}},{"type":"Feature","properties":{"n":3,"s":8.9},"geometry":{"type":"LineString","coordinates":[[-74.00858,40.71997],[-74.0087,40.71998],[-74.01003,40.72012],[-74.01012,40.72012]]}},{"type":"Feature","properties":{"n":12,"s":26.4},"geometry":{"type":"LineString","coordinates":[[-73.97646,40.77554],[-73.97642,40.7756],[-73.97606,40.7761],[-73.97603,40.77614],[-73.97596,40.77623]]}},{"type":"Feature","properties":{"n":12,"s":26.4},"geometry":{"type":"LineString","coordinates":[[-73.97596,40.77623],[-73.9759,40.77631],[-73.97575,40.77652],[-73.97551,40.77685],[-73.97547,40.7769]]}},{"type":"Feature","properties":{"n":12,"s":26.4},"geometry":{"type":"LineString","coordinates":[[-73.97547,40.7769],[-73.97544,40.77694],[-73.97504,40.77749],[-73.975,40.77754]]}},{"type":"Feature","properties":{"n":4,"s":34.5},"geometry":{"type":"LineString","coordinates":[[-73.95801,40.80079],[-73.95796,40.80087],[-73.95787,40.80099],[-73.95773,40.80118],[-73.95769,40.80124]]}},{"type":"Feature","properties":{"n":4,"s":34.5},"geometry":{"type":"LineString","coordinates":[[-73.95769,40.80124],[-73.95765,40.8013],[-73.95727,40.8018],[-73.95724,40.80186]]}},{"type":"Feature","properties":{"n":4,"s":34.5},"geometry":{"type":"LineString","coordinates":[[-73.95724,40.80186],[-73.95719,40.80192],[-73.95681,40.80244],[-73.95678,40.80249]]}},{"type":"Feature","properties":{"n":4,"s":34.5},"geometry":{"type":"LineString","coordinates":[[-73.95678,40.80249],[-73.95673,40.80255],[-73.95635,40.80307],[-73.95632,40.80312]]}},{"type":"Feature","properties":{"n":4,"s":34.5},"geometry":{"type":"LineString","coordinates":[[-73.95632,40.80312],[-73.95628,40.80318],[-73.9559,40.8037],[-73.95586,40.80375]]}},{"type":"Feature","properties":{"n":4,"s":34.5},"geometry":{"type":"LineString","coordinates":[[-73.95586,40.80375],[-73.95582,40.80381],[-73.95544,40.80433],[-73.95537,40.80442]]}},{"type":"Feature","properties":{"n":4,"s":34.5},"geometry":{"type":"LineString","coordinates":[[-73.95537,40.80442],[-73.95529,40.80452],[-73.95491,40.80504],[-73.95487,40.80509]]}},{"type":"Feature","properties":{"n":4,"s":34.5},"geometry":{"type":"LineString","coordinates":[[-73.95487,40.80509],[-73.95483,40.80516],[-73.9547,40.80534],[-73.95445,40.80567],[-73.95441,40.80573]]}},{"type":"Feature","properties":{"n":4,"s":34.5},"geometry":{"type":"LineString","coordinates":[[-73.95441,40.80573],[-73.95437,40.80579],[-73.954,40.8063],[-73.95396,40.80635]]}},{"type":"Feature","properties":{"n":4,"s":34.5},"geometry":{"type":"LineString","coordinates":[[-73.95396,40.80635],[-73.95392,40.80641],[-73.95354,40.80693],[-73.9535,40.80698]]}},{"type":"Feature","properties":{"n":3,"s":37.7},"geometry":{"type":"LineString","coordinates":[[-73.9535,40.80698],[-73.95345,40.80704],[-73.95322,40.80736],[-73.9531,40.80752],[-73.95304,40.80761]]}},{"type":"Feature","properties":{"n":3,"s":37.7},"geometry":{"type":"LineString","coordinates":[[-73.95304,40.80761],[-73.953,40.80766],[-73.95298,40.80769],[-73.95292,40.80777]]}},{"type":"Feature","properties":{"n":3,"s":9.2},"geometry":{"type":"LineString","coordinates":[[-74.00066,40.72085],[-74.00057,40.72078],[-73.99992,40.72046],[-73.99986,40.72044]]}},{"type":"Feature","properties":{"n":3,"s":16.1},"geometry":{"type":"LineString","coordinates":[[-73.98653,40.71812],[-73.98661,40.71814],[-73.98668,40.71817],[-73.98677,40.71819],[-73.98709,40.7183],[-73.98728,40.71836],[-73.98738,40.71839]]}},{"type":"Feature","properties":{"n":7,"s":19.7},"geometry":{"type":"LineString","coordinates":[[-73.97305,40.678],[-73.97305,40.67788],[-73.97303,40.67782],[-73.9729,40.67764],[-73.97285,40.67757]]}},{"type":"Feature","properties":{"n":4,"s":20.9},"geometry":{"type":"LineString","coordinates":[[-73.97285,40.67757],[-73.97277,40.67748],[-73.97242,40.67699],[-73.97214,40.67675]]}},{"type":"Feature","properties":{"n":4,"s":20.9},"geometry":{"type":"LineString","coordinates":[[-73.97214,40.67675],[-73.97199,40.67653],[-73.97191,40.67642]]}},{"type":"Feature","properties":{"n":4,"s":20.9},"geometry":{"type":"LineString","coordinates":[[-73.97191,40.67642],[-73.97184,40.67634],[-73.97172,40.67616],[-73.97146,40.6758],[-73.97143,40.67576],[-73.9714,40.67572]]}},{"type":"Feature","properties":{"n":3,"s":14.5},"geometry":{"type":"LineString","coordinates":[[-73.99179,40.76469],[-73.99167,40.76464],[-73.99158,40.7646],[-73.98922,40.76361],[-73.98908,40.76355],[-73.98894,40.76349]]}},{"type":"Feature","properties":{"n":4,"s":14.5},"geometry":{"type":"LineString","coordinates":[[-73.98508,40.7586],[-73.98497,40.75855],[-73.98428,40.75826],[-73.9827,40.75758],[-73.98239,40.75745],[-73.98225,40.75739]]}},{"type":"Feature","properties":{"n":6,"s":15.4},"geometry":{"type":"LineString","coordinates":[[-73.98225,40.75739],[-73.98212,40.75733],[-73.98128,40.75698],[-73.97915,40.75609],[-73.97902,40.75604]]}},{"type":"Feature","properties":{"n":4,"s":12.1},"geometry":{"type":"LineString","coordinates":[[-74.00297,40.73425],[-74.00291,40.73426],[-74.00274,40.73429],[-74.00256,40.73432],[-74.0024,40.73434]]}},{"type":"Feature","properties":{"n":4,"s":12.1},"geometry":{"type":"LineString","coordinates":[[-74.0024,40.73434],[-74.00223,40.73437],[-74.00139,40.73449]]}},{"type":"Feature","properties":{"n":4,"s":12.1},"geometry":{"type":"LineString","coordinates":[[-74.00139,40.73449],[-74.00049,40.73463],[-74.0001,40.73469],[-73.99997,40.73469]]}},{"type":"Feature","properties":{"n":3,"s":16.7},"geometry":{"type":"LineString","coordinates":[[-73.97352,40.75207],[-73.97338,40.75201],[-73.97291,40.75182],[-73.9723,40.75156],[-73.9714,40.75118],[-73.97126,40.75112]]}},{"type":"Feature","properties":{"n":3,"s":18.2},"geometry":{"type":"LineString","coordinates":[[-73.95418,40.78143],[-73.95422,40.78138],[-73.95433,40.78122],[-73.95459,40.78086],[-73.95463,40.78081]]}},{"type":"Feature","properties":{"n":3,"s":25.6},"geometry":{"type":"LineString","coordinates":[[-73.95509,40.78017],[-73.95514,40.78012],[-73.95531,40.77988],[-73.95552,40.7796],[-73.95558,40.77951]]}},{"type":"Feature","properties":{"n":4,"s":29.3},"geometry":{"type":"LineString","coordinates":[[-73.95558,40.77951],[-73.95565,40.77941],[-73.95602,40.77892],[-73.95604,40.77888],[-73.95608,40.77882]]}},{"type":"Feature","properties":{"n":4,"s":29.3},"geometry":{"type":"LineString","coordinates":[[-73.95608,40.77882],[-73.95613,40.77876],[-73.95651,40.77824],[-73.95655,40.77819]]}},{"type":"Feature","properties":{"n":4,"s":29.3},"geometry":{"type":"LineString","coordinates":[[-73.95655,40.77819],[-73.95659,40.77813],[-73.95697,40.77761],[-73.95701,40.77755]]}},{"type":"Feature","properties":{"n":4,"s":29.3},"geometry":{"type":"LineString","coordinates":[[-73.95701,40.77755],[-73.95706,40.77749],[-73.95722,40.77726],[-73.95743,40.77697],[-73.95747,40.77692]]}},{"type":"Feature","properties":{"n":4,"s":29.3},"geometry":{"type":"LineString","coordinates":[[-73.95747,40.77692],[-73.95751,40.77686],[-73.95789,40.77634],[-73.95794,40.77628]]}},{"type":"Feature","properties":{"n":4,"s":29.3},"geometry":{"type":"LineString","coordinates":[[-73.95794,40.77628],[-73.95798,40.77622],[-73.95836,40.77571],[-73.9584,40.77564]]}},{"type":"Feature","properties":{"n":4,"s":29.3},"geometry":{"type":"LineString","coordinates":[[-73.9584,40.77564],[-73.95844,40.7756],[-73.9586,40.77537],[-73.95883,40.77506],[-73.9589,40.77497]]}},{"type":"Feature","properties":{"n":5,"s":26.0},"geometry":{"type":"LineString","coordinates":[[-73.9589,40.77497],[-73.95896,40.77487],[-73.95918,40.77457],[-73.95935,40.77434],[-73.9594,40.77428]]}},{"type":"Feature","properties":{"n":5,"s":26.0},"geometry":{"type":"LineString","coordinates":[[-73.9594,40.77428],[-73.95943,40.77424],[-73.95982,40.77371],[-73.95985,40.77366]]}},{"type":"Feature","properties":{"n":5,"s":26.0},"geometry":{"type":"LineString","coordinates":[[-73.95985,40.77366],[-73.9599,40.77359],[-73.9601,40.77331],[-73.96028,40.77307],[-73.96032,40.77302]]}},{"type":"Feature","properties":{"n":5,"s":26.0},"geometry":{"type":"LineString","coordinates":[[-73.96032,40.77302],[-73.96037,40.77295],[-73.96074,40.77243],[-73.96078,40.77238]]}},{"type":"Feature","properties":{"n":5,"s":26.0},"geometry":{"type":"LineString","coordinates":[[-73.96078,40.77238],[-73.96082,40.77232],[-73.96121,40.7718],[-73.96125,40.77174]]}},{"type":"Feature","properties":{"n":5,"s":26.0},"geometry":{"type":"LineString","coordinates":[[-73.96125,40.77174],[-73.96129,40.77169],[-73.96167,40.77117],[-73.96171,40.77111]]}},{"type":"Feature","properties":{"n":5,"s":27.8},"geometry":{"type":"LineString","coordinates":[[-73.96171,40.77111],[-73.96175,40.77106],[-73.96192,40.77083],[-73.96214,40.77052],[-73.96221,40.77043]]}},{"type":"Feature","properties":{"n":5,"s":27.8},"geometry":{"type":"LineString","coordinates":[[-73.96221,40.77043],[-73.96228,40.77033],[-73.96267,40.7698],[-73.9627,40.76975]]}},{"type":"Feature","properties":{"n":6,"s":21.4},"geometry":{"type":"LineString","coordinates":[[-73.99111,40.73005],[-73.99108,40.73007],[-73.99105,40.7301],[-73.99102,40.73013],[-73.99099,40.73016],[-73.99096,40.73018],[-73.99094,40.73021],[-73.99092,40.73023],[-73.99071,40.73052],[-73.99068,40.73056],[-73.99063,40.73064]]}},{"type":"Feature","properties":{"n":6,"s":21.4},"geometry":{"type":"LineString","coordinates":[[-73.99063,40.73064],[-73.9906,40.73069],[-73.99058,40.73071],[-73.99056,40.73074],[-73.99054,40.73077],[-73.99052,40.73082],[-73.99045,40.73101]]}},{"type":"Feature","properties":{"n":7,"s":27.6},"geometry":{"type":"LineString","coordinates":[[-73.96802,40.79724],[-73.96797,40.7973],[-73.96788,40.79743],[-73.96782,40.79752],[-73.9676,40.79782],[-73.96756,40.79787]]}},{"type":"Feature","properties":{"n":7,"s":27.6},"geometry":{"type":"LineString","coordinates":[[-73.96756,40.79787],[-73.96752,40.79793],[-73.96738,40.79814],[-73.96732,40.79823],[-73.96723,40.79836],[-73.96716,40.79845],[-73.96713,40.79851]]}},{"type":"Feature","properties":{"n":7,"s":27.6},"geometry":{"type":"LineString","coordinates":[[-73.96713,40.79851],[-73.96708,40.79857],[-73.96698,40.7987],[-73.96692,40.79879],[-73.9667,40.79908],[-73.96666,40.79913]]}},{"type":"Feature","properties":{"n":7,"s":27.6},"geometry":{"type":"LineString","coordinates":[[-73.96666,40.79913],[-73.96661,40.79919],[-73.96652,40.79931],[-73.96646,40.7994],[-73.96639,40.79949],[-73.96631,40.79961],[-73.96624,40.79971],[-73.9662,40.79977]]}},{"type":"Feature","properties":{"n":6,"s":29.6},"geometry":{"type":"LineString","coordinates":[[-73.9662,40.79977],[-73.96616,40.79982],[-73.96602,40.8],[-73.96576,40.80033],[-73.96569,40.80043]]}},{"type":"Feature","properties":{"n":8,"s":26.9},"geometry":{"type":"LineString","coordinates":[[-73.96569,40.80043],[-73.96562,40.80053],[-73.96543,40.80079],[-73.96531,40.80095],[-73.96524,40.80105],[-73.96519,40.80111]]}},{"type":"Feature","properties":{"n":8,"s":26.9},"geometry":{"type":"LineString","coordinates":[[-73.96519,40.80111],[-73.96515,40.80117],[-73.965,40.80137],[-73.96493,40.80147],[-73.96488,40.80155],[-73.96478,40.80168],[-73.96474,40.80173]]}},{"type":"Feature","properties":{"n":6,"s":29.6},"geometry":{"type":"LineString","coordinates":[[-73.96474,40.80173],[-73.96474,40.80174],[-73.96469,40.8018],[-73.96451,40.80205],[-73.96439,40.80222],[-73.96432,40.80231],[-73.96428,40.80237]]}},{"type":"Feature","properties":{"n":6,"s":29.6},"geometry":{"type":"LineString","coordinates":[[-73.96428,40.80237],[-73.96423,40.80243],[-73.96408,40.80263],[-73.96398,40.80276],[-73.96395,40.80281],[-73.96393,40.80282],[-73.9639,40.80287],[-73.96385,40.80296]]}},{"type":"Feature","properties":{"n":6,"s":29.6},"geometry":{"type":"LineString","coordinates":[[-73.96385,40.80296],[-73.96378,40.80308],[-73.96376,40.80311],[-73.96368,40.80324],[-73.96343,40.80358],[-73.96339,40.80363]]}},{"type":"Feature","properties":{"n":6,"s":29.6},"geometry":{"type":"LineString","coordinates":[[-73.96339,40.80363],[-73.96335,40.80368],[-73.96317,40.80393],[-73.96314,40.80397],[-73.96297,40.80421],[-73.96293,40.80426]]}},{"type":"Feature","properties":{"n":5,"s":30.5},"geometry":{"type":"LineString","coordinates":[[-73.96293,40.80426],[-73.96289,40.80432],[-73.96286,40.80435],[-73.96277,40.80449],[-73.96274,40.80453],[-73.9627,40.80458],[-73.96266,40.80463],[-73.96252,40.80483],[-73.96247,40.80489]]}},{"type":"Feature","properties":{"n":5,"s":30.5},"geometry":{"type":"LineString","coordinates":[[-73.96247,40.80489],[-73.96243,40.80495],[-73.96216,40.80532],[-73.96205,40.80546],[-73.96201,40.80553]]}},{"type":"Feature","properties":{"n":5,"s":30.5},"geometry":{"type":"LineString","coordinates":[[-73.96201,40.80553],[-73.96197,40.80558],[-73.96181,40.80579],[-73.9616,40.80609],[-73.96155,40.80615]]}},{"type":"Feature","properties":{"n":5,"s":30.5},"geometry":{"type":"LineString","coordinates":[[-73.96155,40.80615],[-73.96151,40.80621],[-73.96128,40.80652],[-73.96112,40.80674],[-73.96106,40.80683]]}},{"type":"Feature","properties":{"n":5,"s":30.5},"geometry":{"type":"LineString","coordinates":[[-73.96106,40.80683],[-73.96099,40.80692],[-73.96086,40.80709],[-73.9608,40.80718],[-73.96053,40.80754],[-73.96049,40.8076],[-73.96032,40.80784],[-73.96015,40.80807],[-73.96011,40.80813]]}},{"type":"Feature","properties":{"n":5,"s":30.5},"geometry":{"type":"LineString","coordinates":[[-73.96011,40.80813],[-73.96007,40.80818],[-73.95986,40.80847],[-73.9597,40.80869],[-73.95965,40.80876]]}},{"type":"Feature","properties":{"n":5,"s":30.5},"geometry":{"type":"LineString","coordinates":[[-73.95965,40.80876],[-73.9596,40.80881],[-73.95952,40.80893],[-73.95929,40.80924],[-73.95921,40.80934]]}},{"type":"Feature","properties":{"n":4,"s":32.4},"geometry":{"type":"LineString","coordinates":[[-73.95921,40.80934],[-73.95918,40.80938],[-73.95914,40.80944],[-73.95911,40.80949],[-73.95898,40.80966],[-73.95876,40.80995],[-73.95873,40.81]]}},{"type":"Feature","properties":{"n":4,"s":32.4},"geometry":{"type":"LineString","coordinates":[[-73.95873,40.81],[-73.95868,40.81007],[-73.95846,40.81037],[-73.95832,40.81056],[-73.95827,40.81063]]}},{"type":"Feature","properties":{"n":3,"s":18.1},"geometry":{"type":"LineString","coordinates":[[-73.97285,40.67757],[-73.97272,40.67754]]}},{"type":"Feature","properties":{"n":3,"s":18.1},"geometry":{"type":"LineString","coordinates":[[-73.97272,40.67754],[-73.97254,40.6775],[-73.97241,40.67747],[-73.97235,40.67746]]}},{"type":"Feature","properties":{"n":3,"s":18.1},"geometry":{"type":"LineString","coordinates":[[-73.97235,40.67746],[-73.97227,40.67744],[-73.96932,40.67681],[-73.96918,40.67679]]}},{"type":"Feature","properties":{"n":3,"s":18.1},"geometry":{"type":"LineString","coordinates":[[-73.96918,40.67679],[-73.96904,40.67676],[-73.96639,40.6762],[-73.9663,40.67618]]}},{"type":"Feature","properties":{"n":3,"s":18.1},"geometry":{"type":"LineString","coordinates":[[-73.9663,40.67618],[-73.96622,40.67616],[-73.96347,40.67559],[-73.96333,40.67556]]}},{"type":"Feature","properties":{"n":4,"s":13.8},"geometry":{"type":"LineString","coordinates":[[-73.98224,40.72785],[-73.98212,40.7278],[-73.98209,40.72778],[-73.98207,40.72777],[-73.98005,40.72692],[-73.97999,40.7269],[-73.97991,40.72687]]}},{"type":"Feature","properties":{"n":3,"s":14.6},"geometry":{"type":"LineString","coordinates":[[-74.00166,40.73232],[-74.00123,40.73185],[-74.0012,40.73183],[-74.00115,40.7318]]}},{"type":"Feature","properties":{"n":3,"s":13.5},"geometry":{"type":"LineString","coordinates":[[-74.00095,40.73171],[-74.00084,40.73165],[-74.00064,40.73155],[-73.99967,40.73108],[-73.9996,40.73104]]}},{"type":"Feature","properties":{"n":3,"s":12.2},"geometry":{"type":"LineString","coordinates":[[-73.9517,40.71454],[-73.95164,40.71416],[-73.95163,40.71407]]}},{"type":"Feature","properties":{"n":3,"s":12.5},"geometry":{"type":"LineString","coordinates":[[-73.94772,40.71422],[-73.94764,40.71422],[-73.94734,40.71425],[-73.94616,40.71436],[-73.94607,40.71437]]}},{"type":"Feature","properties":{"n":3,"s":12.5},"geometry":{"type":"LineString","coordinates":[[-73.94607,40.71437],[-73.94599,40.71438],[-73.94488,40.71449],[-73.94456,40.71452],[-73.9445,40.71452],[-73.94439,40.71453]]}},{"type":"Feature","properties":{"n":3,"s":12.5},"geometry":{"type":"LineString","coordinates":[[-73.94439,40.71453],[-73.94428,40.71454],[-73.9428,40.71469],[-73.9427,40.7147]]}},{"type":"Feature","properties":{"n":3,"s":12.5},"geometry":{"type":"LineString","coordinates":[[-73.9427,40.7147],[-73.94262,40.7147],[-73.94221,40.71474],[-73.94215,40.71474],[-73.94207,40.71474]]}},{"type":"Feature","properties":{"n":3,"s":12.5},"geometry":{"type":"LineString","coordinates":[[-73.94207,40.71474],[-73.94192,40.71473],[-73.94176,40.71472],[-73.94146,40.71471],[-73.94136,40.71471]]}},{"type":"Feature","properties":{"n":3,"s":12.5},"geometry":{"type":"LineString","coordinates":[[-73.94136,40.71471],[-73.93883,40.7146],[-73.93875,40.71459]]}},{"type":"Feature","properties":{"n":8,"s":16.7},"geometry":{"type":"LineString","coordinates":[[-74.00755,40.71768],[-74.0076,40.71762],[-74.00795,40.71717],[-74.00798,40.71713]]}},{"type":"Feature","properties":{"n":8,"s":16.7},"geometry":{"type":"LineString","coordinates":[[-74.00798,40.71713],[-74.008,40.7171],[-74.00835,40.71666],[-74.00839,40.71661]]}},{"type":"Feature","properties":{"n":8,"s":16.7},"geometry":{"type":"LineString","coordinates":[[-74.00839,40.71661],[-74.00844,40.71654],[-74.00859,40.71635],[-74.0088,40.71608],[-74.00884,40.71603]]}},{"type":"Feature","properties":{"n":9,"s":16.4},"geometry":{"type":"LineString","coordinates":[[-74.00884,40.71603],[-74.00888,40.71599],[-74.00914,40.71564],[-74.00919,40.71559],[-74.0092,40.71558],[-74.00925,40.71553]]}},{"type":"Feature","properties":{"n":9,"s":16.4},"geometry":{"type":"LineString","coordinates":[[-74.00925,40.71553],[-74.00927,40.71551],[-74.0093,40.71548],[-74.00933,40.71545],[-74.00966,40.71503],[-74.00971,40.71496]]}},{"type":"Feature","properties":{"n":9,"s":16.4},"geometry":{"type":"LineString","coordinates":[[-74.00971,40.71496],[-74.00975,40.71491],[-74.00979,40.71486],[-74.0101,40.71446],[-74.01012,40.71444],[-74.01016,40.7144]]}},{"type":"Feature","properties":{"n":6,"s":15.4},"geometry":{"type":"LineString","coordinates":[[-74.01016,40.7144],[-74.0102,40.71436],[-74.01021,40.71435],[-74.01036,40.71414],[-74.01053,40.71392],[-74.01057,40.71386]]}},{"type":"Feature","properties":{"n":7,"s":15.2},"geometry":{"type":"LineString","coordinates":[[-74.01057,40.71386],[-74.01045,40.7138],[-74.00987,40.71354],[-74.00944,40.71334],[-74.00938,40.71331],[-74.00925,40.71325]]}},{"type":"Feature","properties":{"n":7,"s":15.2},"geometry":{"type":"LineString","coordinates":[[-74.00925,40.71325],[-74.00914,40.7132],[-74.0091,40.71318],[-74.00866,40.71299],[-74.00797,40.71268],[-74.00783,40.71262],[-74.00778,40.7126],[-74.00774,40.71258],[-74.00767,40.71254]]}},{"type":"Feature","properties":{"n":12,"s":19.0},"geometry":{"type":"LineString","coordinates":[[-74.00767,40.71254],[-74.00774,40.71246],[-74.00778,40.71242],[-74.0079,40.71227],[-74.008,40.71214],[-74.00805,40.71208],[-74.00813,40.71199]]}},{"type":"Feature","properties":{"n":13,"s":18.6},"geometry":{"type":"LineString","coordinates":[[-74.00848,40.71159],[-74.00858,40.71148],[-74.00865,40.71139]]}},{"type":"Feature","properties":{"n":12,"s":18.8},"geometry":{"type":"LineString","coordinates":[[-74.00865,40.71139],[-74.00867,40.71139],[-74.00868,40.71138],[-74.00871,40.71137],[-74.00873,40.71136],[-74.00875,40.71135],[-74.00881,40.71127],[-74.00906,40.71097],[-74.00909,40.71094],[-74.0091,40.71091]]}},{"type":"Feature","properties":{"n":11,"s":19.0},"geometry":{"type":"LineString","coordinates":[[-74.0091,40.71091],[-74.00912,40.71087],[-74.00913,40.71085],[-74.00944,40.71048],[-74.00949,40.71043]]}},{"type":"Feature","properties":{"n":11,"s":19.0},"geometry":{"type":"LineString","coordinates":[[-74.00949,40.71043],[-74.00952,40.71039],[-74.00955,40.71037],[-74.00957,40.71034]]}},{"type":"Feature","properties":{"n":6,"s":14.7},"geometry":{"type":"LineString","coordinates":[[-74.00957,40.71034],[-74.00947,40.71028],[-74.00851,40.7096],[-74.00847,40.70957],[-74.00842,40.70954]]}},{"type":"Feature","properties":{"n":6,"s":14.7},"geometry":{"type":"LineString","coordinates":[[-74.00842,40.70954],[-74.00839,40.70951],[-74.00782,40.7091]]}},{"type":"Feature","properties":{"n":6,"s":14.7},"geometry":{"type":"LineString","coordinates":[[-74.00782,40.7091],[-74.00737,40.70877],[-74.00732,40.70874],[-74.00729,40.70871]]}},{"type":"Feature","properties":{"n":3,"s":22.0},"geometry":{"type":"LineString","coordinates":[[-73.9667,40.76734],[-73.96674,40.76728],[-73.96709,40.76681],[-73.96711,40.76677],[-73.96715,40.76672]]}},{"type":"Feature","properties":{"n":5,"s":17.9},"geometry":{"type":"LineString","coordinates":[[-74.0063,40.71417],[-74.00636,40.7141],[-74.00643,40.71402],[-74.0065,40.71393],[-74.00659,40.71382],[-74.00663,40.71377],[-74.0067,40.71368],[-74.00675,40.71362]]}},{"type":"Feature","properties":{"n":5,"s":17.9},"geometry":{"type":"LineString","coordinates":[[-74.00675,40.71362],[-74.00681,40.71354],[-74.00719,40.71308],[-74.00723,40.71304]]}},{"type":"Feature","properties":{"n":4,"s":20.5},"geometry":{"type":"LineString","coordinates":[[-74.00723,40.71304],[-74.0073,40.71296],[-74.00741,40.71283],[-74.00753,40.71269],[-74.0076,40.71262],[-74.00767,40.71254]]}},{"type":"Feature","properties":{"n":6,"s":24.4},"geometry":{"type":"LineString","coordinates":[[-74.00957,40.71034],[-74.00959,40.71033],[-74.00963,40.71028],[-74.00994,40.70992],[-74.00998,40.70987],[-74.01002,40.70983]]}},{"type":"Feature","properties":{"n":6,"s":24.4},"geometry":{"type":"LineString","coordinates":[[-74.01002,40.70983],[-74.01005,40.70979],[-74.01007,40.70977],[-74.01039,40.70939],[-74.01049,40.70927],[-74.01057,40.70917]]}},{"type":"Feature","properties":{"n":6,"s":24.4},"geometry":{"type":"LineString","coordinates":[[-74.01057,40.70917],[-74.01063,40.7091],[-74.01082,40.70887],[-74.01086,40.70882]]}},{"type":"Feature","properties":{"n":3,"s":27.0},"geometry":{"type":"LineString","coordinates":[[-74.01086,40.70882],[-74.01087,40.70883],[-74.0109,40.70885],[-74.01093,40.70886],[-74.01185,40.70928],[-74.01188,40.70929],[-74.01193,40.70931]]}},{"type":"Feature","properties":{"n":3,"s":12.8},"geometry":{"type":"LineString","coordinates":[[-73.98492,40.74207],[-73.98485,40.74204],[-73.9835,40.74147],[-73.98347,40.74146],[-73.98337,40.74142]]}},{"type":"Feature","properties":{"n":3,"s":12.8},"geometry":{"type":"LineString","coordinates":[[-73.98337,40.74142],[-73.98326,40.74138],[-73.98229,40.74097],[-73.98195,40.74083],[-73.98189,40.74081],[-73.98176,40.74075]]}},{"type":"Feature","properties":{"n":4,"s":21.7},"geometry":{"type":"LineString","coordinates":[[-73.97817,40.78647],[-73.97821,40.78641],[-73.97859,40.7859],[-73.97863,40.78584]]}},{"type":"Feature","properties":{"n":4,"s":21.7},"geometry":{"type":"LineString","coordinates":[[-73.97863,40.78584],[-73.97868,40.78578],[-73.9788,40.78562],[-73.97907,40.78527],[-73.97912,40.78521]]}},{"type":"Feature","properties":{"n":4,"s":21.7},"geometry":{"type":"LineString","coordinates":[[-73.97912,40.78521],[-73.97916,40.78515],[-73.97953,40.78464],[-73.97958,40.78457]]}},{"type":"Feature","properties":{"n":4,"s":21.7},"geometry":{"type":"LineString","coordinates":[[-73.97958,40.78457],[-73.97962,40.78452],[-73.98001,40.78399],[-73.98008,40.78389]]}},{"type":"Feature","properties":{"n":4,"s":21.7},"geometry":{"type":"LineString","coordinates":[[-73.98008,40.78389],[-73.98016,40.78379],[-73.98054,40.78327],[-73.98055,40.78325],[-73.98058,40.78321]]}},{"type":"Feature","properties":{"n":4,"s":21.7},"geometry":{"type":"LineString","coordinates":[[-73.98058,40.78321],[-73.98061,40.78315],[-73.98087,40.78262],[-73.98089,40.78259],[-73.98092,40.78253]]}},{"type":"Feature","properties":{"n":4,"s":21.7},"geometry":{"type":"LineString","coordinates":[[-73.98092,40.78253],[-73.98094,40.78246],[-73.98095,40.78244],[-73.98115,40.78187],[-73.98118,40.7818]]}},{"type":"Feature","properties":{"n":4,"s":21.7},"geometry":{"type":"LineString","coordinates":[[-73.98118,40.7818],[-73.9812,40.78174],[-73.9814,40.78114],[-73.98142,40.78108]]}},{"type":"Feature","properties":{"n":4,"s":21.7},"geometry":{"type":"LineString","coordinates":[[-73.98142,40.78108],[-73.98144,40.78101],[-73.98162,40.7804],[-73.98163,40.78033]]}},{"type":"Feature","properties":{"n":4,"s":21.7},"geometry":{"type":"LineString","coordinates":[[-73.98163,40.78033],[-73.98165,40.78028],[-73.98181,40.77966],[-73.98183,40.77958]]}},{"type":"Feature","properties":{"n":4,"s":21.7},"geometry":{"type":"LineString","coordinates":[[-73.98183,40.77958],[-73.98185,40.77952],[-73.98202,40.7789],[-73.98205,40.77879]]}},{"type":"Feature","properties":{"n":5,"s":19.9},"geometry":{"type":"LineString","coordinates":[[-73.98205,40.77879],[-73.98208,40.77867],[-73.98217,40.77824],[-73.98219,40.77807],[-73.98219,40.77795]]}},{"type":"Feature","properties":{"n":5,"s":19.9},"geometry":{"type":"LineString","coordinates":[[-73.98219,40.77795],[-73.98218,40.77786],[-73.98218,40.7778]]}},{"type":"Feature","properties":{"n":5,"s":19.9},"geometry":{"type":"LineString","coordinates":[[-73.98218,40.7778],[-73.98219,40.77764],[-73.98221,40.77724],[-73.98222,40.77714]]}},{"type":"Feature","properties":{"n":6,"s":18.7},"geometry":{"type":"LineString","coordinates":[[-73.98222,40.77714],[-73.98222,40.77708],[-73.98223,40.77642],[-73.98223,40.77641],[-73.98222,40.77633]]}},{"type":"Feature","properties":{"n":6,"s":18.7},"geometry":{"type":"LineString","coordinates":[[-73.98222,40.77633],[-73.98223,40.77626],[-73.98226,40.77561],[-73.98226,40.77553]]}},{"type":"Feature","properties":{"n":8,"s":19.8},"geometry":{"type":"LineString","coordinates":[[-73.98226,40.77553],[-73.98226,40.77545],[-73.98229,40.77481],[-73.9823,40.77472]]}},{"type":"Feature","properties":{"n":8,"s":19.8},"geometry":{"type":"LineString","coordinates":[[-73.9823,40.77472],[-73.9823,40.77466],[-73.98232,40.77399],[-73.98232,40.77392]]}},{"type":"Feature","properties":{"n":8,"s":19.8},"geometry":{"type":"LineString","coordinates":[[-73.98232,40.77392],[-73.98232,40.77384],[-73.98232,40.77326],[-73.98232,40.77318],[-73.98231,40.77309]]}},{"type":"Feature","properties":{"n":6,"s":22.3},"geometry":{"type":"LineString","coordinates":[[-73.98231,40.77309],[-73.98231,40.77299],[-73.9823,40.77286],[-73.9823,40.77284],[-73.9823,40.77281],[-73.98229,40.77266]]}},{"type":"Feature","properties":{"n":3,"s":23.7},"geometry":{"type":"LineString","coordinates":[[-73.97037,40.79406],[-73.97049,40.79412],[-73.97123,40.79443],[-73.97149,40.79454],[-73.97157,40.79458],[-73.97166,40.79461]]}},{"type":"Feature","properties":{"n":5,"s":16.2},"geometry":{"type":"LineString","coordinates":[[-73.98719,40.7333],[-73.98725,40.7332],[-73.98729,40.73315],[-73.98745,40.73294],[-73.98761,40.73271],[-73.98765,40.73267],[-73.98768,40.73262]]}},{"type":"Feature","properties":{"n":7,"s":14.8},"geometry":{"type":"LineString","coordinates":[[-73.98768,40.73262],[-73.98773,40.73255],[-73.98776,40.73251],[-73.98808,40.73207],[-73.98811,40.73202],[-73.98816,40.73197]]}},{"type":"Feature","properties":{"n":5,"s":18.1},"geometry":{"type":"LineString","coordinates":[[-73.97474,40.74518],[-73.97469,40.74525],[-73.97436,40.74573],[-73.97432,40.74578]]}},{"type":"Feature","properties":{"n":5,"s":18.1},"geometry":{"type":"LineString","coordinates":[[-73.97432,40.74578],[-73.9743,40.7458],[-73.97428,40.74582],[-73.97426,40.74583],[-73.97424,40.74584],[-73.97421,40.74584],[-73.97416,40.74584],[-73.97411,40.74584],[-73.97406,40.74583],[-73.97401,40.74582],[-73.97395,40.7458],[-73.97389,40.74578],[-73.97376,40.74574],[-73.97344,40.74566]]}},{"type":"Feature","properties":{"n":4,"s":25.9},"geometry":{"type":"LineString","coordinates":[[-73.88764,40.76676],[-73.8874,40.76681],[-73.88714,40.76688],[-73.88686,40.76695],[-73.88659,40.76703],[-73.88632,40.7671],[-73.88605,40.76718],[-73.88577,40.76726],[-73.88551,40.76734],[-73.88524,40.76743],[-73.88498,40.76752],[-73.88472,40.76761],[-73.88445,40.76771],[-73.88419,40.76781],[-73.88394,40.7679],[-73.88368,40.76801],[-73.88343,40.76811],[-73.88317,40.76823],[-73.88292,40.76834],[-73.88268,40.76845]]}},{"type":"Feature","properties":{"n":3,"s":26.0},"geometry":{"type":"LineString","coordinates":[[-74.00522,40.72066],[-74.00525,40.72103]]}},{"type":"Feature","properties":{"n":3,"s":26.0},"geometry":{"type":"LineString","coordinates":[[-74.00525,40.72103],[-74.00526,40.72114],[-74.00528,40.72149],[-74.00528,40.72155],[-74.00529,40.7216],[-74.00531,40.72171]]}},{"type":"Feature","properties":{"n":3,"s":26.0},"geometry":{"type":"LineString","coordinates":[[-74.00531,40.72171],[-74.00535,40.72188]]}},{"type":"Feature","properties":{"n":3,"s":24.5},"geometry":{"type":"LineString","coordinates":[[-74.00535,40.72188],[-74.00537,40.72192],[-74.00538,40.72199],[-74.00539,40.72206],[-74.00539,40.72208],[-74.00538,40.72212],[-74.00536,40.72223]]}},{"type":"Feature","properties":{"n":3,"s":24.5},"geometry":{"type":"LineString","coordinates":[[-74.00536,40.72223],[-74.00526,40.72252],[-74.0051,40.72292],[-74.00506,40.723]]}},{"type":"Feature","properties":{"n":4,"s":30.5},"geometry":{"type":"LineString","coordinates":[[-73.9641,40.76096],[-73.9641,40.76084],[-73.9641,40.76083],[-73.96409,40.7608],[-73.96409,40.76079],[-73.96408,40.76078],[-73.96407,40.76076],[-73.96405,40.76075],[-73.96403,40.76073],[-73.96394,40.7607]]}},{"type":"Feature","properties":{"n":5,"s":12.6},"geometry":{"type":"LineString","coordinates":[[-73.99125,40.71956],[-73.99132,40.71958],[-73.99198,40.71979],[-73.99203,40.7198],[-73.9921,40.71982]]}},{"type":"Feature","properties":{"n":6,"s":13.4},"geometry":{"type":"LineString","coordinates":[[-73.9921,40.71982],[-73.99221,40.71985],[-73.99266,40.71999],[-73.99273,40.72001],[-73.99288,40.72005]]}},{"type":"Feature","properties":{"n":6,"s":14.5},"geometry":{"type":"LineString","coordinates":[[-73.99288,40.72005],[-73.993,40.72009],[-73.99303,40.7201],[-73.99362,40.72028],[-73.99375,40.72032],[-73.9938,40.72032],[-73.99388,40.72031],[-73.99399,40.7203]]}},{"type":"Feature","properties":{"n":4,"s":11.2},"geometry":{"type":"LineString","coordinates":[[-74.00188,40.75083],[-74.00175,40.75077],[-74.00072,40.75034],[-73.99924,40.74972],[-73.99918,40.7497],[-73.99906,40.74966]]}},{"type":"Feature","properties":{"n":3,"s":10.1},"geometry":{"type":"LineString","coordinates":[[-73.99996,40.74843],[-73.99979,40.74837],[-73.99922,40.74813],[-73.99906,40.74806],[-73.99863,40.74788],[-73.99817,40.74769],[-73.99812,40.74766],[-73.99801,40.74762],[-73.99796,40.7476],[-73.99736,40.74734],[-73.99727,40.7473],[-73.99722,40.74728],[-73.99709,40.74722]]}},{"type":"Feature","properties":{"n":4,"s":11.4},"geometry":{"type":"LineString","coordinates":[[-73.99709,40.74722],[-73.99695,40.74715],[-73.99532,40.74647],[-73.99469,40.7462],[-73.99437,40.74607],[-73.99425,40.74602]]}},{"type":"Feature","properties":{"n":4,"s":23.4},"geometry":{"type":"LineString","coordinates":[[-74.01352,40.71528],[-74.01355,40.71517],[-74.01358,40.71504],[-74.01372,40.71448],[-74.01375,40.71438],[-74.01378,40.71427],[-74.01382,40.71414],[-74.01389,40.71395],[-74.01391,40.71389],[-74.01394,40.71379]]}},{"type":"Feature","properties":{"n":4,"s":23.4},"geometry":{"type":"LineString","coordinates":[[-74.01394,40.71379],[-74.01398,40.71369],[-74.01407,40.71338],[-74.01414,40.71316],[-74.01416,40.71309],[-74.01422,40.71288],[-74.01427,40.71274],[-74.0143,40.7126],[-74.01432,40.71253],[-74.01442,40.71217],[-74.01445,40.71203],[-74.01449,40.71186],[-74.01454,40.71167],[-74.01457,40.71152],[-74.01462,40.71128],[-74.01466,40.71112]]}},{"type":"Feature","properties":{"n":4,"s":23.4},"geometry":{"type":"LineString","coordinates":[[-74.01466,40.71112],[-74.01471,40.71094],[-74.01475,40.7108],[-74.01489,40.71032],[-74.01493,40.71012],[-74.015,40.70994],[-74.01504,40.70983]]}},{"type":"Feature","properties":{"n":4,"s":10.4},"geometry":{"type":"LineString","coordinates":[[-73.98793,40.75979],[-73.9878,40.75973],[-73.98742,40.75957],[-73.98725,40.7595],[-73.98652,40.7592],[-73.98577,40.75889],[-73.98549,40.75877],[-73.98543,40.75874],[-73.98518,40.75864],[-73.98508,40.7586]]}},{"type":"Feature","properties":{"n":3,"s":13.9},"geometry":{"type":"LineString","coordinates":[[-73.97902,40.75604],[-73.9789,40.75599],[-73.97845,40.7558],[-73.9784,40.75578],[-73.97836,40.75576],[-73.97752,40.75541],[-73.97741,40.75536]]}},{"type":"Feature","properties":{"n":4,"s":17.4},"geometry":{"type":"LineString","coordinates":[[-73.96081,40.70941],[-73.96081,40.70934],[-73.96081,40.7093]]}},{"type":"Feature","properties":{"n":4,"s":17.4},"geometry":{"type":"LineString","coordinates":[[-73.96081,40.7093],[-73.96082,40.70924],[-73.96084,40.70917]]}},{"type":"Feature","properties":{"n":4,"s":17.4},"geometry":{"type":"LineString","coordinates":[[-73.96084,40.70917],[-73.96085,40.70911],[-73.96098,40.70843],[-73.96099,40.70835]]}},{"type":"Feature","properties":{"n":4,"s":17.4},"geometry":{"type":"LineString","coordinates":[[-73.96099,40.70835],[-73.961,40.7083],[-73.96113,40.70762],[-73.96114,40.70752]]}},{"type":"Feature","properties":{"n":4,"s":17.4},"geometry":{"type":"LineString","coordinates":[[-73.96114,40.70752],[-73.96115,40.70745],[-73.96116,40.70739],[-73.96119,40.70729],[-73.96124,40.70717],[-73.96131,40.70706],[-73.96137,40.70701]]}},{"type":"Feature","properties":{"n":4,"s":17.4},"geometry":{"type":"LineString","coordinates":[[-73.96137,40.70701],[-73.96128,40.70692],[-73.96113,40.70678],[-73.96084,40.70652],[-73.96077,40.70646]]}},{"type":"Feature","properties":{"n":4,"s":17.4},"geometry":{"type":"LineString","coordinates":[[-73.96077,40.70646],[-73.96071,40.70641],[-73.9602,40.70596],[-73.96014,40.7059]]}},{"type":"Feature","properties":{"n":4,"s":17.4},"geometry":{"type":"LineString","coordinates":[[-73.96014,40.7059],[-73.96008,40.70585],[-73.9598,40.70559],[-73.95957,40.70539],[-73.95951,40.70533]]}},{"type":"Feature","properties":{"n":4,"s":17.4},"geometry":{"type":"LineString","coordinates":[[-73.95951,40.70533],[-73.95941,40.70524],[-73.95934,40.70518]]}},{"type":"Feature","properties":{"n":4,"s":20.3},"geometry":{"type":"LineString","coordinates":[[-73.96284,40.69804],[-73.96287,40.69794],[-73.96288,40.69791]]}},{"type":"Feature","properties":{"n":4,"s":20.3},"geometry":{"type":"LineString","coordinates":[[-73.96288,40.69791],[-73.96293,40.69778],[-73.96298,40.69765],[-73.96302,40.69751],[-73.96306,40.69738],[-73.9631,40.69728],[-73.96311,40.69726],[-73.96315,40.69718],[-73.96327,40.697],[-73.96347,40.69678],[-73.96367,40.6966]]}},{"type":"Feature","properties":{"n":4,"s":20.3},"geometry":{"type":"LineString","coordinates":[[-73.96367,40.6966],[-73.9639,40.69643],[-73.9641,40.69631],[-73.96432,40.69621],[-73.96455,40.69613]]}},{"type":"Feature","properties":{"n":4,"s":20.3},"geometry":{"type":"LineString","coordinates":[[-73.96455,40.69613],[-73.96486,40.69604]]}},{"type":"Feature","properties":{"n":4,"s":20.3},"geometry":{"type":"LineString","coordinates":[[-73.96486,40.69604],[-73.9651,40.69599],[-73.96538,40.69594],[-73.96546,40.69593]]}},{"type":"Feature","properties":{"n":4,"s":20.3},"geometry":{"type":"LineString","coordinates":[[-73.96546,40.69593],[-73.96556,40.69593],[-73.96633,40.69595],[-73.96642,40.69595]]}},{"type":"Feature","properties":{"n":3,"s":21.7},"geometry":{"type":"LineString","coordinates":[[-74.01086,40.70882],[-74.01089,40.70878],[-74.01101,40.70864],[-74.01105,40.70859]]}},{"type":"Feature","properties":{"n":3,"s":21.7},"geometry":{"type":"LineString","coordinates":[[-74.01105,40.70859],[-74.01124,40.70836],[-74.01127,40.70832]]}},{"type":"Feature","properties":{"n":5,"s":15.8},"geometry":{"type":"LineString","coordinates":[[-73.982,40.7689],[-73.98206,40.76891],[-73.98213,40.76893],[-73.9822,40.76895]]}},{"type":"Feature","properties":{"n":5,"s":15.8},"geometry":{"type":"LineString","coordinates":[[-73.9822,40.76895],[-73.98233,40.769],[-73.98307,40.76931],[-73.98313,40.76934],[-73.98331,40.76941],[-73.98361,40.76954],[-73.98388,40.76966],[-73.9842,40.76979],[-73.98432,40.76985]]}},{"type":"Feature","properties":{"n":3,"s":13.3},"geometry":{"type":"LineString","coordinates":[[-73.98432,40.76985],[-73.98444,40.76993],[-73.98663,40.77086],[-73.9867,40.77088],[-73.98701,40.77101],[-73.98712,40.77105]]}},{"type":"Feature","properties":{"n":4,"s":19.4},"geometry":{"type":"LineString","coordinates":[[-73.99644,40.76337],[-73.99647,40.76332],[-73.99684,40.7628],[-73.99689,40.76274]]}},{"type":"Feature","properties":{"n":5,"s":19.5},"geometry":{"type":"LineString","coordinates":[[-73.99689,40.76274],[-73.99693,40.76269],[-73.9973,40.76218],[-73.99734,40.76211]]}},{"type":"Feature","properties":{"n":4,"s":21.8},"geometry":{"type":"LineString","coordinates":[[-73.99734,40.76211],[-73.99739,40.76205],[-73.99742,40.76201],[-73.99757,40.76181],[-73.99776,40.76156],[-73.9978,40.7615]]}},{"type":"Feature","properties":{"n":5,"s":20.8},"geometry":{"type":"LineString","coordinates":[[-73.9978,40.7615],[-73.99785,40.76144]]}},{"type":"Feature","properties":{"n":3,"s":24.5},"geometry":{"type":"LineString","coordinates":[[-73.99785,40.76144],[-73.99804,40.76125],[-73.99816,40.7611],[-73.99824,40.76099],[-73.99828,40.76096],[-73.99835,40.76086]]}},{"type":"Feature","properties":{"n":3,"s":24.5},"geometry":{"type":"LineString","coordinates":[[-73.99835,40.76086],[-73.99843,40.76074],[-73.99859,40.76053],[-73.99879,40.76024],[-73.99884,40.76017]]}},{"type":"Feature","properties":{"n":4,"s":20.0},"geometry":{"type":"LineString","coordinates":[[-73.99884,40.76017],[-73.99888,40.76011],[-73.99925,40.75962],[-73.99929,40.75957]]}},{"type":"Feature","properties":{"n":4,"s":20.0},"geometry":{"type":"LineString","coordinates":[[-73.99929,40.75957],[-73.99937,40.75947],[-73.99964,40.75908],[-73.99966,40.75899],[-73.99968,40.75891]]}},{"type":"Feature","properties":{"n":3,"s":24.5},"geometry":{"type":"LineString","coordinates":[[-73.99968,40.75891],[-73.99973,40.75885],[-74.00007,40.75838],[-74.00008,40.75836],[-74.00013,40.7583]]}},{"type":"Feature","properties":{"n":3,"s":24.5},"geometry":{"type":"LineString","coordinates":[[-74.00013,40.7583],[-74.00017,40.75824],[-74.00054,40.75774],[-74.00058,40.75767]]}},{"type":"Feature","properties":{"n":3,"s":24.5},"geometry":{"type":"LineString","coordinates":[[-74.00058,40.75767],[-74.00063,40.75762],[-74.00075,40.75745],[-74.00098,40.75712],[-74.00103,40.75705]]}},{"type":"Feature","properties":{"n":3,"s":24.5},"geometry":{"type":"LineString","coordinates":[[-74.00103,40.75705],[-74.00107,40.757],[-74.00143,40.75651],[-74.00147,40.75646]]}},{"type":"Feature","properties":{"n":3,"s":24.5},"geometry":{"type":"LineString","coordinates":[[-74.00147,40.75646],[-74.00153,40.75637],[-74.00179,40.75602],[-74.0019,40.75588],[-74.00198,40.75578]]}},{"type":"Feature","properties":{"n":3,"s":24.5},"geometry":{"type":"LineString","coordinates":[[-74.00198,40.75578],[-74.00204,40.7557],[-74.00244,40.75519],[-74.00248,40.75512]]}},{"type":"Feature","properties":{"n":3,"s":24.5},"geometry":{"type":"LineString","coordinates":[[-74.00248,40.75512],[-74.00252,40.75507],[-74.00292,40.75452]]}},{"type":"Feature","properties":{"n":3,"s":24.5},"geometry":{"type":"LineString","coordinates":[[-74.00292,40.75452],[-74.00335,40.75393]]}},{"type":"Feature","properties":{"n":3,"s":24.5},"geometry":{"type":"LineString","coordinates":[[-74.00335,40.75393],[-74.00356,40.75363],[-74.00379,40.75332],[-74.00382,40.75328]]}},{"type":"Feature","properties":{"n":3,"s":24.5},"geometry":{"type":"LineString","coordinates":[[-74.00382,40.75328],[-74.00387,40.75321],[-74.00419,40.75278],[-74.0042,40.75275],[-74.00423,40.75271],[-74.00427,40.75266]]}},{"type":"Feature","properties":{"n":4,"s":22.4},"geometry":{"type":"LineString","coordinates":[[-74.00427,40.75266],[-74.00432,40.75259],[-74.00468,40.75209],[-74.00472,40.75203]]}},{"type":"Feature","properties":{"n":3,"s":19.0},"geometry":{"type":"LineString","coordinates":[[-74.00569,40.71213],[-74.00576,40.71211],[-74.00603,40.71205],[-74.00611,40.71203]]}},{"type":"Feature","properties":{"n":3,"s":19.0},"geometry":{"type":"LineString","coordinates":[[-74.00611,40.71203],[-74.00614,40.71202],[-74.00619,40.71201],[-74.00696,40.71182],[-74.00707,40.71179]]}},{"type":"Feature","properties":{"n":3,"s":11.8},"geometry":{"type":"LineString","coordinates":[[-73.9936,40.68713],[-73.99376,40.6868],[-73.99378,40.68675]]}},{"type":"Feature","properties":{"n":3,"s":11.8},"geometry":{"type":"LineString","coordinates":[[-73.99378,40.68675],[-73.9938,40.68671],[-73.99392,40.68646]]}},{"type":"Feature","properties":{"n":3,"s":11.8},"geometry":{"type":"LineString","coordinates":[[-73.99392,40.68646],[-73.99407,40.68616],[-73.99409,40.68611]]}},{"type":"Feature","properties":{"n":4,"s":13.4},"geometry":{"type":"LineString","coordinates":[[-73.99409,40.68611],[-73.99411,40.68607],[-73.99425,40.68578]]}},{"type":"Feature","properties":{"n":3,"s":38.7},"geometry":{"type":"LineString","coordinates":[[-73.95292,40.80777],[-73.95262,40.80818],[-73.95258,40.80824]]}},{"type":"Feature","properties":{"n":3,"s":38.7},"geometry":{"type":"LineString","coordinates":[[-73.95258,40.80824],[-73.95253,40.8083],[-73.95241,40.80848],[-73.95216,40.80882],[-73.95213,40.80887]]}},{"type":"Feature","properties":{"n":3,"s":38.7},"geometry":{"type":"LineString","coordinates":[[-73.95213,40.80887],[-73.95209,40.80893],[-73.95195,40.80911],[-73.95171,40.80945],[-73.95167,40.8095]]}},{"type":"Feature","properties":{"n":3,"s":38.7},"geometry":{"type":"LineString","coordinates":[[-73.95167,40.8095],[-73.95163,40.80956],[-73.95125,40.81008],[-73.95118,40.81018]]}},{"type":"Feature","properties":{"n":3,"s":38.7},"geometry":{"type":"LineString","coordinates":[[-73.95118,40.81018],[-73.9511,40.81028],[-73.95072,40.81079],[-73.95068,40.81084]]}},{"type":"Feature","properties":{"n":3,"s":38.7},"geometry":{"type":"LineString","coordinates":[[-73.95068,40.81084],[-73.95064,40.8109],[-73.95026,40.81142],[-73.95022,40.81148]]}},{"type":"Feature","properties":{"n":3,"s":38.7},"geometry":{"type":"LineString","coordinates":[[-73.95022,40.81148],[-73.95018,40.81153],[-73.94976,40.8121]]}},{"type":"Feature","properties":{"n":3,"s":38.7},"geometry":{"type":"LineString","coordinates":[[-73.94976,40.8121],[-73.94934,40.81267],[-73.9493,40.81273]]}},{"type":"Feature","properties":{"n":3,"s":38.7},"geometry":{"type":"LineString","coordinates":[[-73.9493,40.81273],[-73.94926,40.81278],[-73.94888,40.81331],[-73.94881,40.8134],[-73.94847,40.81386],[-73.94842,40.81394]]}},{"type":"Feature","properties":{"n":3,"s":38.7},"geometry":{"type":"LineString","coordinates":[[-73.94842,40.81394],[-73.94836,40.81402],[-73.94799,40.81452],[-73.94795,40.81458]]}},{"type":"Feature","properties":{"n":3,"s":38.7},"geometry":{"type":"LineString","coordinates":[[-73.94795,40.81458],[-73.9479,40.81464],[-73.94752,40.81516],[-73.94749,40.81521]]}},{"type":"Feature","properties":{"n":3,"s":38.7},"geometry":{"type":"LineString","coordinates":[[-73.94749,40.81521],[-73.94745,40.81527],[-73.94707,40.81578],[-73.94703,40.81583]]}},{"type":"Feature","properties":{"n":3,"s":38.7},"geometry":{"type":"LineString","coordinates":[[-73.94703,40.81583],[-73.94699,40.81589],[-73.94674,40.81623],[-73.9466,40.81643],[-73.94654,40.81651]]}},{"type":"Feature","properties":{"n":3,"s":38.7},"geometry":{"type":"LineString","coordinates":[[-73.94654,40.81651],[-73.94648,40.81659],[-73.94635,40.81677],[-73.94609,40.81713],[-73.94606,40.81717]]}},{"type":"Feature","properties":{"n":3,"s":38.7},"geometry":{"type":"LineString","coordinates":[[-73.94606,40.81717],[-73.94601,40.81724],[-73.94564,40.81775],[-73.9456,40.8178]]}},{"type":"Feature","properties":{"n":3,"s":38.7},"geometry":{"type":"LineString","coordinates":[[-73.9456,40.8178],[-73.94555,40.81786],[-73.94531,40.81819],[-73.94518,40.81838],[-73.94514,40.81842]]}},{"type":"Feature","properties":{"n":3,"s":38.7},"geometry":{"type":"LineString","coordinates":[[-73.94514,40.81842],[-73.9451,40.81848],[-73.94498,40.81864],[-73.94491,40.81874],[-73.94472,40.819],[-73.94469,40.81905]]}},{"type":"Feature","properties":{"n":3,"s":38.7},"geometry":{"type":"LineString","coordinates":[[-73.94469,40.81905],[-73.94464,40.81911],[-73.94446,40.81936],[-73.94427,40.81962],[-73.94423,40.81967]]}},{"type":"Feature","properties":{"n":3,"s":38.7},"geometry":{"type":"LineString","coordinates":[[-73.94423,40.81967],[-73.94419,40.81973],[-73.94398,40.82002],[-73.94382,40.82023],[-73.94378,40.82029]]}},{"type":"Feature","properties":{"n":3,"s":43.5},"geometry":{"type":"LineString","coordinates":[[-73.93519,40.83222],[-73.93524,40.83289],[-73.93525,40.8331],[-73.93526,40.83332],[-73.93526,40.83354],[-73.93526,40.83376],[-73.93525,40.83398],[-73.93523,40.8342],[-73.93521,40.83442],[-73.93519,40.83464],[-73.93515,40.83485],[-73.93511,40.83507],[-73.93506,40.83529],[-73.93503,40.8354],[-73.93499,40.83551],[-73.93495,40.83562],[-73.93491,40.83572],[-73.93487,40.83583],[-73.93482,40.83594],[-73.93477,40.83604],[-73.93473,40.83614],[-73.93467,40.83624],[-73.93461,40.83634],[-73.9345,40.83654],[-73.93439,40.83675],[-73.93362,40.83806],[-73.93362,40.83807],[-73.93347,40.83832]]}},{"type":"Feature","properties":{"n":3,"s":43.5},"geometry":{"type":"LineString","coordinates":[[-73.93347,40.83832],[-73.93324,40.83868]]}},{"type":"Feature","properties":{"n":3,"s":21.2},"geometry":{"type":"LineString","coordinates":[[-73.97717,40.7877],[-73.97721,40.78765],[-73.97764,40.78716],[-73.97769,40.78709]]}},{"type":"Feature","properties":{"n":3,"s":21.2},"geometry":{"type":"LineString","coordinates":[[-73.97769,40.78709],[-73.97773,40.78704],[-73.97813,40.78652],[-73.97817,40.78647]]}},{"type":"Feature","properties":{"n":3,"s":23.4},"geometry":{"type":"LineString","coordinates":[[-73.98229,40.77266],[-73.98248,40.77238],[-73.98255,40.77228],[-73.9829,40.7718],[-73.98295,40.77173]]}},{"type":"Feature","properties":{"n":3,"s":23.4},"geometry":{"type":"LineString","coordinates":[[-73.98295,40.77173],[-73.98299,40.77168],[-73.98325,40.77132],[-73.98335,40.77118],[-73.98341,40.7711]]}},{"type":"Feature","properties":{"n":3,"s":22.7},"geometry":{"type":"LineString","coordinates":[[-73.98432,40.76985],[-73.98438,40.76976],[-73.98473,40.76929],[-73.98477,40.76923]]}},{"type":"Feature","properties":{"n":3,"s":22.7},"geometry":{"type":"LineString","coordinates":[[-73.98477,40.76923],[-73.98482,40.76916],[-73.98495,40.76897],[-73.98498,40.76893],[-73.98516,40.76868],[-73.98522,40.7686]]}},{"type":"Feature","properties":{"n":3,"s":18.1},"geometry":{"type":"LineString","coordinates":[[-73.98572,40.76792],[-73.98579,40.76782],[-73.98607,40.76743],[-73.98616,40.76731],[-73.98621,40.76725]]}},{"type":"Feature","properties":{"n":4,"s":17.7},"geometry":{"type":"LineString","coordinates":[[-73.98621,40.76725],[-73.98625,40.76719],[-73.98649,40.76687],[-73.98663,40.76668],[-73.98667,40.76664]]}},{"type":"Feature","properties":{"n":3,"s":20.9},"geometry":{"type":"LineString","coordinates":[[-73.98667,40.76664],[-73.9867,40.76659],[-73.98671,40.76657],[-73.98698,40.7662],[-73.98708,40.76605],[-73.98713,40.76599]]}},{"type":"Feature","properties":{"n":3,"s":20.9},"geometry":{"type":"LineString","coordinates":[[-73.98713,40.76599],[-73.98717,40.76594],[-73.98742,40.76558],[-73.98753,40.76543],[-73.98758,40.76537]]}},{"type":"Feature","properties":{"n":5,"s":18.2},"geometry":{"type":"LineString","coordinates":[[-73.98758,40.76537],[-73.98762,40.76531],[-73.9879,40.76493],[-73.98799,40.7648],[-73.98802,40.76475]]}},{"type":"Feature","properties":{"n":3,"s":20.9},"geometry":{"type":"LineString","coordinates":[[-73.98802,40.76475],[-73.98807,40.76468],[-73.98844,40.76417],[-73.98849,40.76411]]}},{"type":"Feature","properties":{"n":3,"s":17.6},"geometry":{"type":"LineString","coordinates":[[-73.98894,40.76349],[-73.98899,40.76343],[-73.98921,40.76312],[-73.98936,40.76292],[-73.9894,40.76286]]}},{"type":"Feature","properties":{"n":5,"s":15.6},"geometry":{"type":"LineString","coordinates":[[-73.9894,40.76286],[-73.98944,40.76281],[-73.98966,40.7625],[-73.98981,40.76229],[-73.98986,40.76223]]}},{"type":"Feature","properties":{"n":3,"s":14.7},"geometry":{"type":"LineString","coordinates":[[-73.98986,40.76223],[-73.9899,40.76218],[-73.99027,40.76167],[-73.99032,40.76161]]}},{"type":"Feature","properties":{"n":3,"s":11.6},"geometry":{"type":"LineString","coordinates":[[-73.9899,40.72957],[-73.98977,40.72949],[-73.98779,40.72866],[-73.98767,40.7286]]}},{"type":"Feature","properties":{"n":5,"s":10.5},"geometry":{"type":"LineString","coordinates":[[-73.98767,40.7286],[-73.98755,40.72856],[-73.98544,40.72766],[-73.98531,40.7276]]}},{"type":"Feature","properties":{"n":3,"s":10.6},"geometry":{"type":"LineString","coordinates":[[-73.98531,40.7276],[-73.98518,40.72754],[-73.9832,40.72671],[-73.98309,40.72667]]}},{"type":"Feature","properties":{"n":3,"s":14.2},"geometry":{"type":"LineString","coordinates":[[-73.99648,40.71549],[-73.99619,40.71598],[-73.99616,40.71603],[-73.99613,40.71615]]}},{"type":"Feature","properties":{"n":3,"s":14.2},"geometry":{"type":"LineString","coordinates":[[-73.99613,40.71615],[-73.99606,40.71627]]}},{"type":"Feature","properties":{"n":3,"s":18.6},"geometry":{"type":"LineString","coordinates":[[-73.98802,40.76475],[-73.9879,40.7647],[-73.98716,40.76439],[-73.98706,40.76435],[-73.98532,40.76361],[-73.98529,40.7636],[-73.98519,40.76356]]}},{"type":"Feature","properties":{"n":3,"s":17.3},"geometry":{"type":"LineString","coordinates":[[-73.96944,40.76359],[-73.96954,40.76363],[-73.96965,40.76367],[-73.97084,40.76419],[-73.97095,40.76424]]}},{"type":"Feature","properties":{"n":4,"s":17.9},"geometry":{"type":"LineString","coordinates":[[-73.99113,40.71468],[-73.99117,40.7146],[-73.99123,40.71449],[-73.99127,40.71449],[-73.99202,40.71443],[-73.99214,40.71442]]}},{"type":"Feature","properties":{"n":4,"s":17.9},"geometry":{"type":"LineString","coordinates":[[-73.99214,40.71442],[-73.99215,40.71442],[-73.99239,40.7144],[-73.99245,40.7144],[-73.99256,40.71439]]}},{"type":"Feature","properties":{"n":4,"s":17.9},"geometry":{"type":"LineString","coordinates":[[-73.99256,40.71439],[-73.99269,40.71438],[-73.99281,40.71437]]}},{"type":"Feature","properties":{"n":3,"s":20.4},"geometry":{"type":"LineString","coordinates":[[-73.99281,40.71437],[-73.99303,40.71435]]}},{"type":"Feature","properties":{"n":3,"s":20.4},"geometry":{"type":"LineString","coordinates":[[-73.99303,40.71435],[-73.9931,40.71435],[-73.99342,40.71433],[-73.99387,40.71429],[-73.99394,40.71429]]}},{"type":"Feature","properties":{"n":3,"s":20.4},"geometry":{"type":"LineString","coordinates":[[-73.99394,40.71429],[-73.99414,40.71427]]}},{"type":"Feature","properties":{"n":3,"s":20.4},"geometry":{"type":"LineString","coordinates":[[-73.99414,40.71427],[-73.99426,40.71426],[-73.99475,40.71423],[-73.99484,40.71423]]}},{"type":"Feature","properties":{"n":3,"s":20.4},"geometry":{"type":"LineString","coordinates":[[-73.99484,40.71423],[-73.9949,40.71423],[-73.99497,40.71423],[-73.99501,40.71423],[-73.99507,40.71423],[-73.99608,40.71415],[-73.99628,40.71413],[-73.9966,40.71411],[-73.99695,40.71408],[-73.99706,40.71407],[-73.99715,40.71407],[-73.99724,40.71408],[-73.99728,40.71408],[-73.99732,40.71408],[-73.99734,40.71408],[-73.99736,40.71408],[-73.99739,40.71409],[-73.99743,40.7141]]}},{"type":"Feature","properties":{"n":4,"s":17.0},"geometry":{"type":"LineString","coordinates":[[-73.9857,40.74401],[-73.9856,40.74397],[-73.98428,40.74342],[-73.98421,40.74339],[-73.98414,40.74336]]}},{"type":"Feature","properties":{"n":6,"s":19.0},"geometry":{"type":"LineString","coordinates":[[-73.98414,40.74336],[-73.98402,40.74331]]}},{"type":"Feature","properties":{"n":3,"s":19.4},"geometry":{"type":"LineString","coordinates":[[-73.92022,40.75334],[-73.92016,40.75348],[-73.91978,40.75395],[-73.91972,40.75402]]}},{"type":"Feature","properties":{"n":3,"s":23.3},"geometry":{"type":"LineString","coordinates":[[-73.99662,40.66536],[-73.99669,40.66524],[-73.99673,40.66517]]}},{"type":"Feature","properties":{"n":3,"s":23.3},"geometry":{"type":"LineString","coordinates":[[-73.99673,40.66517],[-73.99678,40.66511],[-73.997,40.66486],[-73.99726,40.66459]]}},{"type":"Feature","properties":{"n":3,"s":23.3},"geometry":{"type":"LineString","coordinates":[[-73.99726,40.66459],[-73.99732,40.66453],[-73.99766,40.66421],[-73.99774,40.66413],[-73.99784,40.66403]]}},{"type":"Feature","properties":{"n":3,"s":23.3},"geometry":{"type":"LineString","coordinates":[[-73.99784,40.66403],[-73.99791,40.66397],[-73.99837,40.66352],[-73.99843,40.66346]]}},{"type":"Feature","properties":{"n":3,"s":23.3},"geometry":{"type":"LineString","coordinates":[[-73.99843,40.66346],[-73.99849,40.66341],[-73.99896,40.66295],[-73.99901,40.66291]]}},{"type":"Feature","properties":{"n":3,"s":23.3},"geometry":{"type":"LineString","coordinates":[[-73.99901,40.66291],[-73.99906,40.66285],[-73.99955,40.66239],[-73.9996,40.66234]]}},{"type":"Feature","properties":{"n":3,"s":23.3},"geometry":{"type":"LineString","coordinates":[[-73.9996,40.66234],[-73.99965,40.66229],[-74.00008,40.66187],[-74.00012,40.66184],[-74.00018,40.66178]]}},{"type":"Feature","properties":{"n":3,"s":23.3},"geometry":{"type":"LineString","coordinates":[[-74.00018,40.66178],[-74.00022,40.66173],[-74.00069,40.66127],[-74.00075,40.66122]]}},{"type":"Feature","properties":{"n":3,"s":23.3},"geometry":{"type":"LineString","coordinates":[[-74.00075,40.66122],[-74.00081,40.66116],[-74.00127,40.66071],[-74.00133,40.66065]]}},{"type":"Feature","properties":{"n":3,"s":15.5},"geometry":{"type":"LineString","coordinates":[[-73.99132,40.71942],[-73.99125,40.71956]]}},{"type":"Feature","properties":{"n":5,"s":19.0},"geometry":{"type":"LineString","coordinates":[[-73.9788,40.7477],[-73.97884,40.74764],[-73.97918,40.74718],[-73.97921,40.74714],[-73.97925,40.74708]]}},{"type":"Feature","properties":{"n":4,"s":18.5},"geometry":{"type":"LineString","coordinates":[[-74.00444,40.72273],[-74.00438,40.7227],[-74.00386,40.72243],[-74.00377,40.72238]]}},{"type":"Feature","properties":{"n":4,"s":18.5},"geometry":{"type":"LineString","coordinates":[[-74.00377,40.72238],[-74.00369,40.72235],[-74.00321,40.72211],[-74.00304,40.72203],[-74.00297,40.72199]]}},{"type":"Feature","properties":{"n":3,"s":13.7},"geometry":{"type":"LineString","coordinates":[[-73.98528,40.72365],[-73.98539,40.72369],[-73.98678,40.72428],[-73.98732,40.72451],[-73.98737,40.72453],[-73.9875,40.72458]]}},{"type":"Feature","properties":{"n":5,"s":14.0},"geometry":{"type":"LineString","coordinates":[[-73.9875,40.72458],[-73.9876,40.72463],[-73.98764,40.72464],[-73.98975,40.72553],[-73.98979,40.72555],[-73.98987,40.72558]]}},{"type":"Feature","properties":{"n":3,"s":14.3},"geometry":{"type":"LineString","coordinates":[[-73.99077,40.76099],[-73.99064,40.76094],[-73.98936,40.7604],[-73.98905,40.76026],[-73.98902,40.76025],[-73.98888,40.76019],[-73.98861,40.76008],[-73.98838,40.75998],[-73.98807,40.75985],[-73.98804,40.75983],[-73.98793,40.75979]]}},{"type":"Feature","properties":{"n":3,"s":13.9},"geometry":{"type":"LineString","coordinates":[[-73.9873,40.74468],[-73.98718,40.74463],[-73.9858,40.74405],[-73.9857,40.74401]]}},{"type":"Feature","properties":{"n":5,"s":18.7},"geometry":{"type":"LineString","coordinates":[[-73.97444,40.73274],[-73.97443,40.73286],[-73.97443,40.73289],[-73.97443,40.73293],[-73.97476,40.73422],[-73.97493,40.7349],[-73.97494,40.73493],[-73.97494,40.73496],[-73.97494,40.73499],[-73.97493,40.73502],[-73.97484,40.73527],[-73.97479,40.73537]]}},{"type":"Feature","properties":{"n":3,"s":11.8},"geometry":{"type":"LineString","coordinates":[[-73.98281,40.76172],[-73.98294,40.76178],[-73.98319,40.76188],[-73.98351,40.76202],[-73.98368,40.76209]]}},{"type":"Feature","properties":{"n":3,"s":21.9},"geometry":{"type":"LineString","coordinates":[[-73.9714,40.67572],[-73.97137,40.67568],[-73.9711,40.67532],[-73.97105,40.67525]]}},{"type":"Feature","properties":{"n":3,"s":21.9},"geometry":{"type":"LineString","coordinates":[[-73.97105,40.67525],[-73.97098,40.67515],[-73.97097,40.67513],[-73.97083,40.67493]]}},{"type":"Feature","properties":{"n":3,"s":21.9},"geometry":{"type":"LineString","coordinates":[[-73.97083,40.67493],[-73.9708,40.67482],[-73.9707,40.67467],[-73.97066,40.67462],[-73.97064,40.67457],[-73.97063,40.67453],[-73.97064,40.67447],[-73.97064,40.67443],[-73.97065,40.67435]]}},{"type":"Feature","properties":{"n":3,"s":21.9},"geometry":{"type":"LineString","coordinates":[[-73.97065,40.67435],[-73.97068,40.67428],[-73.97069,40.67423],[-73.97071,40.67416],[-73.97071,40.67414],[-73.97071,40.6741],[-73.97072,40.67401],[-73.97071,40.67393],[-73.97069,40.67383],[-73.97066,40.6737],[-73.97046,40.67341]]}},{"type":"Feature","properties":{"n":3,"s":21.9},"geometry":{"type":"LineString","coordinates":[[-73.97046,40.67341],[-73.97041,40.67328]]}},{"type":"Feature","properties":{"n":3,"s":21.9},"geometry":{"type":"LineString","coordinates":[[-73.97041,40.67328],[-73.97034,40.67313],[-73.97026,40.67295],[-73.97021,40.67288],[-73.97017,40.67282],[-73.97012,40.67274],[-73.9701,40.67272],[-73.97004,40.67264]]}},{"type":"Feature","properties":{"n":4,"s":20.5},"geometry":{"type":"LineString","coordinates":[[-73.97004,40.67264],[-73.96976,40.67264],[-73.96965,40.67264]]}},{"type":"Feature","properties":{"n":4,"s":20.5},"geometry":{"type":"LineString","coordinates":[[-73.96965,40.67264],[-73.96946,40.6726],[-73.96935,40.67258],[-73.96927,40.67256],[-73.96923,40.67255],[-73.96918,40.67253],[-73.96908,40.67245],[-73.96902,40.67238],[-73.96883,40.67222]]}},{"type":"Feature","properties":{"n":4,"s":20.5},"geometry":{"type":"LineString","coordinates":[[-73.96883,40.67222],[-73.96879,40.67216],[-73.968,40.67109],[-73.96551,40.66763],[-73.96448,40.66614],[-73.96438,40.666],[-73.96433,40.66592],[-73.96428,40.66585],[-73.96424,40.66579],[-73.96364,40.66492],[-73.96288,40.6638],[-73.96267,40.66351],[-73.9625,40.66327],[-73.96238,40.6631]]}},{"type":"Feature","properties":{"n":4,"s":11.9},"geometry":{"type":"LineString","coordinates":[[-73.98344,40.72202],[-73.98349,40.72196],[-73.98374,40.72162],[-73.9838,40.72153]]}},{"type":"Feature","properties":{"n":4,"s":13.4},"geometry":{"type":"LineString","coordinates":[[-73.99,40.77224],[-73.98995,40.7723],[-73.98981,40.77249],[-73.98961,40.77277],[-73.98958,40.7728],[-73.98954,40.77286]]}},{"type":"Feature","properties":{"n":3,"s":16.2},"geometry":{"type":"LineString","coordinates":[[-73.98143,40.7636],[-73.98131,40.76355],[-73.98084,40.76334],[-73.9804,40.76316],[-73.98033,40.76313],[-73.98025,40.7631],[-73.97998,40.76298],[-73.97985,40.76293],[-73.97978,40.7629],[-73.9797,40.76286],[-73.97873,40.76245],[-73.97861,40.7624]]}},{"type":"Feature","properties":{"n":5,"s":13.8},"geometry":{"type":"LineString","coordinates":[[-74.00729,40.70871],[-74.00724,40.70868],[-74.00662,40.70829],[-74.00657,40.70826],[-74.00653,40.70823]]}},{"type":"Feature","properties":{"n":4,"s":13.2},"geometry":{"type":"LineString","coordinates":[[-74.00653,40.70823],[-74.00655,40.70821],[-74.00658,40.70819],[-74.00663,40.70813],[-74.00672,40.70801],[-74.00681,40.70789],[-74.00684,40.70786]]}},{"type":"Feature","properties":{"n":3,"s":11.6},"geometry":{"type":"LineString","coordinates":[[-74.00684,40.70786],[-74.00686,40.70783],[-74.00686,40.70782],[-74.00693,40.70772],[-74.00696,40.70768],[-74.00705,40.70757],[-74.0071,40.70751],[-74.00717,40.70746],[-74.0074,40.70728],[-74.00745,40.70724]]}},{"type":"Feature","properties":{"n":3,"s":11.6},"geometry":{"type":"LineString","coordinates":[[-74.00678,40.70674],[-74.00684,40.70668],[-74.00714,40.70639]]}},{"type":"Feature","properties":{"n":3,"s":11.6},"geometry":{"type":"LineString","coordinates":[[-74.00714,40.70639],[-74.0074,40.70612],[-74.00744,40.70608],[-74.00745,40.70606]]}},{"type":"Feature","properties":{"n":4,"s":19.4},"geometry":{"type":"LineString","coordinates":[[-73.98362,40.75552],[-73.98376,40.75557],[-73.9851,40.75614],[-73.98536,40.75625],[-73.98578,40.75643],[-73.98596,40.7565],[-73.986,40.75652],[-73.98603,40.75653],[-73.98616,40.75658],[-73.98629,40.75664],[-73.98636,40.75667],[-73.98646,40.75671]]}},{"type":"Feature","properties":{"n":3,"s":8.9},"geometry":{"type":"LineString","coordinates":[[-73.98734,40.75289],[-73.98718,40.75282],[-73.98608,40.75237],[-73.98595,40.75232]]}},{"type":"Feature","properties":{"n":3,"s":13.0},"geometry":{"type":"LineString","coordinates":[[-73.97236,40.7565],[-73.9724,40.75644],[-73.97278,40.75593],[-73.97282,40.75587]]}},{"type":"Feature","properties":{"n":3,"s":10.8},"geometry":{"type":"LineString","coordinates":[[-73.98296,40.72267],[-73.983,40.72262],[-73.9834,40.72208],[-73.98344,40.72202]]}},{"type":"Feature","properties":{"n":4,"s":17.6},"geometry":{"type":"LineString","coordinates":[[-73.93144,40.69484],[-73.93125,40.69473],[-73.93121,40.69471]]}},{"type":"Feature","properties":{"n":3,"s":17.3},"geometry":{"type":"LineString","coordinates":[[-73.93121,40.69471],[-73.93114,40.69467]]}},{"type":"Feature","properties":{"n":3,"s":17.3},"geometry":{"type":"LineString","coordinates":[[-73.93114,40.69467],[-73.93108,40.69464],[-73.93051,40.69432]]}},{"type":"Feature","properties":{"n":3,"s":17.3},"geometry":{"type":"LineString","coordinates":[[-73.93051,40.69432],[-73.92987,40.69396],[-73.9297,40.69386]]}},{"type":"Feature","properties":{"n":3,"s":17.3},"geometry":{"type":"LineString","coordinates":[[-73.9297,40.69386],[-73.92967,40.69385],[-73.92887,40.69337],[-73.92881,40.69334]]}},{"type":"Feature","properties":{"n":3,"s":17.3},"geometry":{"type":"LineString","coordinates":[[-73.92881,40.69334],[-73.92864,40.69324]]}},{"type":"Feature","properties":{"n":3,"s":17.3},"geometry":{"type":"LineString","coordinates":[[-73.92864,40.69324],[-73.92859,40.69321]]}},{"type":"Feature","properties":{"n":3,"s":17.3},"geometry":{"type":"LineString","coordinates":[[-73.92859,40.69321],[-73.92855,40.69319],[-73.92847,40.69315],[-73.92804,40.6929],[-73.9279,40.69283],[-73.92783,40.69279]]}},{"type":"Feature","properties":{"n":3,"s":17.3},"geometry":{"type":"LineString","coordinates":[[-73.92783,40.69279],[-73.92776,40.69275],[-73.92751,40.6926]]}},{"type":"Feature","properties":{"n":3,"s":17.3},"geometry":{"type":"LineString","coordinates":[[-73.92751,40.6926],[-73.92707,40.69235]]}},{"type":"Feature","properties":{"n":3,"s":17.3},"geometry":{"type":"LineString","coordinates":[[-73.92707,40.69235],[-73.92661,40.69209]]}},{"type":"Feature","properties":{"n":3,"s":17.3},"geometry":{"type":"LineString","coordinates":[[-73.92661,40.69209],[-73.92643,40.69199]]}},{"type":"Feature","properties":{"n":3,"s":17.3},"geometry":{"type":"LineString","coordinates":[[-73.92643,40.69199],[-73.92639,40.69197],[-73.92632,40.69193]]}},{"type":"Feature","properties":{"n":3,"s":17.3},"geometry":{"type":"LineString","coordinates":[[-73.92632,40.69193],[-73.92625,40.69189],[-73.92561,40.69153],[-73.92555,40.69149]]}},{"type":"Feature","properties":{"n":3,"s":17.3},"geometry":{"type":"LineString","coordinates":[[-73.92555,40.69149],[-73.9255,40.69146],[-73.92533,40.69136]]}},{"type":"Feature","properties":{"n":3,"s":17.3},"geometry":{"type":"LineString","coordinates":[[-73.92533,40.69136],[-73.92439,40.69083]]}},{"type":"Feature","properties":{"n":3,"s":17.3},"geometry":{"type":"LineString","coordinates":[[-73.92439,40.69083],[-73.92432,40.69079],[-73.92423,40.69073]]}},{"type":"Feature","properties":{"n":4,"s":20.8},"geometry":{"type":"LineString","coordinates":[[-73.98161,40.7786],[-73.98176,40.77866],[-73.98197,40.77875],[-73.98205,40.77879]]}},{"type":"Feature","properties":{"n":4,"s":18.4},"geometry":{"type":"LineString","coordinates":[[-73.97606,40.75144],[-73.97612,40.75135],[-73.97647,40.75088],[-73.9765,40.75084],[-73.97654,40.75078]]}},{"type":"Feature","properties":{"n":4,"s":15.8},"geometry":{"type":"LineString","coordinates":[[-73.95213,40.74088],[-73.95203,40.74086]]}},{"type":"Feature","properties":{"n":3,"s":14.7},"geometry":{"type":"LineString","coordinates":[[-73.95203,40.74086],[-73.95133,40.74073],[-73.95126,40.74071],[-73.95121,40.7407],[-73.95014,40.74049],[-73.95007,40.74048],[-73.95002,40.74047],[-73.94992,40.74045]]}},{"type":"Feature","properties":{"n":3,"s":14.7},"geometry":{"type":"LineString","coordinates":[[-73.94992,40.74045],[-73.94986,40.74044],[-73.94981,40.74043],[-73.94974,40.74042],[-73.94761,40.74]]}},{"type":"Feature","properties":{"n":3,"s":14.7},"geometry":{"type":"LineString","coordinates":[[-73.94761,40.74],[-73.947,40.73988],[-73.94574,40.73964],[-73.9454,40.73957],[-73.94531,40.73955]]}},{"type":"Feature","properties":{"n":3,"s":14.7},"geometry":{"type":"LineString","coordinates":[[-73.94531,40.73955],[-73.94521,40.73953],[-73.94299,40.73911]]}},{"type":"Feature","properties":{"n":3,"s":14.7},"geometry":{"type":"LineString","coordinates":[[-73.94299,40.73911],[-73.94281,40.73907],[-73.94254,40.73902],[-73.9422,40.73895],[-73.94134,40.73878],[-73.94093,40.7387],[-73.94081,40.73868]]}},{"type":"Feature","properties":{"n":3,"s":14.7},"geometry":{"type":"LineString","coordinates":[[-73.94081,40.73868],[-73.94072,40.73866]]}},{"type":"Feature","properties":{"n":3,"s":14.7},"geometry":{"type":"LineString","coordinates":[[-73.94072,40.73866],[-73.94066,40.73865]]}},{"type":"Feature","properties":{"n":3,"s":14.7},"geometry":{"type":"LineString","coordinates":[[-73.94066,40.73865],[-73.94031,40.73855],[-73.94003,40.73849]]}},{"type":"Feature","properties":{"n":3,"s":14.7},"geometry":{"type":"LineString","coordinates":[[-73.94003,40.73849],[-73.9398,40.73845],[-73.93966,40.73842]]}},{"type":"Feature","properties":{"n":3,"s":14.7},"geometry":{"type":"LineString","coordinates":[[-73.93966,40.73842],[-73.93954,40.7384],[-73.93942,40.73836],[-73.93915,40.73827],[-73.93899,40.73822],[-73.93883,40.73817],[-73.93871,40.73813]]}},{"type":"Feature","properties":{"n":3,"s":14.7},"geometry":{"type":"LineString","coordinates":[[-73.93871,40.73813],[-73.93848,40.73808],[-73.93831,40.73803],[-73.93814,40.73799]]}},{"type":"Feature","properties":{"n":3,"s":22.1},"geometry":{"type":"LineString","coordinates":[[-73.9858,40.66978],[-73.98584,40.66973],[-73.98619,40.66931],[-73.98623,40.66927],[-73.9863,40.66917]]}},{"type":"Feature","properties":{"n":3,"s":22.1},"geometry":{"type":"LineString","coordinates":[[-73.9863,40.66917],[-73.98638,40.66908],[-73.9864,40.66905],[-73.98675,40.66864],[-73.9868,40.66858]]}},{"type":"Feature","properties":{"n":3,"s":22.1},"geometry":{"type":"LineString","coordinates":[[-73.9868,40.66858],[-73.98685,40.66852],[-73.98725,40.66803],[-73.9873,40.66797]]}},{"type":"Feature","properties":{"n":3,"s":26.8},"geometry":{"type":"LineString","coordinates":[[-73.99809,40.65686],[-73.99813,40.65682],[-73.99866,40.65631]]}},{"type":"Feature","properties":{"n":3,"s":26.8},"geometry":{"type":"LineString","coordinates":[[-73.99866,40.65631],[-73.99919,40.6558],[-73.99925,40.65575]]}},{"type":"Feature","properties":{"n":3,"s":26.8},"geometry":{"type":"LineString","coordinates":[[-73.99925,40.65575],[-73.99929,40.6557],[-73.99983,40.65519]]}},{"type":"Feature","properties":{"n":3,"s":26.8},"geometry":{"type":"LineString","coordinates":[[-73.99983,40.65519],[-74.00036,40.65468],[-74.00041,40.65463]]}},{"type":"Feature","properties":{"n":3,"s":26.8},"geometry":{"type":"LineString","coordinates":[[-74.00041,40.65463],[-74.00046,40.65458],[-74.001,40.65407]]}},{"type":"Feature","properties":{"n":3,"s":26.8},"geometry":{"type":"LineString","coordinates":[[-74.001,40.65407],[-74.00208,40.65303],[-74.0021,40.65301],[-74.00216,40.65295]]}},{"type":"Feature","properties":{"n":3,"s":36.8},"geometry":{"type":"LineString","coordinates":[[-73.9193,40.83813],[-73.91902,40.83838]]}},{"type":"Feature","properties":{"n":3,"s":36.8},"geometry":{"type":"LineString","coordinates":[[-73.91902,40.83838],[-73.91863,40.83893],[-73.91859,40.83898]]}},{"type":"Feature","properties":{"n":3,"s":36.8},"geometry":{"type":"LineString","coordinates":[[-73.91859,40.83898],[-73.91856,40.83903],[-73.91817,40.83957],[-73.91814,40.83961]]}},{"type":"Feature","properties":{"n":3,"s":36.8},"geometry":{"type":"LineString","coordinates":[[-73.91814,40.83961],[-73.9181,40.83966],[-73.91774,40.84015],[-73.91768,40.84022]]}},{"type":"Feature","properties":{"n":3,"s":36.8},"geometry":{"type":"LineString","coordinates":[[-73.91768,40.84022],[-73.91762,40.84031],[-73.91733,40.84072],[-73.9173,40.84077]]}},{"type":"Feature","properties":{"n":3,"s":36.8},"geometry":{"type":"LineString","coordinates":[[-73.9173,40.84077],[-73.91712,40.84102],[-73.91694,40.84128],[-73.91689,40.84135]]}},{"type":"Feature","properties":{"n":3,"s":36.8},"geometry":{"type":"LineString","coordinates":[[-73.91689,40.84135],[-73.91685,40.84141],[-73.91624,40.84225],[-73.91618,40.84233]]}},{"type":"Feature","properties":{"n":3,"s":36.8},"geometry":{"type":"LineString","coordinates":[[-73.91618,40.84233],[-73.91613,40.84241],[-73.91549,40.84331],[-73.91545,40.84337]]}},{"type":"Feature","properties":{"n":3,"s":36.8},"geometry":{"type":"LineString","coordinates":[[-73.91545,40.84337],[-73.91544,40.84338],[-73.9154,40.84343],[-73.91512,40.84382],[-73.91479,40.84429],[-73.91475,40.84435]]}},{"type":"Feature","properties":{"n":3,"s":36.8},"geometry":{"type":"LineString","coordinates":[[-73.91475,40.84435],[-73.91471,40.84441],[-73.91455,40.84463]]}},{"type":"Feature","properties":{"n":3,"s":36.8},"geometry":{"type":"LineString","coordinates":[[-73.91455,40.84463],[-73.91436,40.8449]]}},{"type":"Feature","properties":{"n":3,"s":36.8},"geometry":{"type":"LineString","coordinates":[[-73.91436,40.8449],[-73.91428,40.84501]]}},{"type":"Feature","properties":{"n":3,"s":19.2},"geometry":{"type":"LineString","coordinates":[[-73.98455,40.74845],[-73.98443,40.74841],[-73.98375,40.74812],[-73.98344,40.74797],[-73.98304,40.7478],[-73.98296,40.74777]]}},{"type":"Feature","properties":{"n":3,"s":19.2},"geometry":{"type":"LineString","coordinates":[[-73.98296,40.74777],[-73.98286,40.74773],[-73.98272,40.74767],[-73.98239,40.74752],[-73.98178,40.74726],[-73.98162,40.74719],[-73.98153,40.74716],[-73.98145,40.74712]]}},{"type":"Feature","properties":{"n":3,"s":15.9},"geometry":{"type":"LineString","coordinates":[[-73.97699,40.75017],[-73.97703,40.75011],[-73.97737,40.74965],[-73.9774,40.74961],[-73.97744,40.74955]]}},{"type":"Feature","properties":{"n":4,"s":17.7},"geometry":{"type":"LineString","coordinates":[[-73.97744,40.74955],[-73.97748,40.74949],[-73.97782,40.74903],[-73.97785,40.74899],[-73.9779,40.74892]]}},{"type":"Feature","properties":{"n":4,"s":17.7},"geometry":{"type":"LineString","coordinates":[[-73.9779,40.74892],[-73.97793,40.74888],[-73.97827,40.74841],[-73.9783,40.74837],[-73.97834,40.74831]]}},{"type":"Feature","properties":{"n":4,"s":17.7},"geometry":{"type":"LineString","coordinates":[[-73.97834,40.74831],[-73.97839,40.74826],[-73.97867,40.74788],[-73.97873,40.7478],[-73.97876,40.74775],[-73.9788,40.7477]]}},{"type":"Feature","properties":{"n":6,"s":15.9},"geometry":{"type":"LineString","coordinates":[[-73.97974,40.74641],[-73.9798,40.74632],[-73.98003,40.74602],[-73.98015,40.74585],[-73.98018,40.7458],[-73.98022,40.74575]]}},{"type":"Feature","properties":{"n":3,"s":16.3},"geometry":{"type":"LineString","coordinates":[[-73.98112,40.7445],[-73.98116,40.74445],[-73.98149,40.74399],[-73.98153,40.74394],[-73.98157,40.74389]]}},{"type":"Feature","properties":{"n":3,"s":16.3},"geometry":{"type":"LineString","coordinates":[[-73.98157,40.74389],[-73.98161,40.74383],[-73.98194,40.74337],[-73.98198,40.74333],[-73.98201,40.74327]]}},{"type":"Feature","properties":{"n":3,"s":16.3},"geometry":{"type":"LineString","coordinates":[[-73.98201,40.74327],[-73.98205,40.74322],[-73.98239,40.74276],[-73.98243,40.74271],[-73.98247,40.74265]]}},{"type":"Feature","properties":{"n":3,"s":16.3},"geometry":{"type":"LineString","coordinates":[[-73.98247,40.74265],[-73.98251,40.74259],[-73.98284,40.74214],[-73.98287,40.74209],[-73.98291,40.74204]]}},{"type":"Feature","properties":{"n":3,"s":16.3},"geometry":{"type":"LineString","coordinates":[[-73.98291,40.74204],[-73.98296,40.74198],[-73.98329,40.74152],[-73.98332,40.74148],[-73.98337,40.74142]]}},{"type":"Feature","properties":{"n":3,"s":16.3},"geometry":{"type":"LineString","coordinates":[[-73.98337,40.74142],[-73.98341,40.74136],[-73.98374,40.7409],[-73.98377,40.74086],[-73.98382,40.7408]]}},{"type":"Feature","properties":{"n":3,"s":16.3},"geometry":{"type":"LineString","coordinates":[[-73.98382,40.7408],[-73.98386,40.74074],[-73.98387,40.74073],[-73.98419,40.74028],[-73.98422,40.74024],[-73.98427,40.74018]]}},{"type":"Feature","properties":{"n":3,"s":13.2},"geometry":{"type":"LineString","coordinates":[[-73.98475,40.73951],[-73.98485,40.73955],[-73.98491,40.73958],[-73.98509,40.73965],[-73.98522,40.73971],[-73.98565,40.73989],[-73.9859,40.74],[-73.98591,40.74],[-73.98617,40.74011],[-73.98623,40.74014],[-73.9863,40.74017]]}},{"type":"Feature","properties":{"n":3,"s":13.2},"geometry":{"type":"LineString","coordinates":[[-73.9863,40.74017],[-73.98641,40.74021]]}},{"type":"Feature","properties":{"n":6,"s":25.0},"geometry":{"type":"LineString","coordinates":[[-73.95148,40.8045],[-73.95144,40.80455],[-73.95139,40.80463],[-73.95127,40.80479],[-73.95106,40.80507],[-73.95103,40.80512]]}},{"type":"Feature","properties":{"n":6,"s":25.0},"geometry":{"type":"LineString","coordinates":[[-73.95103,40.80512],[-73.95098,40.80519],[-73.95061,40.8057],[-73.95058,40.80574]]}},{"type":"Feature","properties":{"n":6,"s":25.0},"geometry":{"type":"LineString","coordinates":[[-73.95058,40.80574],[-73.95053,40.80581],[-73.95047,40.80589],[-73.95036,40.80604],[-73.95015,40.80633],[-73.95012,40.80638]]}},{"type":"Feature","properties":{"n":6,"s":25.0},"geometry":{"type":"LineString","coordinates":[[-73.95012,40.80638],[-73.95007,40.80644],[-73.94991,40.80666],[-73.9497,40.80695],[-73.94966,40.80701]]}},{"type":"Feature","properties":{"n":6,"s":25.0},"geometry":{"type":"LineString","coordinates":[[-73.94966,40.80701],[-73.94961,40.80707],[-73.94944,40.8073],[-73.94923,40.80759],[-73.9492,40.80763]]}},{"type":"Feature","properties":{"n":3,"s":15.8},"geometry":{"type":"LineString","coordinates":[[-73.99967,40.72843],[-73.99972,40.72837],[-74.00052,40.72743],[-74.00058,40.72735]]}},{"type":"Feature","properties":{"n":3,"s":15.8},"geometry":{"type":"LineString","coordinates":[[-74.00058,40.72735],[-74.00067,40.72724]]}},{"type":"Feature","properties":{"n":4,"s":16.3},"geometry":{"type":"LineString","coordinates":[[-74.00067,40.72724],[-74.00073,40.72717],[-74.00155,40.72617],[-74.0016,40.72612]]}},{"type":"Feature","properties":{"n":4,"s":16.3},"geometry":{"type":"LineString","coordinates":[[-74.0016,40.72612],[-74.00163,40.72608],[-74.00256,40.72495],[-74.00262,40.72488]]}},{"type":"Feature","properties":{"n":4,"s":16.3},"geometry":{"type":"LineString","coordinates":[[-74.00365,40.72369],[-74.00368,40.72365],[-74.00375,40.72357],[-74.00378,40.72353],[-74.00384,40.72346]]}},{"type":"Feature","properties":{"n":3,"s":20.6},"geometry":{"type":"LineString","coordinates":[[-73.9787,40.75055],[-73.97866,40.75064],[-73.97863,40.75072],[-73.97861,40.75076],[-73.97858,40.75085]]}},{"type":"Feature","properties":{"n":3,"s":20.6},"geometry":{"type":"LineString","coordinates":[[-73.97762,40.7522],[-73.97756,40.75224],[-73.97755,40.75225],[-73.97754,40.75226],[-73.97754,40.75226],[-73.97753,40.75226],[-73.97753,40.75227],[-73.97752,40.75227],[-73.97751,40.75227],[-73.97751,40.75227],[-73.9775,40.75228],[-73.97749,40.75228],[-73.97748,40.75228],[-73.97747,40.75228],[-73.97747,40.75228],[-73.97745,40.75227],[-73.97744,40.75227],[-73.97743,40.75227],[-73.97743,40.75227],[-73.97711,40.75214],[-73.97709,40.75213],[-73.97706,40.75213],[-73.97704,40.75213],[-73.97702,40.75213],[-73.97699,40.75213],[-73.97697,40.75214],[-73.97694,40.75215],[-73.97692,40.75216],[-73.9769,40.75219],[-73.97639,40.75289],[-73.97598,40.75346],[-73.97593,40.75354],[-73.97585,40.75365],[-73.97584,40.75366],[-73.97583,40.75368],[-73.97582,40.75369],[-73.97582,40.7537],[-73.97581,40.75371],[-73.97581,40.75371],[-73.97581,40.75372],[-73.97581,40.75373],[-73.9758,40.75374],[-73.9758,40.75377],[-73.9758,40.75379],[-73.9758,40.75381],[-73.9758,40.75384],[-73.9758,40.75387],[-73.97581,40.75396],[-73.97582,40.75398],[-73.97583,40.754],[-73.97584,40.75402],[-73.97587,40.75404],[-73.9759,40.75406],[-73.97596,40.75408],[-73.97598,40.7541],[-73.976,40.75411],[-73.97601,40.75412],[-73.97601,40.75414],[-73.97601,40.75416],[-73.976,40.75418],[-73.97576,40.75451],[-73.97574,40.75454],[-73.97573,40.75456],[-73.97572,40.75457],[-73.97571,40.7546],[-73.9757,40.75464]]}},{"type":"Feature","properties":{"n":3,"s":20.6},"geometry":{"type":"LineString","coordinates":[[-73.9757,40.75464],[-73.9757,40.75466],[-73.97569,40.75468],[-73.97568,40.7547],[-73.97566,40.75473],[-73.97533,40.75519],[-73.97531,40.75522],[-73.97527,40.75527]]}},{"type":"Feature","properties":{"n":3,"s":20.6},"geometry":{"type":"LineString","coordinates":[[-73.97527,40.75527],[-73.97523,40.75533],[-73.97489,40.7558],[-73.97485,40.75584],[-73.97481,40.7559]]}},{"type":"Feature","properties":{"n":3,"s":12.0},"geometry":{"type":"LineString","coordinates":[[-73.98884,40.75853],[-73.98872,40.75848],[-73.98719,40.75784],[-73.98617,40.75741],[-73.98616,40.75741],[-73.98612,40.75739],[-73.98609,40.75737],[-73.98601,40.75734]]}},{"type":"Feature","properties":{"n":5,"s":19.2},"geometry":{"type":"LineString","coordinates":[[-73.98768,40.73262],[-73.98782,40.73268],[-73.98785,40.73269],[-73.98948,40.73337],[-73.98969,40.73346],[-73.98972,40.73347],[-73.98976,40.73349],[-73.98985,40.73352]]}},{"type":"Feature","properties":{"n":4,"s":26.5},"geometry":{"type":"LineString","coordinates":[[-73.9492,40.80763],[-73.94915,40.80769],[-73.94878,40.80821],[-73.94874,40.80826]]}},{"type":"Feature","properties":{"n":4,"s":26.5},"geometry":{"type":"LineString","coordinates":[[-73.94874,40.80826],[-73.9487,40.80832],[-73.94865,40.80839],[-73.94853,40.80856],[-73.94832,40.80884],[-73.94825,40.80894]]}},{"type":"Feature","properties":{"n":4,"s":26.5},"geometry":{"type":"LineString","coordinates":[[-73.94825,40.80894],[-73.94818,40.80904],[-73.94803,40.80925],[-73.94781,40.80955],[-73.94777,40.80961]]}},{"type":"Feature","properties":{"n":4,"s":26.5},"geometry":{"type":"LineString","coordinates":[[-73.94777,40.80961],[-73.94772,40.80968],[-73.94767,40.80975],[-73.94756,40.80988],[-73.94734,40.81018],[-73.9473,40.81023]]}},{"type":"Feature","properties":{"n":4,"s":26.5},"geometry":{"type":"LineString","coordinates":[[-73.9473,40.81023],[-73.94725,40.8103],[-73.94688,40.81081],[-73.94685,40.81086]]}},{"type":"Feature","properties":{"n":4,"s":26.5},"geometry":{"type":"LineString","coordinates":[[-73.94685,40.81086],[-73.9468,40.81092],[-73.94665,40.81113],[-73.94643,40.81143],[-73.9464,40.81148]]}},{"type":"Feature","properties":{"n":4,"s":26.5},"geometry":{"type":"LineString","coordinates":[[-73.9464,40.81148],[-73.94635,40.81155],[-73.94597,40.81205],[-73.94594,40.8121]]}},{"type":"Feature","properties":{"n":4,"s":26.5},"geometry":{"type":"LineString","coordinates":[[-73.94594,40.8121],[-73.94589,40.81216],[-73.94575,40.81236],[-73.94553,40.81266],[-73.94548,40.81273]]}},{"type":"Feature","properties":{"n":4,"s":26.5},"geometry":{"type":"LineString","coordinates":[[-73.94548,40.81273],[-73.94543,40.81279],[-73.94506,40.81331],[-73.94502,40.81336]]}},{"type":"Feature","properties":{"n":4,"s":26.5},"geometry":{"type":"LineString","coordinates":[[-73.94502,40.81336],[-73.94497,40.81342],[-73.94491,40.81351],[-73.9446,40.81393],[-73.94457,40.81398]]}},{"type":"Feature","properties":{"n":4,"s":26.5},"geometry":{"type":"LineString","coordinates":[[-73.94457,40.81398],[-73.94452,40.81404],[-73.94415,40.81455],[-73.94411,40.8146]]}},{"type":"Feature","properties":{"n":4,"s":26.5},"geometry":{"type":"LineString","coordinates":[[-73.94411,40.8146],[-73.94407,40.81466],[-73.94391,40.81487],[-73.94368,40.81519],[-73.94362,40.81527]]}},{"type":"Feature","properties":{"n":4,"s":26.5},"geometry":{"type":"LineString","coordinates":[[-73.94362,40.81527],[-73.94356,40.81536],[-73.94317,40.81589],[-73.94313,40.81595]]}},{"type":"Feature","properties":{"n":4,"s":26.5},"geometry":{"type":"LineString","coordinates":[[-73.94313,40.81595],[-73.94309,40.81601],[-73.94293,40.81622],[-73.94271,40.81651],[-73.94268,40.81656]]}},{"type":"Feature","properties":{"n":4,"s":26.5},"geometry":{"type":"LineString","coordinates":[[-73.94268,40.81656],[-73.94263,40.81662],[-73.94226,40.81714],[-73.94222,40.81719]]}},{"type":"Feature","properties":{"n":4,"s":26.5},"geometry":{"type":"LineString","coordinates":[[-73.94222,40.81719],[-73.94218,40.81725],[-73.942,40.81749],[-73.9418,40.81776],[-73.94176,40.81782]]}},{"type":"Feature","properties":{"n":4,"s":26.5},"geometry":{"type":"LineString","coordinates":[[-73.94176,40.81782],[-73.94172,40.81788],[-73.94166,40.81796],[-73.94156,40.81809],[-73.94135,40.81839],[-73.94131,40.81844]]}},{"type":"Feature","properties":{"n":4,"s":26.5},"geometry":{"type":"LineString","coordinates":[[-73.94131,40.81844],[-73.94126,40.8185],[-73.94111,40.81871],[-73.94088,40.81901],[-73.94085,40.81906]]}},{"type":"Feature","properties":{"n":4,"s":26.5},"geometry":{"type":"LineString","coordinates":[[-73.94085,40.81906],[-73.94081,40.81912],[-73.94043,40.81963],[-73.94039,40.81969]]}},{"type":"Feature","properties":{"n":4,"s":26.5},"geometry":{"type":"LineString","coordinates":[[-73.94039,40.81969],[-73.94035,40.81975],[-73.94017,40.82],[-73.93998,40.82026],[-73.93994,40.82031]]}},{"type":"Feature","properties":{"n":4,"s":26.5},"geometry":{"type":"LineString","coordinates":[[-73.93994,40.82031],[-73.9399,40.82037],[-73.93953,40.82088],[-73.93949,40.82093]]}},{"type":"Feature","properties":{"n":4,"s":26.5},"geometry":{"type":"LineString","coordinates":[[-73.93949,40.82093],[-73.93945,40.82099],[-73.93928,40.82122],[-73.93906,40.82151],[-73.93899,40.82161]]}},{"type":"Feature","properties":{"n":4,"s":26.5},"geometry":{"type":"LineString","coordinates":[[-73.93899,40.82161],[-73.93892,40.8217],[-73.93854,40.82223],[-73.9385,40.82228]]}},{"type":"Feature","properties":{"n":4,"s":26.5},"geometry":{"type":"LineString","coordinates":[[-73.9385,40.82228],[-73.93846,40.82234],[-73.9383,40.82255],[-73.93809,40.82285],[-73.93805,40.8229]]}},{"type":"Feature","properties":{"n":4,"s":26.5},"geometry":{"type":"LineString","coordinates":[[-73.93805,40.8229],[-73.938,40.82297],[-73.93763,40.82348],[-73.93759,40.82353]]}},{"type":"Feature","properties":{"n":4,"s":26.5},"geometry":{"type":"LineString","coordinates":[[-73.93759,40.82353],[-73.93755,40.82359],[-73.93738,40.82382],[-73.93725,40.824],[-73.93717,40.82411],[-73.93713,40.82415]]}},{"type":"Feature","properties":{"n":3,"s":25.5},"geometry":{"type":"LineString","coordinates":[[-73.96246,40.76146],[-73.9625,40.76148],[-73.96252,40.76148],[-73.96272,40.76156],[-73.9633,40.76181],[-73.96344,40.76187]]}},{"type":"Feature","properties":{"n":3,"s":25.5},"geometry":{"type":"LineString","coordinates":[[-73.96344,40.76187],[-73.96356,40.76192],[-73.96538,40.76269],[-73.96553,40.76275],[-73.96567,40.76281]]}},{"type":"Feature","properties":{"n":3,"s":13.2},"geometry":{"type":"LineString","coordinates":[[-73.99637,40.73226],[-73.99642,40.7322],[-73.99655,40.73202],[-73.99666,40.73186]]}},{"type":"Feature","properties":{"n":3,"s":13.2},"geometry":{"type":"LineString","coordinates":[[-73.99666,40.73186],[-73.99685,40.73159],[-73.99694,40.73148],[-73.99698,40.73142]]}},{"type":"Feature","properties":{"n":3,"s":20.3},"geometry":{"type":"LineString","coordinates":[[-73.98905,40.71873],[-73.9891,40.71864],[-73.98945,40.71795],[-73.98948,40.71789]]}},{"type":"Feature","properties":{"n":3,"s":20.3},"geometry":{"type":"LineString","coordinates":[[-73.98948,40.71789],[-73.9895,40.71784],[-73.98991,40.71705],[-73.98995,40.71698]]}},{"type":"Feature","properties":{"n":3,"s":20.3},"geometry":{"type":"LineString","coordinates":[[-73.98995,40.71698],[-73.98999,40.7169],[-73.99028,40.71635],[-73.99054,40.71585],[-73.99056,40.71581]]}},{"type":"Feature","properties":{"n":3,"s":20.3},"geometry":{"type":"LineString","coordinates":[[-73.99056,40.71581],[-73.99058,40.71575],[-73.99107,40.7148],[-73.99109,40.71474],[-73.99113,40.71468]]}},{"type":"Feature","properties":{"n":4,"s":11.9},"geometry":{"type":"LineString","coordinates":[[-73.98695,40.75604],[-73.98707,40.75609],[-73.98721,40.75615],[-73.98748,40.75626],[-73.98833,40.75662],[-73.98842,40.75666],[-73.98852,40.7567],[-73.98869,40.75677],[-73.98966,40.75718],[-73.98979,40.75723]]}},{"type":"Feature","properties":{"n":3,"s":21.1},"geometry":{"type":"LineString","coordinates":[[-73.92436,40.75242],[-73.9242,40.75258],[-73.92412,40.75268],[-73.92397,40.75287],[-73.92343,40.75354],[-73.92338,40.75361]]}},{"type":"Feature","properties":{"n":3,"s":21.1},"geometry":{"type":"LineString","coordinates":[[-73.92338,40.75361],[-73.92332,40.75368],[-73.92261,40.75457],[-73.92234,40.75489],[-73.92222,40.75504],[-73.92218,40.75508],[-73.92213,40.75515]]}},{"type":"Feature","properties":{"n":3,"s":21.1},"geometry":{"type":"LineString","coordinates":[[-73.92213,40.75515],[-73.92207,40.75521],[-73.9211,40.75642],[-73.92093,40.75662],[-73.92088,40.75669]]}},{"type":"Feature","properties":{"n":3,"s":12.7},"geometry":{"type":"LineString","coordinates":[[-73.97733,40.7454],[-73.97764,40.74553],[-73.97792,40.74564],[-73.97799,40.74567],[-73.97813,40.74574]]}},{"type":"Feature","properties":{"n":3,"s":12.7},"geometry":{"type":"LineString","coordinates":[[-73.97813,40.74574],[-73.97825,40.7458],[-73.97832,40.74583],[-73.97851,40.74591],[-73.97904,40.74613],[-73.9794,40.74628],[-73.97943,40.74629],[-73.97946,40.7463],[-73.97949,40.74631],[-73.97957,40.74634],[-73.97962,40.74636],[-73.97974,40.74641]]}},{"type":"Feature","properties":{"n":4,"s":18.6},"geometry":{"type":"LineString","coordinates":[[-73.99758,40.71407],[-73.99762,40.71404],[-73.99764,40.71401],[-73.99768,40.71398],[-73.99771,40.71396],[-73.99776,40.71393],[-73.99781,40.7139],[-73.99786,40.71388],[-73.99797,40.71383],[-73.99801,40.71381],[-73.99807,40.71378]]}},{"type":"Feature","properties":{"n":4,"s":18.6},"geometry":{"type":"LineString","coordinates":[[-73.99807,40.71378],[-73.99845,40.71361],[-73.99849,40.71359],[-73.99864,40.71352]]}},{"type":"Feature","properties":{"n":3,"s":19.3},"geometry":{"type":"LineString","coordinates":[[-73.9985,40.71345],[-73.99845,40.71342],[-73.9984,40.71339],[-73.99837,40.71337],[-73.99822,40.71326]]}},{"type":"Feature","properties":{"n":3,"s":19.3},"geometry":{"type":"LineString","coordinates":[[-73.99822,40.71326],[-73.99829,40.71319],[-73.99829,40.71318],[-73.99839,40.71309],[-73.99879,40.7127],[-73.99888,40.71261],[-73.99893,40.71255]]}},{"type":"Feature","properties":{"n":3,"s":19.3},"geometry":{"type":"LineString","coordinates":[[-73.99893,40.71255],[-73.999,40.71249],[-73.9993,40.7122],[-73.99947,40.71203],[-73.99953,40.71198],[-73.99961,40.71189],[-73.99971,40.71179]]}},{"type":"Feature","properties":{"n":3,"s":19.3},"geometry":{"type":"LineString","coordinates":[[-73.99971,40.71179],[-73.9998,40.71168],[-74.00009,40.7114],[-74.00038,40.71111],[-74.00049,40.711]]}},{"type":"Feature","properties":{"n":3,"s":19.3},"geometry":{"type":"LineString","coordinates":[[-74.00049,40.711],[-74.0006,40.7109],[-74.00065,40.71083],[-74.00086,40.71055],[-74.00105,40.71029],[-74.00111,40.71019]]}},{"type":"Feature","properties":{"n":3,"s":19.3},"geometry":{"type":"LineString","coordinates":[[-74.00111,40.71019],[-74.00121,40.71006]]}},{"type":"Feature","properties":{"n":3,"s":21.4},"geometry":{"type":"LineString","coordinates":[[-73.97465,40.75337],[-73.97469,40.75331],[-73.97507,40.75279],[-73.9751,40.75274]]}},{"type":"Feature","properties":{"n":3,"s":24.7},"geometry":{"type":"LineString","coordinates":[[-73.98447,40.69612],[-73.98468,40.69613]]}},{"type":"Feature","properties":{"n":3,"s":24.7},"geometry":{"type":"LineString","coordinates":[[-73.98468,40.69613],[-73.98481,40.69614],[-73.98506,40.69615],[-73.98521,40.69615],[-73.98569,40.69615],[-73.98585,40.69615],[-73.98697,40.6962],[-73.9871,40.69621]]}},{"type":"Feature","properties":{"n":4,"s":13.1},"geometry":{"type":"LineString","coordinates":[[-73.99619,40.74844],[-73.99605,40.74837],[-73.99544,40.74811],[-73.99519,40.748],[-73.99348,40.74729],[-73.99336,40.74724]]}},{"type":"Feature","properties":{"n":3,"s":20.0},"geometry":{"type":"LineString","coordinates":[[-74.00384,40.72346],[-74.00389,40.72339],[-74.00437,40.72282],[-74.0044,40.72277],[-74.00444,40.72273]]}},{"type":"Feature","properties":{"n":3,"s":13.3},"geometry":{"type":"LineString","coordinates":[[-73.98954,40.77286],[-73.98949,40.77293],[-73.98931,40.77318],[-73.98912,40.77344],[-73.98908,40.77349]]}},{"type":"Feature","properties":{"n":3,"s":22.2},"geometry":{"type":"LineString","coordinates":[[-74.01078,40.72913],[-74.01089,40.72805],[-74.01089,40.72799],[-74.01098,40.72724],[-74.01101,40.72703],[-74.01104,40.7268],[-74.01107,40.72659],[-74.01116,40.72598],[-74.01117,40.7259],[-74.01119,40.72583]]}},{"type":"Feature","properties":{"n":3,"s":22.2},"geometry":{"type":"LineString","coordinates":[[-74.01119,40.72583],[-74.01125,40.72543],[-74.01129,40.72521]]}},{"type":"Feature","properties":{"n":3,"s":22.2},"geometry":{"type":"LineString","coordinates":[[-74.01129,40.72521],[-74.01131,40.7251],[-74.01143,40.72443],[-74.01144,40.7244],[-74.01148,40.72421],[-74.0116,40.72357],[-74.01172,40.72301]]}},{"type":"Feature","properties":{"n":3,"s":22.2},"geometry":{"type":"LineString","coordinates":[[-74.01172,40.72301],[-74.01174,40.7229],[-74.01183,40.72249],[-74.01184,40.72244],[-74.01186,40.72234]]}},{"type":"Feature","properties":{"n":3,"s":22.2},"geometry":{"type":"LineString","coordinates":[[-74.01186,40.72234],[-74.01187,40.72225],[-74.01224,40.72051],[-74.01225,40.72046],[-74.01228,40.72034]]}},{"type":"Feature","properties":{"n":4,"s":20.2},"geometry":{"type":"LineString","coordinates":[[-74.01228,40.72034],[-74.01231,40.72023],[-74.01255,40.71919],[-74.0126,40.71896],[-74.0127,40.71855],[-74.01278,40.7182],[-74.01283,40.71801],[-74.01302,40.71726]]}},{"type":"Feature","properties":{"n":4,"s":28.7},"geometry":{"type":"LineString","coordinates":[[-74.01504,40.70983],[-74.01507,40.70974],[-74.01512,40.70952]]}},{"type":"Feature","properties":{"n":4,"s":28.7},"geometry":{"type":"LineString","coordinates":[[-74.01512,40.70952],[-74.0151,40.70933],[-74.01511,40.70923],[-74.01512,40.70917],[-74.01512,40.70913],[-74.01514,40.70902],[-74.01518,40.70891],[-74.01543,40.70827],[-74.01558,40.70788],[-74.0156,40.70782],[-74.01562,40.70775],[-74.01563,40.70768],[-74.01563,40.70762],[-74.01563,40.70756],[-74.01562,40.70749],[-74.0156,40.70743],[-74.01557,40.70737],[-74.01552,40.70731],[-74.01547,40.70726],[-74.01541,40.70722],[-74.01523,40.70711],[-74.01517,40.70708],[-74.01512,40.70704],[-74.01506,40.707],[-74.01502,40.70695],[-74.01495,40.70686],[-74.01491,40.70679],[-74.01488,40.70673],[-74.01486,40.70666],[-74.01485,40.70659],[-74.01484,40.70651],[-74.01484,40.70643],[-74.01486,40.70636],[-74.01488,40.70627],[-74.01489,40.70623],[-74.01496,40.70608],[-74.01502,40.70596]]}},{"type":"Feature","properties":{"n":4,"s":28.7},"geometry":{"type":"LineString","coordinates":[[-74.01502,40.70596],[-74.01505,40.70586]]}},{"type":"Feature","properties":{"n":4,"s":28.7},"geometry":{"type":"LineString","coordinates":[[-74.01505,40.70586],[-74.01512,40.7057],[-74.01517,40.70555],[-74.01526,40.70529],[-74.01548,40.70474],[-74.01554,40.70458],[-74.01559,40.70445],[-74.01562,40.7043],[-74.01569,40.70399],[-74.01571,40.70387],[-74.01574,40.70373],[-74.01576,40.70358],[-74.01578,40.7034],[-74.01579,40.70321],[-74.01581,40.703],[-74.0158,40.70285],[-74.0158,40.70267],[-74.01578,40.70252],[-74.01576,40.70238],[-74.0157,40.70199],[-74.01567,40.70181],[-74.01555,40.70142],[-74.01542,40.70101],[-74.01531,40.7007],[-74.01482,40.69938],[-74.01376,40.69653],[-74.01295,40.69434],[-74.01232,40.69263],[-74.01218,40.69227],[-74.01205,40.69192],[-74.01188,40.69156],[-74.01169,40.69121],[-74.01153,40.69095],[-74.01137,40.69072],[-74.01125,40.69052],[-74.01112,40.69033],[-74.01094,40.69007],[-74.01036,40.68935],[-74.0097,40.68854],[-74.00899,40.68769],[-74.00833,40.68688],[-74.00807,40.68654],[-74.0078,40.68615],[-74.00755,40.68575],[-74.00733,40.68539],[-74.00713,40.68505],[-74.00688,40.68464],[-74.00673,40.68435],[-74.00661,40.68409],[-74.00645,40.68367],[-74.00641,40.68354],[-74.00638,40.68343],[-74.00635,40.68332],[-74.00632,40.68323],[-74.0063,40.68315],[-74.00627,40.68304],[-74.00617,40.68269],[-74.00608,40.68244],[-74.006,40.68224],[-74.00596,40.68215],[-74.00592,40.68206],[-74.00586,40.68196],[-74.00581,40.68188],[-74.00576,40.68179],[-74.00554,40.68142],[-74.00533,40.68112]]}},{"type":"Feature","properties":{"n":4,"s":28.7},"geometry":{"type":"LineString","coordinates":[[-74.00533,40.68112],[-74.00485,40.68057],[-74.00436,40.68008]]}},{"type":"Feature","properties":{"n":4,"s":28.7},"geometry":{"type":"LineString","coordinates":[[-74.00436,40.68008],[-74.00433,40.68004],[-74.00427,40.67997],[-74.00415,40.67982],[-74.00347,40.67904],[-74.00308,40.67856],[-74.00291,40.67836]]}},{"type":"Feature","properties":{"n":4,"s":28.7},"geometry":{"type":"LineString","coordinates":[[-74.00291,40.67836],[-74.00289,40.67824],[-74.00278,40.67787]]}},{"type":"Feature","properties":{"n":4,"s":28.7},"geometry":{"type":"LineString","coordinates":[[-74.00278,40.67787],[-74.00268,40.67762],[-74.00261,40.67747],[-74.00249,40.67728]]}},{"type":"Feature","properties":{"n":4,"s":28.7},"geometry":{"type":"LineString","coordinates":[[-74.00249,40.67728],[-74.00246,40.67724],[-74.00233,40.67706],[-74.00224,40.67693],[-74.00206,40.67669]]}},{"type":"Feature","properties":{"n":4,"s":28.7},"geometry":{"type":"LineString","coordinates":[[-74.00206,40.67669],[-74.00168,40.67611],[-74.0016,40.67602]]}},{"type":"Feature","properties":{"n":4,"s":28.7},"geometry":{"type":"LineString","coordinates":[[-74.0016,40.67602],[-74.00137,40.6758]]}},{"type":"Feature","properties":{"n":4,"s":28.7},"geometry":{"type":"LineString","coordinates":[[-74.00137,40.6758],[-74.00124,40.67565],[-74.00119,40.67558],[-74.00068,40.67485]]}},{"type":"Feature","properties":{"n":4,"s":28.7},"geometry":{"type":"LineString","coordinates":[[-74.00068,40.67485],[-74.0006,40.67473],[-74.00055,40.67465],[-74.00022,40.67411],[-74.00016,40.67401]]}},{"type":"Feature","properties":{"n":4,"s":28.7},"geometry":{"type":"LineString","coordinates":[[-74.00016,40.67401],[-74.00009,40.67389],[-74.00003,40.67381]]}},{"type":"Feature","properties":{"n":4,"s":28.7},"geometry":{"type":"LineString","coordinates":[[-74.00003,40.67381],[-73.99954,40.67304]]}},{"type":"Feature","properties":{"n":4,"s":28.7},"geometry":{"type":"LineString","coordinates":[[-73.99954,40.67304],[-73.99939,40.6728],[-73.99916,40.67245],[-73.99911,40.67236]]}},{"type":"Feature","properties":{"n":4,"s":28.7},"geometry":{"type":"LineString","coordinates":[[-73.99911,40.67236],[-73.99907,40.67229],[-73.99867,40.67163],[-73.99864,40.67156],[-73.99856,40.67144],[-73.99847,40.67128],[-73.99835,40.67109]]}},{"type":"Feature","properties":{"n":3,"s":30.6},"geometry":{"type":"LineString","coordinates":[[-73.99835,40.67109],[-73.9978,40.67016]]}},{"type":"Feature","properties":{"n":3,"s":30.6},"geometry":{"type":"LineString","coordinates":[[-73.9978,40.67016],[-73.99774,40.67007],[-73.99748,40.66965],[-73.99735,40.66944],[-73.99731,40.66938],[-73.99696,40.66878]]}},{"type":"Feature","properties":{"n":3,"s":30.6},"geometry":{"type":"LineString","coordinates":[[-73.99696,40.66878],[-73.99675,40.66841],[-73.99661,40.66811],[-73.99654,40.66796],[-73.99647,40.66775],[-73.99643,40.66763],[-73.99638,40.66742],[-73.99634,40.66725],[-73.99632,40.66704],[-73.9963,40.66683],[-73.9963,40.66674]]}},{"type":"Feature","properties":{"n":3,"s":14.9},"geometry":{"type":"LineString","coordinates":[[-73.95251,40.73469],[-73.9525,40.73463],[-73.95234,40.73405],[-73.95232,40.73398]]}},{"type":"Feature","properties":{"n":3,"s":14.9},"geometry":{"type":"LineString","coordinates":[[-73.95232,40.73398],[-73.95231,40.73392],[-73.9523,40.73384],[-73.95227,40.73368],[-73.95224,40.73348],[-73.95222,40.73334],[-73.95221,40.73327]]}},{"type":"Feature","properties":{"n":3,"s":14.9},"geometry":{"type":"LineString","coordinates":[[-73.95221,40.73327],[-73.9522,40.73322],[-73.95216,40.73302],[-73.9521,40.73263],[-73.95209,40.73257]]}},{"type":"Feature","properties":{"n":3,"s":14.9},"geometry":{"type":"LineString","coordinates":[[-73.95209,40.73257],[-73.95208,40.73251],[-73.95201,40.73211],[-73.95198,40.73192],[-73.95197,40.73186]]}},{"type":"Feature","properties":{"n":3,"s":14.9},"geometry":{"type":"LineString","coordinates":[[-73.95197,40.73186],[-73.95196,40.7318],[-73.95192,40.73159],[-73.95186,40.73121],[-73.95185,40.73115]]}},{"type":"Feature","properties":{"n":3,"s":14.9},"geometry":{"type":"LineString","coordinates":[[-73.95185,40.73115],[-73.95184,40.73109],[-73.95183,40.73103],[-73.95182,40.73101],[-73.95181,40.73096],[-73.95179,40.73088],[-73.95174,40.73077],[-73.9517,40.73068],[-73.95168,40.73064],[-73.95161,40.73053],[-73.95157,40.73046]]}},{"type":"Feature","properties":{"n":4,"s":15.1},"geometry":{"type":"LineString","coordinates":[[-73.95157,40.73046],[-73.95153,40.73039],[-73.95136,40.73009],[-73.95127,40.72994],[-73.95123,40.72987],[-73.95117,40.72975],[-73.9511,40.72962],[-73.95095,40.72937],[-73.95078,40.72908],[-73.95076,40.72904],[-73.95072,40.72898]]}},{"type":"Feature","properties":{"n":3,"s":14.9},"geometry":{"type":"LineString","coordinates":[[-73.95072,40.72898],[-73.95069,40.72892],[-73.95017,40.72801],[-73.95013,40.72794]]}},{"type":"Feature","properties":{"n":3,"s":14.9},"geometry":{"type":"LineString","coordinates":[[-73.95013,40.72794],[-73.9501,40.72789],[-73.94996,40.72766],[-73.94965,40.72709],[-73.94957,40.72696],[-73.94942,40.72669],[-73.94924,40.72639],[-73.94923,40.72635],[-73.94919,40.72628]]}},{"type":"Feature","properties":{"n":3,"s":16.5},"geometry":{"type":"LineString","coordinates":[[-73.97331,40.761],[-73.97339,40.76103],[-73.9748,40.76162],[-73.97493,40.76168]]}},{"type":"Feature","properties":{"n":6,"s":23.0},"geometry":{"type":"LineString","coordinates":[[-73.95787,40.80052],[-73.95776,40.80048],[-73.95766,40.80044],[-73.95591,40.7997],[-73.95548,40.79952],[-73.95536,40.79947]]}},{"type":"Feature","properties":{"n":6,"s":23.0},"geometry":{"type":"LineString","coordinates":[[-73.95536,40.79947],[-73.95522,40.79941]]}},{"type":"Feature","properties":{"n":6,"s":23.0},"geometry":{"type":"LineString","coordinates":[[-73.95522,40.79941],[-73.95516,40.79949],[-73.95503,40.79965],[-73.95481,40.79995],[-73.95477,40.80001]]}},{"type":"Feature","properties":{"n":6,"s":23.0},"geometry":{"type":"LineString","coordinates":[[-73.95477,40.80001],[-73.95473,40.80006],[-73.95435,40.80058],[-73.95431,40.80063]]}},{"type":"Feature","properties":{"n":4,"s":16.8},"geometry":{"type":"LineString","coordinates":[[-74.00856,40.74412],[-74.00868,40.74347],[-74.00869,40.74342],[-74.00875,40.74313]]}},{"type":"Feature","properties":{"n":4,"s":16.8},"geometry":{"type":"LineString","coordinates":[[-74.00875,40.74313],[-74.00876,40.74306],[-74.0088,40.74288],[-74.00883,40.74272],[-74.00884,40.74265],[-74.00887,40.74251],[-74.00891,40.74235]]}},{"type":"Feature","properties":{"n":3,"s":17.6},"geometry":{"type":"LineString","coordinates":[[-74.01012,40.73853],[-74.01005,40.73791],[-74.01004,40.73781],[-74.01004,40.73774],[-74.01003,40.7377],[-74.01003,40.73768],[-74.01003,40.73765],[-74.01003,40.73761],[-74.01003,40.73757],[-74.01003,40.73753],[-74.01003,40.73749],[-74.01003,40.73743],[-74.01003,40.73731],[-74.01004,40.7372],[-74.01005,40.73709],[-74.01019,40.73547],[-74.01019,40.73542],[-74.01021,40.73525],[-74.01031,40.73402],[-74.01032,40.73397],[-74.01033,40.73382],[-74.01044,40.73264],[-74.01044,40.73259],[-74.01047,40.73231],[-74.01055,40.73145],[-74.01056,40.7314],[-74.01058,40.73121],[-74.01064,40.73059],[-74.01064,40.73052],[-74.01065,40.73042],[-74.0107,40.72996],[-74.01071,40.72985]]}},{"type":"Feature","properties":{"n":3,"s":21.2},"geometry":{"type":"LineString","coordinates":[[-73.9871,40.69621],[-73.98723,40.69621],[-73.98774,40.69623],[-73.98783,40.69623],[-73.98799,40.69622],[-73.98809,40.69622],[-73.98843,40.69624],[-73.9885,40.69624],[-73.98858,40.69624]]}},{"type":"Feature","properties":{"n":3,"s":21.2},"geometry":{"type":"LineString","coordinates":[[-73.98858,40.69624],[-73.98865,40.69624]]}},{"type":"Feature","properties":{"n":3,"s":21.2},"geometry":{"type":"LineString","coordinates":[[-73.98865,40.69624],[-73.98874,40.69624],[-73.98887,40.69625]]}},{"type":"Feature","properties":{"n":3,"s":27.7},"geometry":{"type":"LineString","coordinates":[[-73.99176,40.68481],[-73.99172,40.68488],[-73.99137,40.68539],[-73.99133,40.68545]]}},{"type":"Feature","properties":{"n":3,"s":27.7},"geometry":{"type":"LineString","coordinates":[[-73.99133,40.68545],[-73.99129,40.68551],[-73.99094,40.68603],[-73.9909,40.68608]]}},{"type":"Feature","properties":{"n":3,"s":27.7},"geometry":{"type":"LineString","coordinates":[[-73.9909,40.68608],[-73.99086,40.68615],[-73.99052,40.68663],[-73.99049,40.68668],[-73.99046,40.68672]]}},{"type":"Feature","properties":{"n":3,"s":27.7},"geometry":{"type":"LineString","coordinates":[[-73.99046,40.68672],[-73.99042,40.68678],[-73.99022,40.68709],[-73.99006,40.68732],[-73.99003,40.68737]]}},{"type":"Feature","properties":{"n":3,"s":27.7},"geometry":{"type":"LineString","coordinates":[[-73.99003,40.68737],[-73.98999,40.68742],[-73.98964,40.68794],[-73.98961,40.68799]]}},{"type":"Feature","properties":{"n":3,"s":27.7},"geometry":{"type":"LineString","coordinates":[[-73.98961,40.68799],[-73.98957,40.68805],[-73.9894,40.68832],[-73.98926,40.68853],[-73.98917,40.68861]]}},{"type":"Feature","properties":{"n":3,"s":27.7},"geometry":{"type":"LineString","coordinates":[[-73.98917,40.68861],[-73.98909,40.68872],[-73.98892,40.68896],[-73.98875,40.6892],[-73.98872,40.68925]]}},{"type":"Feature","properties":{"n":3,"s":17.9},"geometry":{"type":"LineString","coordinates":[[-74.00472,40.75203],[-74.00477,40.75196],[-74.00513,40.75147],[-74.00518,40.7514]]}},{"type":"Feature","properties":{"n":3,"s":17.9},"geometry":{"type":"LineString","coordinates":[[-74.00518,40.7514],[-74.00522,40.75135],[-74.00555,40.7509],[-74.00558,40.75086],[-74.00562,40.75081]]}},{"type":"Feature","properties":{"n":3,"s":17.0},"geometry":{"type":"LineString","coordinates":[[-73.93159,40.73684],[-73.93151,40.73687],[-73.93092,40.73713],[-73.93084,40.73716]]}},{"type":"Feature","properties":{"n":3,"s":17.0},"geometry":{"type":"LineString","coordinates":[[-73.93084,40.73716],[-73.93073,40.73721],[-73.9306,40.73726],[-73.93057,40.73728],[-73.93051,40.73731],[-73.93034,40.73738],[-73.93005,40.73751],[-73.92993,40.73755]]}},{"type":"Feature","properties":{"n":3,"s":17.0},"geometry":{"type":"LineString","coordinates":[[-73.92993,40.73755],[-73.92985,40.73758],[-73.92957,40.73769],[-73.92949,40.73772],[-73.92932,40.73779],[-73.92922,40.73782]]}},{"type":"Feature","properties":{"n":3,"s":17.0},"geometry":{"type":"LineString","coordinates":[[-73.92922,40.73782],[-73.92909,40.73788],[-73.92848,40.73812],[-73.92834,40.73817],[-73.92823,40.73821]]}},{"type":"Feature","properties":{"n":3,"s":17.0},"geometry":{"type":"LineString","coordinates":[[-73.92823,40.73821],[-73.92814,40.73825],[-73.92763,40.73845]]}},{"type":"Feature","properties":{"n":3,"s":17.3},"geometry":{"type":"LineString","coordinates":[[-73.94986,40.68181],[-73.94977,40.68182],[-73.94969,40.68183],[-73.94956,40.68184],[-73.94949,40.68185],[-73.94708,40.68213],[-73.94668,40.68218],[-73.94658,40.68219]]}},{"type":"Feature","properties":{"n":3,"s":18.0},"geometry":{"type":"LineString","coordinates":[[-73.96772,40.76287],[-73.96777,40.7628],[-73.96796,40.76256],[-73.96815,40.76229],[-73.96819,40.76223]]}},{"type":"Feature","properties":{"n":5,"s":22.9},"geometry":{"type":"LineString","coordinates":[[-73.95431,40.80063],[-73.95427,40.80068],[-73.95408,40.80093],[-73.95389,40.8012],[-73.95385,40.80125]]}},{"type":"Feature","properties":{"n":5,"s":22.9},"geometry":{"type":"LineString","coordinates":[[-73.95385,40.80125],[-73.9538,40.80131],[-73.95343,40.80183],[-73.95339,40.80188]]}},{"type":"Feature","properties":{"n":5,"s":22.9},"geometry":{"type":"LineString","coordinates":[[-73.95339,40.80188],[-73.95335,40.80194],[-73.95331,40.802],[-73.95319,40.80216],[-73.95298,40.80246],[-73.95294,40.80251]]}},{"type":"Feature","properties":{"n":5,"s":22.9},"geometry":{"type":"LineString","coordinates":[[-73.95294,40.80251],[-73.9529,40.80257],[-73.95284,40.80265],[-73.9527,40.80283],[-73.95269,40.80286]]}},{"type":"Feature","properties":{"n":3,"s":22.4},"geometry":{"type":"LineString","coordinates":[[-73.94988,40.78043],[-73.94992,40.78039],[-73.95029,40.77987],[-73.95034,40.77981]]}},{"type":"Feature","properties":{"n":3,"s":15.9},"geometry":{"type":"LineString","coordinates":[[-73.98979,40.75723],[-73.98966,40.75718],[-73.98869,40.75677],[-73.98852,40.7567],[-73.98842,40.75666],[-73.98833,40.75662],[-73.98748,40.75626],[-73.98721,40.75615],[-73.98707,40.75609],[-73.98695,40.75604]]}},{"type":"Feature","properties":{"n":3,"s":49.2},"geometry":{"type":"LineString","coordinates":[[-73.86508,40.73119],[-73.86545,40.73138],[-73.86549,40.73141],[-73.86555,40.73148]]}},{"type":"Feature","properties":{"n":3,"s":49.2},"geometry":{"type":"LineString","coordinates":[[-73.86555,40.73148],[-73.86577,40.73157],[-73.86597,40.73166],[-73.86607,40.7317]]}},{"type":"Feature","properties":{"n":3,"s":49.2},"geometry":{"type":"LineString","coordinates":[[-73.86607,40.7317],[-73.86624,40.7318],[-73.86649,40.73194],[-73.86657,40.732],[-73.8668,40.73213],[-73.86707,40.73229]]}},{"type":"Feature","properties":{"n":3,"s":49.2},"geometry":{"type":"LineString","coordinates":[[-73.86707,40.73229],[-73.86731,40.73243],[-73.86763,40.7326],[-73.86774,40.73266],[-73.86776,40.73268],[-73.86779,40.73269]]}},{"type":"Feature","properties":{"n":3,"s":49.2},"geometry":{"type":"LineString","coordinates":[[-73.86779,40.73269],[-73.86809,40.73281],[-73.86834,40.73292],[-73.86845,40.73297],[-73.86861,40.73303],[-73.8689,40.73315],[-73.86911,40.73326],[-73.86926,40.73334]]}},{"type":"Feature","properties":{"n":3,"s":49.2},"geometry":{"type":"LineString","coordinates":[[-73.86926,40.73334],[-73.86947,40.73341],[-73.87004,40.73361],[-73.87014,40.73364]]}},{"type":"Feature","properties":{"n":3,"s":49.2},"geometry":{"type":"LineString","coordinates":[[-73.87014,40.73364],[-73.87037,40.73371]]}},{"type":"Feature","properties":{"n":3,"s":49.2},"geometry":{"type":"LineString","coordinates":[[-73.87037,40.73371],[-73.87051,40.73375],[-73.87084,40.73385],[-73.87092,40.73388],[-73.87132,40.734],[-73.87138,40.73402],[-73.87152,40.73406]]}},{"type":"Feature","properties":{"n":3,"s":49.2},"geometry":{"type":"LineString","coordinates":[[-73.87152,40.73406],[-73.8717,40.73417],[-73.87204,40.73428],[-73.87207,40.73429],[-73.87209,40.7343],[-73.87211,40.73436],[-73.87223,40.73467],[-73.87226,40.73474]]}},{"type":"Feature","properties":{"n":3,"s":49.2},"geometry":{"type":"LineString","coordinates":[[-73.87226,40.73474],[-73.8723,40.73482],[-73.87238,40.73502],[-73.87262,40.73567],[-73.87266,40.73574]]}},{"type":"Feature","properties":{"n":3,"s":49.2},"geometry":{"type":"LineString","coordinates":[[-73.87266,40.73574],[-73.87269,40.7358],[-73.87276,40.73598],[-73.87279,40.73606]]}},{"type":"Feature","properties":{"n":3,"s":49.2},"geometry":{"type":"LineString","coordinates":[[-73.87279,40.73606],[-73.8729,40.73608],[-73.87307,40.7361],[-73.87314,40.7361],[-73.87329,40.73613],[-73.87359,40.73619],[-73.87376,40.73623],[-73.87381,40.73625],[-73.87417,40.73644],[-73.87426,40.73649]]}},{"type":"Feature","properties":{"n":3,"s":49.2},"geometry":{"type":"LineString","coordinates":[[-73.87426,40.73649],[-73.87436,40.73655],[-73.87524,40.737]]}},{"type":"Feature","properties":{"n":3,"s":49.2},"geometry":{"type":"LineString","coordinates":[[-73.87524,40.737],[-73.8757,40.73724]]}},{"type":"Feature","properties":{"n":3,"s":49.2},"geometry":{"type":"LineString","coordinates":[[-73.8757,40.73724],[-73.87577,40.73727],[-73.87586,40.73732],[-73.87606,40.73742],[-73.87635,40.73754],[-73.87646,40.73758],[-73.87656,40.73762]]}},{"type":"Feature","properties":{"n":3,"s":49.2},"geometry":{"type":"LineString","coordinates":[[-73.87656,40.73762],[-73.87666,40.73767]]}},{"type":"Feature","properties":{"n":3,"s":49.2},"geometry":{"type":"LineString","coordinates":[[-73.87666,40.73767],[-73.87704,40.73787],[-73.87718,40.73796]]}},{"type":"Feature","properties":{"n":3,"s":49.2},"geometry":{"type":"LineString","coordinates":[[-73.87718,40.73796],[-73.87719,40.73802],[-73.8772,40.73807],[-73.87724,40.73818],[-73.87741,40.73855],[-73.87743,40.73861]]}},{"type":"Feature","properties":{"n":3,"s":49.2},"geometry":{"type":"LineString","coordinates":[[-73.87743,40.73861],[-73.87747,40.73867],[-73.87772,40.73911],[-73.87782,40.73928],[-73.87786,40.73934],[-73.87792,40.73941]]}},{"type":"Feature","properties":{"n":3,"s":49.2},"geometry":{"type":"LineString","coordinates":[[-73.87792,40.73941],[-73.87799,40.73947],[-73.8783,40.73976],[-73.87845,40.73989],[-73.87849,40.73994]]}},{"type":"Feature","properties":{"n":3,"s":49.2},"geometry":{"type":"LineString","coordinates":[[-73.87849,40.73994],[-73.87856,40.74001],[-73.87863,40.74007]]}},{"type":"Feature","properties":{"n":3,"s":49.2},"geometry":{"type":"LineString","coordinates":[[-73.87863,40.74007],[-73.87871,40.74014],[-73.87912,40.74045]]}},{"type":"Feature","properties":{"n":3,"s":49.2},"geometry":{"type":"LineString","coordinates":[[-73.87912,40.74045],[-73.87933,40.74061]]}},{"type":"Feature","properties":{"n":3,"s":49.2},"geometry":{"type":"LineString","coordinates":[[-73.87933,40.74061],[-73.87938,40.74065],[-73.87992,40.74103],[-73.87998,40.74108]]}},{"type":"Feature","properties":{"n":3,"s":49.2},"geometry":{"type":"LineString","coordinates":[[-73.87998,40.74108],[-73.88019,40.74124],[-73.88028,40.7413]]}},{"type":"Feature","properties":{"n":3,"s":49.2},"geometry":{"type":"LineString","coordinates":[[-73.88028,40.7413],[-73.88035,40.74136],[-73.88046,40.74144],[-73.88066,40.74159],[-73.88072,40.74163],[-73.88081,40.7417],[-73.88096,40.74181],[-73.88104,40.74187]]}},{"type":"Feature","properties":{"n":3,"s":49.2},"geometry":{"type":"LineString","coordinates":[[-73.88104,40.74187],[-73.88113,40.74194],[-73.88187,40.74238]]}},{"type":"Feature","properties":{"n":3,"s":49.2},"geometry":{"type":"LineString","coordinates":[[-73.88187,40.74238],[-73.88217,40.74256],[-73.88222,40.74259],[-73.88255,40.74276],[-73.88263,40.74279]]}},{"type":"Feature","properties":{"n":3,"s":49.2},"geometry":{"type":"LineString","coordinates":[[-73.88263,40.74279],[-73.88274,40.74285],[-73.88284,40.7429]]}},{"type":"Feature","properties":{"n":3,"s":49.2},"geometry":{"type":"LineString","coordinates":[[-73.88284,40.7429],[-73.88354,40.74324],[-73.88385,40.7434],[-73.88391,40.74343]]}},{"type":"Feature","properties":{"n":3,"s":49.2},"geometry":{"type":"LineString","coordinates":[[-73.88391,40.74343],[-73.88399,40.74347],[-73.88436,40.74365]]}},{"type":"Feature","properties":{"n":3,"s":49.2},"geometry":{"type":"LineString","coordinates":[[-73.88436,40.74365],[-73.88471,40.74382]]}},{"type":"Feature","properties":{"n":3,"s":49.2},"geometry":{"type":"LineString","coordinates":[[-73.88471,40.74382],[-73.88499,40.74394],[-73.8851,40.74399]]}},{"type":"Feature","properties":{"n":3,"s":49.2},"geometry":{"type":"LineString","coordinates":[[-73.8851,40.74399],[-73.88522,40.74404],[-73.88573,40.74427]]}},{"type":"Feature","properties":{"n":3,"s":49.2},"geometry":{"type":"LineString","coordinates":[[-73.88573,40.74427],[-73.88594,40.7444],[-73.88598,40.74441],[-73.88613,40.74448],[-73.88621,40.74451],[-73.88639,40.74458],[-73.88647,40.7446],[-73.88661,40.74464]]}},{"type":"Feature","properties":{"n":3,"s":49.2},"geometry":{"type":"LineString","coordinates":[[-73.88661,40.74464],[-73.8867,40.74468],[-73.88716,40.74487],[-73.88722,40.74489],[-73.88734,40.74494]]}},{"type":"Feature","properties":{"n":3,"s":49.2},"geometry":{"type":"LineString","coordinates":[[-73.88734,40.74494],[-73.88741,40.74497],[-73.88774,40.74511],[-73.88823,40.74532],[-73.88834,40.74536]]}},{"type":"Feature","properties":{"n":3,"s":49.2},"geometry":{"type":"LineString","coordinates":[[-73.88834,40.74536],[-73.88843,40.7454],[-73.88846,40.74542],[-73.88869,40.74552]]}},{"type":"Feature","properties":{"n":3,"s":49.2},"geometry":{"type":"LineString","coordinates":[[-73.88869,40.74552],[-73.88924,40.74575],[-73.88933,40.74579]]}},{"type":"Feature","properties":{"n":3,"s":49.2},"geometry":{"type":"LineString","coordinates":[[-73.88933,40.74579],[-73.88943,40.74583],[-73.88989,40.74603],[-73.89018,40.74615],[-73.89024,40.74618],[-73.89037,40.74623]]}},{"type":"Feature","properties":{"n":3,"s":49.2},"geometry":{"type":"LineString","coordinates":[[-73.89037,40.74623],[-73.8905,40.74629],[-73.8908,40.74642],[-73.89087,40.74645],[-73.89094,40.74648],[-73.89109,40.74655],[-73.8914,40.74669]]}},{"type":"Feature","properties":{"n":3,"s":49.2},"geometry":{"type":"LineString","coordinates":[[-73.8914,40.74669],[-73.89154,40.74675],[-73.89156,40.74676],[-73.8917,40.74682]]}},{"type":"Feature","properties":{"n":3,"s":49.2},"geometry":{"type":"LineString","coordinates":[[-73.8917,40.74682],[-73.89186,40.74688],[-73.89191,40.7469],[-73.89211,40.74699],[-73.89221,40.74704],[-73.89227,40.74706],[-73.89237,40.7471],[-73.89242,40.74712],[-73.89255,40.74717]]}},{"type":"Feature","properties":{"n":3,"s":49.2},"geometry":{"type":"LineString","coordinates":[[-73.89255,40.74717],[-73.89328,40.74748],[-73.89329,40.74749],[-73.89369,40.74766],[-73.89379,40.7477]]}},{"type":"Feature","properties":{"n":3,"s":49.2},"geometry":{"type":"LineString","coordinates":[[-73.89379,40.7477],[-73.8939,40.74774],[-73.89402,40.74779],[-73.89414,40.74784],[-73.89432,40.74791],[-73.89512,40.74827],[-73.89536,40.74837]]}},{"type":"Feature","properties":{"n":3,"s":49.2},"geometry":{"type":"LineString","coordinates":[[-73.89536,40.74837],[-73.89555,40.74845],[-73.8957,40.74851]]}},{"type":"Feature","properties":{"n":3,"s":49.2},"geometry":{"type":"LineString","coordinates":[[-73.8957,40.74851],[-73.89602,40.74865]]}},{"type":"Feature","properties":{"n":3,"s":49.2},"geometry":{"type":"LineString","coordinates":[[-73.89602,40.74865],[-73.8961,40.74868]]}},{"type":"Feature","properties":{"n":3,"s":46.0},"geometry":{"type":"LineString","coordinates":[[-73.92459,40.79198],[-73.92419,40.79235],[-73.92384,40.79274],[-73.9237,40.79289],[-73.92355,40.79304],[-73.9234,40.79319],[-73.92323,40.79335],[-73.9231,40.79347],[-73.92294,40.79361],[-73.92277,40.79375]]}},{"type":"Feature","properties":{"n":3,"s":46.0},"geometry":{"type":"LineString","coordinates":[[-73.92277,40.79375],[-73.92152,40.79484],[-73.92133,40.795],[-73.92115,40.79517],[-73.92097,40.79534],[-73.9208,40.79551],[-73.92062,40.79568],[-73.92042,40.79585],[-73.92025,40.796],[-73.91984,40.79637],[-73.91977,40.79643],[-73.91971,40.7965],[-73.91966,40.79656],[-73.91962,40.79665],[-73.91959,40.79672],[-73.91957,40.79679],[-73.91956,40.79686],[-73.91956,40.79693],[-73.91957,40.79701],[-73.91958,40.79708],[-73.9196,40.79715],[-73.91963,40.79721],[-73.91967,40.79728],[-73.9197,40.79732],[-73.91974,40.79737],[-73.91979,40.79742],[-73.91985,40.79747],[-73.91992,40.79751],[-73.91999,40.79755]]}},{"type":"Feature","properties":{"n":3,"s":46.0},"geometry":{"type":"LineString","coordinates":[[-73.91999,40.79755],[-73.92007,40.79758],[-73.92014,40.7976],[-73.92023,40.79762],[-73.92031,40.79763],[-73.92041,40.79764],[-73.92051,40.79764],[-73.92064,40.79765],[-73.92078,40.79767],[-73.92093,40.79768],[-73.92106,40.79771],[-73.9212,40.79773],[-73.92134,40.79776],[-73.92147,40.7978],[-73.92161,40.79783],[-73.92187,40.79791],[-73.92206,40.79797],[-73.92221,40.79803],[-73.92236,40.79808],[-73.92251,40.79815],[-73.92266,40.79821],[-73.92332,40.7985]]}},{"type":"Feature","properties":{"n":3,"s":46.0},"geometry":{"type":"LineString","coordinates":[[-73.92332,40.7985],[-73.92374,40.79868],[-73.92387,40.79874],[-73.92463,40.79908],[-73.92489,40.79919],[-73.92514,40.7993],[-73.92541,40.7994],[-73.92567,40.7995],[-73.92592,40.7996],[-73.92616,40.79969],[-73.92644,40.79981],[-73.92679,40.79996],[-73.92766,40.80033],[-73.92864,40.80074],[-73.92919,40.80097]]}},{"type":"Feature","properties":{"n":3,"s":46.0},"geometry":{"type":"LineString","coordinates":[[-73.92919,40.80097],[-73.92934,40.80104],[-73.92947,40.80111],[-73.92956,40.80117]]}},{"type":"Feature","properties":{"n":3,"s":18.6},"geometry":{"type":"LineString","coordinates":[[-73.96372,40.77106],[-73.96363,40.77102],[-73.96232,40.77047],[-73.96221,40.77043]]}},{"type":"Feature","properties":{"n":3,"s":18.6},"geometry":{"type":"LineString","coordinates":[[-73.96221,40.77043],[-73.96211,40.77038],[-73.96116,40.76998],[-73.96075,40.76981],[-73.9606,40.76975]]}},{"type":"Feature","properties":{"n":3,"s":16.7},"geometry":{"type":"LineString","coordinates":[[-73.9648,40.75999],[-73.96466,40.75993]]}},{"type":"Feature","properties":{"n":3,"s":16.7},"geometry":{"type":"LineString","coordinates":[[-73.96466,40.75993],[-73.9645,40.75989],[-73.96411,40.75973],[-73.96409,40.75972],[-73.96407,40.75972],[-73.96406,40.75972],[-73.96404,40.75972],[-73.96403,40.75973],[-73.96401,40.75974],[-73.96395,40.75982],[-73.96375,40.76001]]}},{"type":"Feature","properties":{"n":3,"s":16.7},"geometry":{"type":"LineString","coordinates":[[-73.96375,40.76001],[-73.96364,40.76019],[-73.96349,40.76041],[-73.96347,40.76043],[-73.96346,40.76045],[-73.96343,40.76046],[-73.96341,40.76048],[-73.96338,40.76049],[-73.96334,40.76049],[-73.96331,40.7605],[-73.96327,40.7605],[-73.96323,40.7605],[-73.9632,40.76049],[-73.96316,40.76048],[-73.96312,40.76047],[-73.96301,40.76042],[-73.96195,40.75996],[-73.96179,40.75989],[-73.96164,40.75983],[-73.96151,40.75978],[-73.96138,40.75974],[-73.96117,40.75968],[-73.96086,40.75958],[-73.96073,40.75953],[-73.96061,40.75948],[-73.94894,40.75442],[-73.94567,40.75298],[-73.94559,40.75294],[-73.94552,40.75291],[-73.94545,40.75287],[-73.94532,40.7528],[-73.94451,40.75235],[-73.94443,40.7523],[-73.94431,40.75225],[-73.94419,40.7522],[-73.94306,40.75171],[-73.94299,40.75168],[-73.94295,40.75166],[-73.94292,40.75163],[-73.9429,40.7516],[-73.94288,40.75158],[-73.94286,40.75154],[-73.94284,40.75149],[-73.94285,40.75145],[-73.94285,40.75142],[-73.94287,40.75138],[-73.94289,40.75135],[-73.94294,40.75129],[-73.9434,40.75081]]}},{"type":"Feature","properties":{"n":3,"s":16.7},"geometry":{"type":"LineString","coordinates":[[-73.9434,40.75081],[-73.94348,40.75077],[-73.94366,40.75056],[-73.94368,40.75054],[-73.94371,40.75052],[-73.94374,40.75051],[-73.94376,40.7505],[-73.94379,40.75049],[-73.94382,40.75049],[-73.94386,40.75049],[-73.9439,40.75049],[-73.94394,40.7505],[-73.94397,40.75051],[-73.94401,40.75052],[-73.94405,40.75054],[-73.94419,40.75061],[-73.94507,40.75105],[-73.94519,40.75111]]}},{"type":"Feature","properties":{"n":3,"s":19.0},"geometry":{"type":"LineString","coordinates":[[-73.95934,40.70518],[-73.95928,40.70513],[-73.95926,40.70512],[-73.95895,40.70484],[-73.95888,40.70477]]}},{"type":"Feature","properties":{"n":3,"s":19.0},"geometry":{"type":"LineString","coordinates":[[-73.95888,40.70477],[-73.95882,40.70471],[-73.95831,40.70426],[-73.95824,40.7042]]}},{"type":"Feature","properties":{"n":3,"s":19.0},"geometry":{"type":"LineString","coordinates":[[-73.95824,40.7042],[-73.95819,40.70415],[-73.95768,40.7037],[-73.95762,40.70364]]}},{"type":"Feature","properties":{"n":3,"s":19.0},"geometry":{"type":"LineString","coordinates":[[-73.95762,40.70364],[-73.95756,40.70359],[-73.95735,40.7034],[-73.95705,40.70313],[-73.95699,40.70307]]}},{"type":"Feature","properties":{"n":3,"s":19.0},"geometry":{"type":"LineString","coordinates":[[-73.95699,40.70307],[-73.95693,40.70302],[-73.95642,40.70257],[-73.95635,40.70251]]}},{"type":"Feature","properties":{"n":3,"s":19.0},"geometry":{"type":"LineString","coordinates":[[-73.95635,40.70251],[-73.9563,40.70246],[-73.95579,40.70201],[-73.95572,40.70195]]}},{"type":"Feature","properties":{"n":3,"s":19.0},"geometry":{"type":"LineString","coordinates":[[-73.95572,40.70195],[-73.95567,40.7019],[-73.95516,40.70144],[-73.95509,40.70138]]}},{"type":"Feature","properties":{"n":3,"s":19.0},"geometry":{"type":"LineString","coordinates":[[-73.95509,40.70138],[-73.95503,40.70133],[-73.95479,40.70111],[-73.95453,40.70088],[-73.95446,40.70082]]}},{"type":"Feature","properties":{"n":3,"s":19.0},"geometry":{"type":"LineString","coordinates":[[-73.95446,40.70082],[-73.9544,40.70076],[-73.95408,40.70047],[-73.95395,40.70028],[-73.95389,40.70021]]}},{"type":"Feature","properties":{"n":3,"s":19.0},"geometry":{"type":"LineString","coordinates":[[-73.95389,40.70021],[-73.95382,40.7001]]}},{"type":"Feature","properties":{"n":3,"s":19.0},"geometry":{"type":"LineString","coordinates":[[-73.95382,40.7001],[-73.95378,40.70004],[-73.95367,40.69988],[-73.95346,40.69958],[-73.95339,40.69948],[-73.95337,40.6994]]}},{"type":"Feature","properties":{"n":3,"s":19.0},"geometry":{"type":"LineString","coordinates":[[-73.95337,40.6994],[-73.95335,40.69932],[-73.95294,40.6973],[-73.95292,40.6972]]}},{"type":"Feature","properties":{"n":3,"s":19.0},"geometry":{"type":"LineString","coordinates":[[-73.95292,40.6972],[-73.95291,40.69713],[-73.95286,40.6969],[-73.95277,40.69641],[-73.95277,40.6964],[-73.95276,40.69635],[-73.95261,40.6956],[-73.95251,40.69509],[-73.95249,40.69501]]}},{"type":"Feature","properties":{"n":3,"s":19.0},"geometry":{"type":"LineString","coordinates":[[-73.95249,40.69501],[-73.95247,40.69493],[-73.95242,40.69464],[-73.95234,40.69426]]}},{"type":"Feature","properties":{"n":3,"s":19.0},"geometry":{"type":"LineString","coordinates":[[-73.95234,40.69426],[-73.9522,40.69355],[-73.95219,40.69346]]}},{"type":"Feature","properties":{"n":3,"s":19.0},"geometry":{"type":"LineString","coordinates":[[-73.95219,40.69346],[-73.95217,40.6934],[-73.95213,40.69321],[-73.95205,40.69279]]}},{"type":"Feature","properties":{"n":3,"s":19.0},"geometry":{"type":"LineString","coordinates":[[-73.95205,40.69279],[-73.95195,40.69229],[-73.95192,40.69213],[-73.9519,40.69206]]}},{"type":"Feature","properties":{"n":3,"s":19.0},"geometry":{"type":"LineString","coordinates":[[-73.9519,40.69206],[-73.95189,40.692],[-73.95179,40.69149],[-73.95177,40.69141],[-73.95176,40.69133]]}},{"type":"Feature","properties":{"n":3,"s":19.0},"geometry":{"type":"LineString","coordinates":[[-73.95176,40.69133],[-73.95174,40.69126],[-73.95163,40.69067],[-73.95161,40.6906]]}},{"type":"Feature","properties":{"n":3,"s":19.0},"geometry":{"type":"LineString","coordinates":[[-73.95161,40.6906],[-73.9516,40.69054],[-73.95148,40.68993],[-73.95146,40.68986]]}},{"type":"Feature","properties":{"n":3,"s":19.0},"geometry":{"type":"LineString","coordinates":[[-73.95146,40.68986],[-73.95145,40.68979],[-73.9514,40.68956],[-73.95133,40.68921],[-73.95132,40.68913]]}},{"type":"Feature","properties":{"n":3,"s":19.0},"geometry":{"type":"LineString","coordinates":[[-73.95132,40.68913],[-73.95131,40.68907],[-73.95119,40.68847],[-73.95117,40.6884]]}},{"type":"Feature","properties":{"n":3,"s":19.0},"geometry":{"type":"LineString","coordinates":[[-73.95117,40.6884],[-73.95116,40.68834],[-73.95111,40.68806],[-73.95109,40.68798],[-73.95104,40.68774],[-73.95103,40.68767]]}},{"type":"Feature","properties":{"n":3,"s":19.0},"geometry":{"type":"LineString","coordinates":[[-73.95103,40.68767],[-73.95102,40.6876],[-73.9509,40.68701],[-73.95088,40.68693]]}},{"type":"Feature","properties":{"n":3,"s":19.0},"geometry":{"type":"LineString","coordinates":[[-73.95088,40.68693],[-73.95087,40.68687],[-73.95075,40.68628],[-73.95074,40.6862]]}},{"type":"Feature","properties":{"n":3,"s":19.0},"geometry":{"type":"LineString","coordinates":[[-73.95074,40.6862],[-73.95072,40.68614],[-73.95068,40.68589],[-73.95062,40.68562],[-73.95061,40.68554],[-73.95059,40.68547]]}},{"type":"Feature","properties":{"n":3,"s":19.0},"geometry":{"type":"LineString","coordinates":[[-73.95059,40.68547],[-73.95058,40.68541],[-73.95046,40.6848],[-73.95045,40.68474]]}},{"type":"Feature","properties":{"n":3,"s":19.0},"geometry":{"type":"LineString","coordinates":[[-73.95045,40.68474],[-73.95043,40.68467],[-73.95031,40.68408],[-73.9503,40.684]]}},{"type":"Feature","properties":{"n":3,"s":19.0},"geometry":{"type":"LineString","coordinates":[[-73.9503,40.684],[-73.95029,40.68394],[-73.95024,40.68369],[-73.95017,40.68335],[-73.95015,40.68327]]}},{"type":"Feature","properties":{"n":3,"s":19.0},"geometry":{"type":"LineString","coordinates":[[-73.95015,40.68327],[-73.95014,40.68321],[-73.95002,40.68261],[-73.95001,40.68254]]}},{"type":"Feature","properties":{"n":3,"s":24.7},"geometry":{"type":"LineString","coordinates":[[-73.99098,40.69983],[-73.99109,40.69986]]}},{"type":"Feature","properties":{"n":3,"s":24.7},"geometry":{"type":"LineString","coordinates":[[-73.99109,40.69986],[-73.99118,40.6999],[-73.99167,40.70003],[-73.99176,40.70005]]}},{"type":"Feature","properties":{"n":3,"s":14.6},"geometry":{"type":"LineString","coordinates":[[-73.98642,40.75582],[-73.98651,40.75585],[-73.98683,40.75599],[-73.98695,40.75604]]}},{"type":"Feature","properties":{"n":3,"s":35.5},"geometry":{"type":"LineString","coordinates":[[-73.93669,40.82477],[-73.93664,40.82483],[-73.93663,40.82485],[-73.93658,40.82491],[-73.93641,40.82516],[-73.93627,40.82535],[-73.93624,40.8254]]}},{"type":"Feature","properties":{"n":3,"s":35.5},"geometry":{"type":"LineString","coordinates":[[-73.93624,40.8254],[-73.9362,40.82545],[-73.93611,40.82557]]}},{"type":"Feature","properties":{"n":3,"s":35.5},"geometry":{"type":"LineString","coordinates":[[-73.93611,40.82557],[-73.93598,40.8257],[-73.93584,40.82589],[-73.93581,40.82593],[-73.93574,40.82601]]}},{"type":"Feature","properties":{"n":3,"s":35.5},"geometry":{"type":"LineString","coordinates":[[-73.93574,40.82601],[-73.93548,40.82635],[-73.93531,40.82658],[-73.93527,40.82663]]}},{"type":"Feature","properties":{"n":3,"s":35.5},"geometry":{"type":"LineString","coordinates":[[-73.93527,40.82663],[-73.93523,40.82669],[-73.93523,40.8267],[-73.9352,40.82674],[-73.93517,40.8268],[-73.93515,40.82684],[-73.93514,40.82689],[-73.93513,40.82694],[-73.93515,40.82703],[-73.93518,40.82717],[-73.93521,40.82729],[-73.93521,40.82736],[-73.93521,40.82743],[-73.93521,40.82749],[-73.93519,40.82756],[-73.93517,40.82761],[-73.93514,40.82767],[-73.93512,40.82771],[-73.93509,40.82775],[-73.93506,40.82779]]}},{"type":"Feature","properties":{"n":3,"s":35.5},"geometry":{"type":"LineString","coordinates":[[-73.93506,40.82779],[-73.93499,40.82785],[-73.93495,40.82789],[-73.93488,40.82793],[-73.93481,40.82797],[-73.93474,40.82799],[-73.93458,40.82805]]}},{"type":"Feature","properties":{"n":3,"s":35.5},"geometry":{"type":"LineString","coordinates":[[-73.93458,40.82805],[-73.93452,40.82805],[-73.93309,40.82816],[-73.93262,40.8282],[-73.93146,40.82829]]}},{"type":"Feature","properties":{"n":3,"s":35.5},"geometry":{"type":"LineString","coordinates":[[-73.93146,40.82829],[-73.93139,40.8283],[-73.93116,40.82833]]}},{"type":"Feature","properties":{"n":3,"s":35.5},"geometry":{"type":"LineString","coordinates":[[-73.93116,40.82833],[-73.93099,40.82836],[-73.93075,40.8284],[-73.93062,40.82843],[-73.93051,40.82845],[-73.93039,40.82848],[-73.93025,40.82852],[-73.93012,40.82857],[-73.92999,40.82861],[-73.92985,40.82866],[-73.92973,40.8287],[-73.92962,40.82875],[-73.92951,40.82879],[-73.92943,40.82883],[-73.92936,40.82886],[-73.92926,40.82891],[-73.92903,40.82903],[-73.92889,40.82911]]}},{"type":"Feature","properties":{"n":3,"s":35.5},"geometry":{"type":"LineString","coordinates":[[-73.92889,40.82911],[-73.92885,40.82913],[-73.9287,40.82922],[-73.92868,40.82924],[-73.92864,40.82926]]}},{"type":"Feature","properties":{"n":3,"s":35.5},"geometry":{"type":"LineString","coordinates":[[-73.92864,40.82926],[-73.92853,40.82934],[-73.92847,40.82938],[-73.92845,40.8294],[-73.92836,40.82946],[-73.92823,40.82957],[-73.92811,40.82967],[-73.92798,40.82979],[-73.92787,40.82989],[-73.92778,40.82999],[-73.92763,40.83014],[-73.92756,40.83022]]}},{"type":"Feature","properties":{"n":3,"s":35.5},"geometry":{"type":"LineString","coordinates":[[-73.92756,40.83022],[-73.92736,40.83045],[-73.92723,40.83059]]}},{"type":"Feature","properties":{"n":3,"s":35.5},"geometry":{"type":"LineString","coordinates":[[-73.92723,40.83059],[-73.9272,40.83063],[-73.9268,40.83104],[-73.92667,40.83119],[-73.92648,40.83138],[-73.92643,40.83143]]}},{"type":"Feature","properties":{"n":3,"s":35.5},"geometry":{"type":"LineString","coordinates":[[-73.92643,40.83143],[-73.92637,40.8315],[-73.92587,40.83204],[-73.92586,40.83205],[-73.92544,40.83252],[-73.92541,40.83256],[-73.92537,40.83263]]}},{"type":"Feature","properties":{"n":3,"s":35.5},"geometry":{"type":"LineString","coordinates":[[-73.92537,40.83263],[-73.92534,40.83269],[-73.92503,40.83327],[-73.9248,40.83372],[-73.92439,40.83448],[-73.92415,40.83483],[-73.92398,40.83505]]}},{"type":"Feature","properties":{"n":3,"s":35.5},"geometry":{"type":"LineString","coordinates":[[-73.92398,40.83505],[-73.92347,40.83539],[-73.9234,40.83544]]}},{"type":"Feature","properties":{"n":3,"s":35.5},"geometry":{"type":"LineString","coordinates":[[-73.9234,40.83544],[-73.92332,40.83549],[-73.92267,40.83591]]}},{"type":"Feature","properties":{"n":3,"s":35.5},"geometry":{"type":"LineString","coordinates":[[-73.92267,40.83591],[-73.92252,40.83601],[-73.92246,40.83605],[-73.92233,40.83613]]}},{"type":"Feature","properties":{"n":3,"s":13.6},"geometry":{"type":"LineString","coordinates":[[-73.98646,40.75671],[-73.98657,40.75675],[-73.98838,40.75752],[-73.98917,40.75786],[-73.9893,40.75791]]}},{"type":"Feature","properties":{"n":3,"s":21.7},"geometry":{"type":"LineString","coordinates":[[-73.97806,40.68488],[-73.9781,40.68484],[-73.97813,40.6848],[-73.97815,40.68477],[-73.97832,40.68452],[-73.97839,40.68443]]}},{"type":"Feature","properties":{"n":3,"s":21.7},"geometry":{"type":"LineString","coordinates":[[-73.97839,40.68443],[-73.97847,40.68433],[-73.97868,40.684],[-73.97878,40.68385],[-73.9788,40.68379]]}},{"type":"Feature","properties":{"n":3,"s":21.7},"geometry":{"type":"LineString","coordinates":[[-73.9788,40.68379],[-73.97884,40.68373],[-73.97916,40.68324],[-73.97919,40.68321],[-73.97923,40.68314]]}},{"type":"Feature","properties":{"n":3,"s":21.7},"geometry":{"type":"LineString","coordinates":[[-73.97923,40.68314],[-73.97927,40.68309],[-73.97963,40.68258],[-73.97967,40.68252]]}},{"type":"Feature","properties":{"n":3,"s":21.7},"geometry":{"type":"LineString","coordinates":[[-73.97967,40.68252],[-73.97971,40.68246],[-73.97998,40.68206],[-73.98006,40.68194],[-73.98009,40.68188]]}},{"type":"Feature","properties":{"n":3,"s":21.7},"geometry":{"type":"LineString","coordinates":[[-73.98009,40.68188],[-73.98013,40.68182],[-73.98039,40.68144],[-73.98049,40.68131],[-73.98052,40.68125]]}},{"type":"Feature","properties":{"n":3,"s":21.7},"geometry":{"type":"LineString","coordinates":[[-73.98052,40.68125],[-73.98056,40.68119],[-73.98072,40.68096],[-73.98084,40.68079],[-73.98092,40.68067],[-73.98096,40.68061]]}},{"type":"Feature","properties":{"n":3,"s":21.7},"geometry":{"type":"LineString","coordinates":[[-73.98096,40.68061],[-73.981,40.68055],[-73.98135,40.68003],[-73.98138,40.67998]]}},{"type":"Feature","properties":{"n":3,"s":21.7},"geometry":{"type":"LineString","coordinates":[[-73.98138,40.67998],[-73.98143,40.67992],[-73.9817,40.67951],[-73.98178,40.6794],[-73.98182,40.67935]]}},{"type":"Feature","properties":{"n":3,"s":21.7},"geometry":{"type":"LineString","coordinates":[[-73.98182,40.67935],[-73.98186,40.67928],[-73.9822,40.67877],[-73.98224,40.67871]]}},{"type":"Feature","properties":{"n":3,"s":21.7},"geometry":{"type":"LineString","coordinates":[[-73.98224,40.67871],[-73.98228,40.67866],[-73.98254,40.67828],[-73.98263,40.67814],[-73.98268,40.67808]]}},{"type":"Feature","properties":{"n":3,"s":21.7},"geometry":{"type":"LineString","coordinates":[[-73.98268,40.67808],[-73.98272,40.67802],[-73.98299,40.67762],[-73.98306,40.67751],[-73.98311,40.67744]]}},{"type":"Feature","properties":{"n":3,"s":21.7},"geometry":{"type":"LineString","coordinates":[[-73.98311,40.67744],[-73.98315,40.67738],[-73.9835,40.67687],[-73.98354,40.67681]]}},{"type":"Feature","properties":{"n":3,"s":21.7},"geometry":{"type":"LineString","coordinates":[[-73.98354,40.67681],[-73.98358,40.67675],[-73.98381,40.67641],[-73.98393,40.67624],[-73.98397,40.67618]]}},{"type":"Feature","properties":{"n":3,"s":21.7},"geometry":{"type":"LineString","coordinates":[[-73.98397,40.67618],[-73.98402,40.67612],[-73.98423,40.67586],[-73.98427,40.6758]]}},{"type":"Feature","properties":{"n":3,"s":21.7},"geometry":{"type":"LineString","coordinates":[[-73.98427,40.6758],[-73.98431,40.67575],[-73.98458,40.67543],[-73.98464,40.67536],[-73.98472,40.67527],[-73.98477,40.67521]]}},{"type":"Feature","properties":{"n":3,"s":21.7},"geometry":{"type":"LineString","coordinates":[[-73.98477,40.67521],[-73.98482,40.67515],[-73.98522,40.67467],[-73.98527,40.6746]]}},{"type":"Feature","properties":{"n":3,"s":21.7},"geometry":{"type":"LineString","coordinates":[[-73.98527,40.6746],[-73.98531,40.67455],[-73.98572,40.67406],[-73.98577,40.674]]}},{"type":"Feature","properties":{"n":3,"s":21.7},"geometry":{"type":"LineString","coordinates":[[-73.98577,40.674],[-73.98582,40.67394],[-73.9861,40.6736],[-73.98621,40.67346],[-73.9864,40.67324],[-73.98647,40.67315],[-73.98658,40.67302],[-73.98677,40.67279]]}},{"type":"Feature","properties":{"n":3,"s":21.7},"geometry":{"type":"LineString","coordinates":[[-73.98677,40.67279],[-73.98709,40.67241],[-73.98722,40.67225],[-73.98727,40.67219]]}},{"type":"Feature","properties":{"n":3,"s":21.7},"geometry":{"type":"LineString","coordinates":[[-73.98727,40.67219],[-73.98732,40.67214],[-73.98765,40.67175],[-73.98774,40.67165],[-73.98779,40.67159]]}}]}